time,close,shift,stop,structure,event,osc,score,combo,call
2019-01-01,3808.11783167738,-1,4028.9361500610758,-1,,-0.028468539232443635,-3,-1,-1
2019-01-02,3898.1974880187,-1,4028.9361500610758,-1,,0.3716697409606904,-1,0,0
2019-01-03,3784.38863471654,-1,4028.9361500610758,-1,,0.15292920472047677,-1,0,0
2019-01-04,3827.52459438925,-1,4028.9361500610758,-1,,0.1994397282642483,-1,0,0
2019-01-05,3798.61395499708,-1,4028.9361500610758,-1,,0.10851242877904743,-1,0,0
2019-01-06,4045.99377498539,1,3670.625430527626,-1,,0.932830276100503,1,1,0
2019-01-07,4001.01827819988,1,3670.625430527626,-1,,1.137993688081559,1,1,0
2019-01-08,3992.6227893045,1,3673.91239949301,-1,,1.1898356088963145,1,1,0
2019-01-09,4004.25903565167,1,3713.9288109171775,-1,,1.2472323922855413,1,1,0
2019-01-10,3627.90345002922,-1,4002.107327976998,-1,,-0.22335848207673537,-3,-1,-1
2019-01-11,3624.16142109877,-1,3962.0675199309053,-1,,-0.95342949158485,-3,-1,-1
2019-01-12,3617.02207831677,-1,3923.279370100292,-1,,-1.3264841010883661,-3,-1,-1
2019-01-13,3508.6701081239,-1,3816.80726178693,-1,BOS-,-1.884763092030418,-3,-1,-1
2019-01-14,3666.94519374635,-1,3816.80726178693,-1,,-1.384294268861601,-3,-1,-1
2019-01-15,3581.29301548802,-1,3816.80726178693,-1,,-1.4506004967405115,-3,-1,-1
2019-01-16,3606.98657568673,-1,3816.80726178693,-1,,-1.343932098484217,-3,-1,-1
2019-01-17,3640.12913062536,-1,3816.80726178693,-1,,-1.1127993494128514,-3,-1,-1
2019-01-18,3609.42673611923,-1,3816.80726178693,-1,,-1.1247167889267606,-3,-1,-1
2019-01-19,3687.30196113384,-1,3816.80726178693,-1,,-0.7088625246865862,-3,-1,-1
2019-01-20,3538.31372296903,-1,3811.5909599836614,-1,,-1.174402535202143,-3,-1,-1
2019-01-21,3535.623393045,-1,3782.380005335377,-1,,-1.4017072166920888,-3,-1,-1
2019-01-22,3577.30834979544,-1,3782.380005335377,-1,,-1.2546517910202253,-3,-1,-1
2019-01-23,3551.89382115722,-1,3770.6459740265104,-1,,-1.2966983829690264,-3,-1,-1
2019-01-24,3567.58893366452,-1,3769.1744049990716,-1,,-1.203146848013402,-3,-1,-1
2019-01-25,3561.35049795441,-1,3744.6489528685393,-1,,-1.1801995432403716,-3,-1,-1
2019-01-26,3557.03991525424,-1,3723.3016994870077,-1,,-1.1827546980104109,-3,-1,-1
2019-01-27,3537.61413062536,-1,3693.0774718235148,-1,,-1.295579431049977,-3,-1,-1
2019-01-28,3435.05251402689,-1,3605.7380060847704,-1,BOS-,-1.9536937573093027,-3,-1,-1
2019-01-29,3395.82376329632,-1,3561.209331367583,-1,,-2.473177212348796,-3,-1,-1
2019-01-30,3437.89586616014,-1,3561.209331367583,-1,,-2.332475833774007,-3,-1,-1
2019-01-31,3410.13161601403,-1,3561.209331367583,-1,,-2.410642940473245,-3,-1,-1
2019-02-01,3445.04989129164,-1,3561.209331367583,-1,,-2.1047311913898468,-3,-1,-1
2019-02-02,3461.93511747516,-1,3561.209331367583,-1,,-1.7776401221513658,-3,-1,-1
2019-02-03,3413.02161630625,-1,3552.751436222973,-1,,-1.9532101060116194,-3,-1,-1
2019-02-04,3411.38796171829,-1,3537.634896019729,-1,,-2.030634417984431,-3,-1,-1
2019-02-05,3426.46501139684,-1,3537.634896019729,-1,,-1.8855250957627356,-3,-1,-1
2019-02-06,3367.50636499123,-1,3491.5247791102865,-1,BOS-,-2.2594521295870655,-3,-1,-1
2019-02-07,3358.87359906487,-1,3473.080001549929,-1,,-2.4853773908133183,-3,-1,-1
2019-02-08,3612.47961922852,1,3433.612050942872,1,CHoCH+,-0.31383688060644477,1,0,0
2019-02-09,3621.26812098188,1,3457.650758998789,1,,0.8115112725484916,3,1,1
2019-02-10,3642.0223591467,1,3488.540461912472,1,,1.4990151709729105,3,1,1
2019-02-11,3590.6184836353,1,3488.540461912472,1,,1.323842145689046,3,1,1
2019-02-12,3587.90246580947,1,3488.540461912472,1,,1.198012428824219,3,1,1
2019-02-13,3576.08537258913,1,3488.540461912472,1,,1.003904995590907,3,1,1
2019-02-14,3561.91638340152,1,3488.540461912472,1,,0.7497059768896339,3,1,1
2019-02-15,3565.00692372881,1,3488.540461912472,1,,0.6488638001915845,3,1,1
2019-02-16,3584.73600263004,1,3488.540461912472,1,,0.800683311730591,3,1,1
2019-02-17,3622.7574289889,1,3517.76194391975,1,,1.256624077716678,3,1,1
2019-02-18,3866.12921712449,1,3698.621744121578,1,BOS+,3.196792399313877,3,1,1
2019-02-19,3895.43521098773,1,3735.886687126137,1,,4.263191032784244,3,1,1
2019-02-20,3931.61382904734,1,3777.1665721540235,1,,4.925671738528431,3,1,1
2019-02-21,3892.26179427236,1,3777.1665721540235,1,,4.701321350968104,3,1,1
2019-02-22,3948.30051052016,1,3795.761568172989,1,,4.8646356958244095,3,1,1
2019-02-23,4110.15112127411,1,3924.310889935471,1,,5.649847933709215,3,1,1
2019-02-24,3754.18378988895,-1,4028.230197509273,1,,2.981833515659025,1,0,0
2019-02-25,3822.01869666861,-1,4028.230197509273,1,,2.021172641267696,1,0,0
2019-02-26,3796.17506838106,-1,4028.230197509273,1,,1.3626070287981191,1,0,0
2019-02-27,3799.3819924021,-1,4023.585562748723,1,,1.0454052814847454,1,0,0
2019-02-28,3792.94772296902,-1,3996.661217110905,1,,0.8325320407645391,1,0,0
2019-03-01,3810.63269257744,-1,3996.661217110905,1,,0.8415730151882268,1,0,0
2019-03-02,3809.64339099942,-1,3979.723053522026,1,,0.8289599228140812,1,0,0
2019-03-03,3782.38187025132,-1,3943.6320227460956,1,,0.5794542297622007,1,0,0
2019-03-04,3698.16185505552,-1,3868.552996859558,-1,CHoCH-,-0.22397237839632733,-3,-1,-1
2019-03-05,3840.1280490941,-1,3868.552996859558,-1,,0.4709743669611553,-1,0,0
2019-03-06,3851.99842548218,-1,3868.552996859558,-1,,0.887550260805486,-1,0,0
2019-03-07,3855.92316832262,-1,3868.552996859558,-1,,1.1106377657015887,-1,0,0
2019-03-08,3839.23355289304,-1,3868.552996859558,-1,,1.0519155577687116,-1,0,0
2019-03-09,3910.36116656926,1,3752.4094511776275,-1,,1.5572254587036087,1,1,0
2019-03-10,3903.9119509059,1,3759.8206423544225,-1,,1.7220731282146238,1,1,0
2019-03-11,3851.56892168323,1,3759.8206423544225,-1,,1.2546471308451317,1,1,0
2019-03-12,3858.91482378726,1,3759.8206423544225,-1,,1.0776827798073705,1,1,0
2019-03-13,3851.95746639392,1,3759.8206423544225,-1,,0.9051125620645324,1,1,0
2019-03-14,3853.78326504968,1,3759.8206423544225,-1,,0.82970171964114,1,1,0
2019-03-15,3901.91420689655,1,3788.2976168402406,-1,,1.2675877776734303,1,1,0
2019-03-16,3989.79607685564,1,3861.1765848172345,1,CHoCH+,2.225488923957503,3,1,1
2019-03-17,3967.14349444769,1,3861.1765848172345,1,,2.381035395016582,3,1,1
2019-03-18,3969.44014582116,1,3861.1765848172345,1,,2.452592642413041,3,1,1
2019-03-19,3996.16790356517,1,3888.2612931500007,1,,2.7056028539216737,3,1,1
2019-03-20,4030.65527586207,1,3923.1931147993478,1,,3.1055716017249857,3,1,1
2019-03-21,3976.27385008767,1,3923.1931147993478,1,,2.4997321159345502,3,1,1
2019-03-22,3983.88764582116,1,3923.1931147993478,1,,2.2538655901835414,3,1,1
2019-03-23,3981.77603302163,1,3923.1931147993478,1,,2.0789549024693788,3,1,1
2019-03-24,3970.6669880187,1,3923.1931147993478,1,,1.801640854146917,3,1,1
2019-03-25,3908.23883869082,-1,4006.304212198277,1,,0.7688169408856936,1,0,0
2019-03-26,3917.76340210403,-1,4006.304212198277,1,,0.38432144778754523,1,0,0
2019-03-27,4027.00791788428,1,3912.2299784875977,1,,1.4472051468677947,3,1,1
2019-03-28,4010.93746201052,1,3912.2299784875977,1,,1.7222766450642024,3,1,1
2019-03-29,4089.46104003507,1,3968.5948126304775,1,BOS+,2.579485268727444,3,1,1
2019-03-30,4091.89103834015,1,3982.3824341844925,1,,2.9933960215988242,3,1,1
2019-03-31,4094.31781472823,1,3995.0320380717144,1,,3.1875364434276303,3,1,1
2019-04-01,4138.41780771479,1,4035.830610827958,1,,3.6597636747178863,3,1,1
2019-04-02,4903.71946206897,1,4581.800488564567,1,,6.54290615319996,3,1,1
2019-04-03,4960.22760274693,1,4653.548084389579,1,,7.967771307978589,3,1,1
2019-04-04,4911.26970245471,1,4653.548084389579,1,,8.12149494004521,3,1,1
2019-04-05,5033.22548369375,1,4735.009706373685,1,,8.345666361751297,3,1,1
2019-04-06,5044.35684593805,1,4772.623237676701,1,,8.389223208765557,3,1,1
2019-04-07,5189.11195558153,1,4901.125175253273,1,,8.59360599629695,3,1,1
2019-04-08,5283.42302483928,1,4995.941601766523,1,,8.7647710908977,3,1,1
2019-04-09,5195.57790882525,1,4995.941601766523,1,,7.97375082678412,3,1,1
2019-04-10,5311.74160327294,1,5020.314360925911,1,,7.7707456427146795,3,1,1
2019-04-11,5050.66600859147,1,5020.314360925911,1,,5.722800528482189,3,1,1
2019-04-12,5082.86143202805,1,5020.314360925911,1,,4.769997531753445,3,1,1
2019-04-13,5074.79069257744,1,5020.314360925911,1,,4.200483363514166,3,1,1
2019-04-14,5156.80404061952,1,5020.314360925911,1,,4.179882167127164,3,1,1
2019-04-15,5042.89773845704,1,5020.314360925911,1,,3.372283914319228,3,1,1
2019-04-16,5205.96295745178,1,5020.314360925911,1,,3.562332775832584,3,1,1
2019-04-17,5226.35221519579,1,5020.314360925911,1,,3.6908780134485992,3,1,1
2019-04-18,5278.5023395675,1,5020.314360925911,1,,3.9059186218388655,3,1,1
2019-04-19,5289.95121911163,1,5042.343815110858,1,,4.013413793333134,3,1,1
2019-04-20,5313.97326212741,1,5083.91998562198,1,BOS+,4.119409880514782,3,1,1
2019-04-21,5295.73382817066,1,5083.91998562198,1,,3.979305496926725,3,1,1
2019-04-22,5383.79997533606,1,5166.11233004872,1,,4.245831879690307,3,1,1
2019-04-23,5544.86271186441,1,5300.625010147299,1,,4.921792631747122,3,1,1
2019-04-24,5431.94791963764,1,5300.625010147299,1,,4.3194888584872135,3,1,1
2019-04-25,5127.67316738749,-1,5447.275125354623,1,,2.184187644229099,1,0,0
2019-04-26,5150.16466066628,-1,5444.553870820337,1,,1.2248333165226049,1,0,0
2019-04-27,5181.80776364699,-1,5444.553870820337,1,,0.9003640960339945,1,0,0
2019-04-28,5148.66961542957,-1,5405.609957924374,1,,0.5474099167854315,1,0,0
2019-04-29,5148.80049327878,-1,5380.086064878867,1,,0.36963391016551816,1,0,0
2019-04-30,5266.61820251315,-1,5380.086064878867,1,,0.9232378462103792,1,0,0
2019-05-01,5315.17532904734,-1,5380.086064878867,1,,1.4306772138853334,1,0,0
2019-05-02,5393.12937638808,1,5159.395852981212,1,,2.04391011560778,3,1,1
2019-05-03,5658.43038836938,1,5368.479913708808,1,BOS+,3.358110336257372,3,1,1
2019-05-04,5774.71242869667,1,5478.872389403969,1,,4.325081878404173,3,1,1
2019-05-05,5728.35170222092,1,5478.872389403969,1,,4.426921146708377,3,1,1
2019-05-06,5691.68837405026,1,5478.872389403969,1,,4.172178020236001,3,1,1
2019-05-07,5825.744893045,1,5548.695793562513,1,,4.474647585960314,3,1,1
2019-05-08,5931.8005949737,1,5650.639694860852,1,,4.908954933399185,3,1,1
2019-05-09,6150.14044476914,1,5831.593679728945,1,,5.651239700376712,3,1,1
2019-05-10,6357.46349357101,1,6008.574490394273,1,,6.397921374443973,3,1,1
2019-05-11,7325.08286031561,1,6720.796947433167,1,,7.864464434164625,3,1,1
2019-05-12,6942.62317451783,1,6720.796947433167,1,,6.883864068904157,3,1,1
2019-05-13,7798.90573600234,1,6949.285262956808,1,,7.244505156517379,3,1,1
2019-05-14,7955.5576823495,1,7143.903672704373,1,,7.475041154310881,3,1,1
2019-05-15,8215.2068383986,1,7406.823482903256,1,,7.718800961424173,3,1,1
2019-05-16,7862.07160233782,1,7406.823482903256,1,,6.6716876748014755,3,1,1
2019-05-17,7326.92068188194,-1,8237.602989706344,1,,4.746934371944083,1,0,0
2019-05-18,7277.98756341321,-1,8112.281575995793,1,,3.644277525364563,1,0,0
2019-05-19,8219.74278696669,1,7186.351608576322,1,,4.236087592510579,3,1,1
2019-05-20,7981.13937895967,1,7186.351608576322,1,,3.9691919866649865,3,1,1
2019-05-21,7983.80847738165,1,7186.351608576322,1,,3.800124384881442,3,1,1
2019-05-22,7667.90211484512,1,7186.351608576322,1,,3.0049573286338824,3,1,1
2019-05-23,7897.4712936879,1,7186.351608576322,1,,2.9049421483667297,3,1,1
2019-05-24,7987.10036762127,1,7186.351608576322,1,,2.9497618425775163,3,1,1
2019-05-25,8061.59176072472,1,7298.190783090567,1,,3.0475204447437574,3,1,1
2019-05-26,8731.52495587376,1,7843.48411745831,1,BOS+,3.9043055608943638,3,1,1
2019-05-27,8816.78670835769,1,7991.971428038605,1,,4.376863692743755,3,1,1
2019-05-28,8719.12584833431,1,7991.971428038605,1,,4.317816960107447,3,1,1
2019-05-29,8655.48850613676,1,7991.971428038605,1,,4.080945872383718,3,1,1
2019-05-30,8271.62196317942,1,7991.971428038605,1,,3.005488761784649,3,1,1
2019-05-31,8556.222185564,1,7991.971428038605,1,,2.889319749819239,3,1,1
2019-06-01,8554.80732963179,1,7991.971428038605,1,,2.7987774559002734,3,1,1
2019-06-02,8744.35374547049,1,8065.8316188096,1,,3.023445397007989,3,1,1
2019-06-03,8173.40127054354,1,8065.8316188096,1,,1.8199991565119893,3,1,1
2019-06-04,7649.93933196961,-1,8510.738004367386,1,,0.2968545891048112,1,0,0
2019-06-05,7798.54446639392,-1,8510.738004367386,1,,-0.17137354845098485,-1,-1,0
2019-06-06,7776.71332612507,-1,8510.738004367386,1,,-0.4370885778977089,-1,-1,0
2019-06-07,8023.950093045,-1,8510.738004367386,1,,-0.08172792541510435,-1,-1,0
2019-06-08,7939.80515488019,-1,8510.738004367386,1,,-0.07326777567688997,-1,-1,0
2019-06-09,7634.06575073057,-1,8350.902666691194,1,,-0.6449254586297364,-1,-1,0
2019-06-10,7993.30253857393,-1,8350.902666691194,1,,-0.19899787753345427,-1,-1,0
2019-06-11,7922.48362711864,-1,8350.902666691194,1,,-0.1178040246835259,-1,-1,0
2019-06-12,8146.75612507306,-1,8350.902666691194,1,,0.3584445775362875,1,0,0
2019-06-13,8232.77734137931,-1,8350.902666691194,1,,0.7509917032859658,1,0,0
2019-06-14,8698.00481502046,1,7971.230924130434,1,,1.7340595314925948,3,1,1
2019-06-15,8850.58481601403,1,8150.714313914935,1,BOS+,2.430434867475237,3,1,1
2019-06-16,9019.51700672121,1,8338.95389761987,1,,2.9989702451902494,3,1,1
2019-06-17,9340.57218877849,1,8631.7488359701,1,,3.6928765485252404,3,1,1
2019-06-18,9047.13274447691,1,8631.7488359701,1,,3.2532750249160394,3,1,1
2019-06-19,9285.05567656341,1,8631.7488359701,1,,3.3560447611468147,3,1,1
2019-06-20,9546.71977819988,1,8815.943346882985,1,,3.7315970026446084,3,1,1
2019-06-21,10083.4863136762,1,9264.757564848098,1,,4.510364390266893,3,1,1
2019-06-22,10685.2952327878,1,9767.896683109027,1,,5.4088144056413405,3,1,1
2019-06-23,10794.4276963764,1,9936.029262588925,1,,5.884856565639587,3,1,1
2019-06-24,11004.2069094681,1,10168.714555131863,1,,6.236490902431481,3,1,1
2019-06-25,11726.2638308007,1,10757.703635498307,1,,6.878650166796408,3,1,1
2019-06-26,12863.4606849795,1,11650.597452953705,1,,7.722745132915812,3,1,1
2019-06-27,11109.7978418469,-1,12727.473603609895,1,,5.188631409246813,1,0,0
2019-06-28,12358.2079582116,-1,12727.473603609895,1,,4.766223170394154,1,0,0
2019-06-29,11944.3515473407,-1,12727.473603609895,1,,4.0175169032209235,1,0,0
2019-06-30,10842.6167109877,-1,12727.473603609895,1,,2.474410843845257,1,0,0
2019-07-01,10569.5517282291,-1,12383.89109645528,1,,1.44328821336028,1,0,0
2019-07-02,10766.0833162186,-1,12383.89109645528,1,,1.0935195423996604,1,0,0
2019-07-03,11952.0248935126,-1,12383.89109645528,1,,1.8234799102825439,1,0,0
2019-07-04,11177.0103787551,-1,12383.89109645528,1,,1.4254132078669177,1,0,0
2019-07-05,10998.3991004676,-1,12383.89109645528,1,,1.0546630690305587,1,0,0
2019-07-06,11208.225600526,-1,12383.89109645528,1,,1.0357372907081677,1,0,0
2019-07-07,11456.1836039158,-1,12383.89109645528,1,,1.22299370638521,1,0,0
2019-07-08,12319.6228758036,-1,12383.89109645528,1,,1.9659518763467116,1,0,0
2019-07-09,12579.107616014,1,10991.252052050271,1,,2.492902731349889,3,1,1
2019-07-10,12106.7829313267,1,10991.252052050271,1,,2.201044320503013,3,1,1
2019-07-11,11294.678028346,1,10991.252052050271,1,,1.2319903453312229,3,1,1
2019-07-12,11813.3237158971,1,10991.252052050271,1,,1.1833806949661527,3,1,1
2019-07-13,11346.837148159,1,10991.252052050271,1,,0.7057205486356322,3,1,1
2019-07-14,10283.0757891292,-1,12062.374314136167,-1,CHoCH-,-0.4126364996397027,-3,-1,-1
2019-07-15,10926.3802741087,-1,12062.374314136167,-1,,-0.3791140786509495,-3,-1,-1
2019-07-16,9471.14086475745,-1,11522.636703762933,-1,,-1.3803307284698212,-3,-1,-1
2019-07-17,9674.88246113384,-1,11522.636703762933,-1,,-1.673272690401462,-3,-1,-1
2019-07-18,10679.8906896552,-1,11522.636703762933,-1,,-0.9626720263257974,-3,-1,-1
2019-07-19,10532.2027291058,-1,11522.636703762933,-1,,-0.7154789838031099,-3,-1,-1
2019-07-20,10862.6485479252,-1,11522.636703762933,-1,,-0.31658987842693426,-3,-1,-1
2019-07-21,10589.7064907656,-1,11522.636703762933,-1,,-0.343401916510753,-3,-1,-1
2019-07-22,10318.5609251899,-1,11522.636703762933,-1,,-0.5772699289468903,-3,-1,-1
2019-07-23,9866.64894038574,-1,11434.835964406006,-1,,-1.0505475647414784,-3,-1,-1
2019-07-24,9792.78753652835,-1,11226.314279303808,-1,,-1.3310226668024354,-3,-1,-1
2019-07-25,9897.18678603156,-1,11218.680629380433,-1,,-1.3402713165105866,-3,-1,-1
2019-07-26,9836.69678813559,-1,11044.188246518368,-1,,-1.3869413173272114,-3,-1,-1
2019-07-27,9446.67205207481,-1,10650.421785437542,-1,BOS-,-1.7578566651132463,-3,-1,-1
2019-07-28,9529.78879193454,-1,10638.098573918918,-1,,-1.8137093035549547,-3,-1,-1
2019-07-29,9504.15891595558,-1,10509.32668253521,-1,,-1.848108385597767,-3,-1,-1
2019-07-30,9589.10920601987,-1,10509.32668253521,-1,,-1.723163144018289,-3,-1,-1
2019-07-31,10059.0040189947,-1,10509.32668253521,-1,,-0.993805220116668,-3,-1,-1
2019-08-01,10400.3070143776,-1,10509.32668253521,-1,,-0.1949804917169165,-3,-1,-1
2019-08-02,10529.6944544126,1,9606.472774005879,-1,,0.35833525352501905,1,1,0
2019-08-03,10810.4216686148,1,9895.30399198809,-1,,0.9693197237669421,1,1,0
2019-08-04,10986.5089291058,1,10110.076841994462,-1,,1.469395225477907,1,1,0
2019-08-05,11790.0239375804,1,10760.180556637815,-1,,2.5441604615790694,1,1,0
2019-08-06,11423.4970017534,1,10760.180556637815,-1,,2.4625795503183054,1,1,0
2019-08-07,11967.2735473407,1,10871.005172427725,-1,,2.9292052720986472,1,1,0
2019-08-08,11938.2346108708,1,10942.881392508156,-1,,3.0798999627020747,1,1,0
2019-08-09,11858.3410984804,1,10942.881392508156,-1,,2.9858654937084483,1,1,0
2019-08-10,11303.7305618936,1,10942.881392508156,-1,,2.0288672897590168,1,1,0
2019-08-11,11530.195242256,1,10942.881392508156,-1,,1.815709838945047,1,1,0
2019-08-12,11384.6962465809,1,10942.881392508156,-1,,1.4654790181744914,1,1,0
2019-08-13,10867.05475827,-1,11841.427737229904,-1,,0.5296264841076912,-1,0,0
2019-08-14,10024.3795917008,-1,11154.117822735474,-1,,-0.9185528300077666,-3,-1,-1
2019-08-15,10310.0858696669,-1,11154.117822735474,-1,,-1.203360394165872,-3,-1,-1
2019-08-16,10373.3219028054,-1,11154.117822735474,-1,,-1.2382205488132305,-3,-1,-1
2019-08-17,10207.1555616598,-1,11154.117822735474,-1,,-1.4454207103587713,-3,-1,-1
2019-08-18,10331.3099760374,-1,11154.117822735474,-1,,-1.3331199825367883,-3,-1,-1
2019-08-19,10884.6297744009,-1,11154.117822735474,-1,,-0.44770893606801443,-3,-1,-1
2019-08-20,10771.3923793688,-1,11154.117822735474,-1,,-0.17534238390108484,-3,-1,-1
2019-08-21,10096.8302238457,-1,11121.191945814027,-1,,-0.9323237586819486,-3,-1,-1
2019-08-22,10119.7145248393,-1,11048.505364908875,-1,,-1.2567228106437454,-3,-1,-1
2019-08-23,10414.1441725891,-1,11048.505364908875,-1,,-0.9348574061881849,-3,-1,-1
2019-08-24,10147.0871548802,-1,11048.505364908875,-1,,-1.1320921297889337,-3,-1,-1
2019-08-25,10100.3567783752,-1,10935.116212922025,-1,,-1.2807728398070137,-3,-1,-1
2019-08-26,10362.6434723553,-1,10935.116212922025,-1,,-0.8921096922134817,-3,-1,-1
2019-08-27,10168.221571654,-1,10935.116212922025,-1,,-0.9872990192170847,-3,-1,-1
2019-08-28,9724.79997808299,-1,10582.595663765444,-1,BOS-,-1.640982222848176,-3,-1,-1
2019-08-29,9482.31173495032,-1,10327.074325004329,-1,,-2.251229181417044,-3,-1,-1
2019-08-30,9577.67882349503,-1,10327.074325004329,-1,,-2.338065310188014,-3,-1,-1
2019-08-31,9605.02446142607,-1,10323.2349646562,-1,,-2.299929802547874,-3,-1,-1
2019-09-01,9762.93655689655,-1,10323.2349646562,-1,,-1.927093565518835,-3,-1,-1
2019-09-02,10377.3383845704,1,9568.63106287481,-1,,-0.6115664071713154,-1,0,0
2019-09-03,10618.7815058445,1,9818.511979936238,-1,,0.4120139630459526,1,1,0
2019-09-04,10577.2410839275,1,9844.536384034966,-1,,0.8284867699957514,1,1,0
2019-09-05,10580.1846995909,1,9919.867384988598,-1,,1.0286472636187858,1,1,0
2019-09-06,10330.8497312098,1,9919.867384988598,-1,,0.6059064448829266,1,1,0
2019-09-07,10494.5069649328,1,9919.867384988598,-1,,0.7013227147009269,1,1,0
2019-09-08,10407.2656573933,1,9919.867384988598,-1,,0.5551419601528856,1,1,0
2019-09-09,10332.4644424313,1,9919.867384988598,-1,,0.31538324826888176,1,1,0
2019-09-10,10085.9519243133,1,9919.867384988598,-1,,-0.3218990295208812,-1,0,0
2019-09-11,10142.1480603741,1,9919.867384988598,-1,,-0.4977116044061557,-1,0,0
2019-09-12,10403.3599707773,1,9919.867384988598,-1,,0.014744547862039603,1,1,0
2019-09-13,10345.3387469316,1,9919.867384988598,-1,,0.12795408106115058,1,1,0
2019-09-14,10363.4528963179,1,9919.867384988598,-1,,0.2253267675386286,1,1,0
2019-09-15,10306.1696674459,1,9919.867384988598,-1,,0.12020834409332916,1,1,0
2019-09-16,10257.822761543,1,9919.867384988598,-1,,-0.06332952220930793,-1,0,0
2019-09-17,10195.6111811806,1,9919.867384988598,-1,,-0.3252307361090916,-1,0,0
2019-09-18,10161.3188664524,1,9919.867384988598,-1,,-0.548205947172584,-1,0,0
2019-09-19,10268.3926291642,1,9919.867384988598,-1,,-0.30420457079508895,-1,0,0
2019-09-20,10170.1251161309,1,9919.867384988598,-1,,-0.48856066824053546,-1,0,0
2019-09-21,9986.4061081239,1,9919.867384988598,-1,BOS-,-1.1101524128637434,-1,0,0
2019-09-22,10047.0134748685,1,9919.867384988598,-1,,-1.1819866803694112,-1,0,0
2019-09-23,9692.74104792519,-1,10120.455225250986,-1,,-2.133900649376036,-3,-1,-1
2019-09-24,8613.67124850965,-1,9322.334947927528,-1,,-4.258747944589654,-3,-1,-1
2019-09-25,8424.15764640561,-1,9118.809056512913,-1,,-5.453375572381697,-3,-1,-1
2019-09-26,8091.69529924021,-1,8816.620272486402,-1,,-6.304589676492417,-3,-1,-1
2019-09-27,8186.77963927528,-1,8816.620272486402,-1,,-6.348663025076927,-3,-1,-1
2019-09-28,8201.97901344243,-1,8816.620272486402,-1,,-6.25315176071606,-3,-1,-1
2019-09-29,8064.50806236119,-1,8661.428978835687,-1,,-6.305780083814764,-3,-1,-1
2019-09-30,8282.3654541204,-1,8661.428978835687,-1,,-5.530590982049835,-3,-1,-1
2019-10-01,8314.55139012273,-1,8661.428978835687,-1,,-4.987192333026171,-3,-1,-1
2019-10-02,8362.53073232028,-1,8661.428978835687,-1,,-4.505026250903187,-3,-1,-1
2019-10-03,8254.33991028638,-1,8661.428978835687,-1,,-4.417401523429931,-3,-1,-1
2019-10-04,8165.68615125658,-1,8635.54854766138,-1,,-4.488622151251606,-3,-1,-1
2019-10-05,8141.63371379311,-1,8571.72560179647,-1,,-4.521539334600291,-3,-1,-1
2019-10-06,7854.60981297487,-1,8327.799682423365,-1,BOS-,-4.999202926111762,-3,-1,-1
2019-10-07,8226.02342928112,-1,8327.799682423365,-1,,-3.856067358969525,-3,-1,-1
2019-10-08,8190.1151207481,-1,8327.799682423365,-1,,-3.331668242129571,-3,-1,-1
2019-10-09,8598.3319207481,1,8030.962713853812,1,CHoCH+,-1.838269674086776,1,0,0
2019-10-10,8578.09037931034,1,8061.385630674154,1,,-1.1389064859579974,1,0,0
2019-10-11,8289.85402893045,1,8061.385630674154,1,,-1.4732876131732426,1,0,0
2019-10-12,8323.7501440678,1,8061.385630674154,1,,-1.5201340786964161,1,0,0
2019-10-13,8291.25065143191,1,8061.385630674154,1,,-1.6067953566783921,1,0,0
2019-10-14,8346.36843658679,1,8061.385630674154,1,,-1.4500835452793002,1,0,0
2019-10-15,8160.71262752776,1,8061.385630674154,1,,-1.8406098091352305,1,0,0
2019-10-16,8003.85592314436,-1,8453.871329160618,1,,-2.387540649078673,-1,-1,0
2019-10-17,8072.48938229106,-1,8453.871329160618,1,,-2.377191973237276,-1,-1,0
2019-10-18,7959.33199357101,-1,8376.322723029803,1,,-2.6306641879054435,-1,-1,0
2019-10-19,7948.47733722969,-1,8327.025390645,1,,-2.754850617083379,-1,-1,0
2019-10-20,8213.70903927528,-1,8327.025390645,1,,-1.7892655683996384,-1,-1,0
2019-10-21,8211.65455873758,-1,8327.025390645,1,,-1.3042067453253867,-1,-1,0
2019-10-22,8029.20537288136,-1,8327.025390645,1,,-1.6062963719384238,-1,-1,0
2019-10-23,7458.03585680889,-1,7985.518781665626,-1,CHoCH-,-3.0309804886482827,-3,-1,-1
2019-10-24,7454.37113816482,-1,7930.205186129104,-1,,-3.7034594261662184,-3,-1,-1
2019-10-25,8656.65517755699,1,7867.719322571483,1,CHoCH+,-0.86903137172758,1,0,0
2019-10-26,9249.64676095851,1,8361.707016451099,1,,1.409499271470472,3,1,1
2019-10-27,9558.15604400935,1,8666.457489037428,1,,2.892119379475926,3,1,1
2019-10-28,9319.17814167154,1,8666.457489037428,1,,3.0317510704177844,3,1,1
2019-10-29,9431.20712390415,1,8666.457489037428,1,,3.2219552395466557,3,1,1
2019-10-30,9182.85506516657,1,8666.457489037428,1,,2.712111708237775,3,1,1
2019-10-31,9155.27729877265,1,8666.457489037428,1,,2.3715741918259967,3,1,1
2019-11-01,9251.38129345412,1,8666.457489037428,1,,2.3441082509851734,3,1,1
2019-11-02,9300.19083752192,1,8666.457489037428,1,,2.3920589890299833,3,1,1
2019-11-03,9209.63869608416,1,8666.457489037428,1,,2.150058995798778,3,1,1
2019-11-04,9418.36013062537,1,8812.994260940193,1,,2.4063385635157837,3,1,1
2019-11-05,9330.78722296902,1,8812.994260940193,1,,2.2611739710743537,3,1,1
2019-11-06,9354.93338229106,1,8833.698494982242,1,,2.2165501783379336,3,1,1
2019-11-07,9210.74822238457,1,8833.698494982242,1,,1.747526675329008,3,1,1
2019-11-08,8791.33393495032,-1,9378.28847307549,-1,CHoCH-,0.4393795116980891,-1,0,0
2019-11-09,8810.78456195208,-1,9344.87883436526,-1,,-0.15453645462464227,-3,-1,-1
2019-11-10,9042.89072320281,-1,9344.87883436526,-1,,0.14934464834985012,-1,0,0
2019-11-11,8713.20792957335,-1,9307.39779185456,-1,,-0.48563934066996217,-3,-1,-1
2019-11-12,8788.95814295734,-1,9307.39779185456,-1,,-0.5940336222461244,-3,-1,-1
2019-11-13,8766.72943050848,-1,9275.144390304598,-1,,-0.6946897898762424,-3,-1,-1
2019-11-14,8645.43580362361,-1,9139.397355505576,-1,,-1.0349215672403937,-3,-1,-1
2019-11-15,8465.87788854471,-1,8964.31065976215,-1,,-1.6101117634546651,-3,-1,-1
2019-11-16,8477.69024284044,-1,8929.823443224854,-1,,-1.8361633007017633,-3,-1,-1
2019-11-17,8505.16122326125,-1,8920.322397733467,-1,,-1.8328477536075796,-3,-1,-1
2019-11-18,8183.53341350088,-1,8653.666813453987,-1,,-2.574165649584791,-3,-1,-1
2019-11-19,8116.82067258913,-1,8559.95455482045,-1,,-3.0531932517414995,-3,-1,-1
2019-11-20,8076.55466008182,-1,8487.454957842201,-1,,-3.344867922060629,-3,-1,-1
2019-11-21,7612.2774880187,-1,8121.370907621979,-1,,-4.336772028714777,-3,-1,-1
2019-11-22,7277.52427323203,-1,7836.134315310983,-1,,-5.266047784546973,-3,-1,-1
2019-11-23,7324.83617855056,-1,7836.134315310983,-1,,-5.483002779015746,-3,-1,-1
2019-11-24,6943.38065604909,-1,7523.065661319486,-1,,-6.047834200997335,-3,-1,-1
2019-11-25,7139.04468597312,-1,7523.065661319486,-1,,-5.55147950040534,-3,-1,-1
2019-11-26,7165.43773027469,-1,7523.065661319486,-1,,-5.156415289577012,-3,-1,-1
2019-11-27,7526.86381654004,1,6941.173140585353,-1,,-3.7316411971075047,-1,0,0
2019-11-28,7436.3363817066,1,6941.173140585353,-1,,-3.179507143167421,-1,0,0
2019-11-29,7747.73804208066,1,7155.4656890401175,-1,,-1.992593415974075,-1,0,0
2019-11-30,7556.19372121567,1,7155.4656890401175,-1,,-1.814814091598495,-1,0,0
2019-12-01,7417.72720601987,1,7155.4656890401175,-1,,-2.0003007351277295,-1,0,0
2019-12-02,7318.31252180012,1,7155.4656890401175,-1,,-2.2762980059009768,-1,0,0
2019-12-03,7306.44623331385,1,7155.4656890401175,-1,,-2.413001790640323,-1,0,0
2019-12-04,7215.02034482759,1,7155.4656890401175,-1,,-2.6576630963838266,-1,0,0
2019-12-05,7404.0867949737,1,7155.4656890401175,-1,,-2.1173034822895493,-1,0,0
2019-12-06,7534.2083559322,1,7155.4656890401175,-1,,-1.4254241303118176,-1,0,0
2019-12-07,7512.06140263004,1,7155.4656890401175,-1,,-1.1336385552519204,-1,0,0
2019-12-08,7528.94026943308,1,7155.4656890401175,-1,,-0.9221132117154427,-1,0,0
2019-12-09,7340.22745908825,1,7155.4656890401175,-1,,-1.360441059936646,-1,0,0
2019-12-10,7232.09178375219,1,7155.4656890401175,-1,,-1.854343617155769,-1,0,0
2019-12-11,7200.46444599649,1,7155.4656890401175,-1,BOS-,-2.163146998999601,-1,0,0
2019-12-12,7192.84902425482,1,7155.4656890401175,-1,,-2.3136897824378657,-1,0,0
2019-12-13,7244.90372004676,1,7155.4656890401175,-1,,-2.1317643004025233,-1,0,0
2019-12-14,7071.10709029807,-1,7410.181990706598,-1,,-2.555891643927195,-3,-1,-1
2019-12-15,7111.28666995909,-1,7410.181990706598,-1,,-2.5485151628032625,-3,-1,-1
2019-12-16,6882.39579532437,-1,7236.56221355417,-1,,-3.1765960892470995,-3,-1,-1
2019-12-17,6608.96197983635,-1,7009.741900889576,-1,,-4.089730732025197,-3,-1,-1
2019-12-18,7284.6254836353,1,6721.224503547712,-1,,-2.077461989017319,-1,0,0
2019-12-19,7146.16763763881,1,6721.224503547712,-1,,-1.4319176508456444,-1,0,0
2019-12-20,7184.21917206312,1,6721.224503547712,-1,,-0.9888258177961613,-1,0,0
2019-12-21,7140.29801127995,1,6721.224503547712,-1,,-0.8848584882460554,-1,0,0
2019-12-22,7479.40240789012,1,6956.637738675607,-1,,0.14643613831487007,1,1,0
2019-12-23,7321.7487238457,1,6956.637738675607,-1,,0.18314313962743423,1,1,0
2019-12-24,7235.62908381064,1,6956.637738675607,-1,,-0.04701022526200782,-1,0,0
2019-12-25,7191.17416569258,1,6956.637738675607,-1,,-0.2881706760631705,-1,0,0
2019-12-26,7194.63975832846,1,6956.637738675607,-1,,-0.39170265766794904,-1,0,0
2019-12-27,7237.15044728229,1,6956.637738675607,-1,,-0.29019150127390925,-1,0,0
2019-12-28,7306.64330829924,1,6956.637738675607,-1,,0.007642541994182878,1,1,0
2019-12-29,7391.578521391,1,7037.069154891677,-1,,0.44909687444408897,1,1,0
2019-12-30,7229.3971006429,1,7037.069154891677,-1,,0.05435485083820624,1,1,0
2019-12-31,7167.39505464641,1,7037.069154891677,-1,,-0.358827868406539,-1,0,0
2020-01-01,7170.63186879018,1,7037.069154891677,-1,,-0.5439302697397623,-1,0,0
2020-01-02,6946.82526914085,-1,7297.970358109429,-1,,-1.402806553255974,-3,-1,-1
2020-01-03,7315.3093603156,1,6888.733552891454,-1,,-0.41915168986459006,-1,0,0
2020-01-04,7343.16419438925,1,6950.889517485423,-1,,0.15754040626154248,1,1,0
2020-01-05,7345.53069181765,1,6991.7735333756855,-1,,0.44636650867039385,1,1,0
2020-01-06,7765.7977346581,1,7321.336179208197,1,CHoCH+,1.8242535480298057,3,1,1
2020-01-07,8136.08684190532,1,7624.984709826242,1,,3.2661424337313445,3,1,1
2020-01-08,8059.69952887201,1,7624.984709826242,1,,3.632996175033403,3,1,1
2020-01-09,7817.13609322034,1,7624.984709826242,1,,2.8814794994160335,3,1,1
2020-01-10,8129.81791992987,1,7624.984709826242,1,,3.173275889415824,3,1,1
2020-01-11,8032.00549503215,1,7624.984709826242,1,,2.9455195036818598,3,1,1
2020-01-12,8164.54999316189,1,7652.510968937426,1,,3.0928390230918814,3,1,1
2020-01-13,8121.92566762127,1,7652.510968937426,1,,2.97714070669086,3,1,1
2020-01-14,8830.16787346581,1,8191.435034194665,1,,4.175209309993601,3,1,1
2020-01-15,8811.44820251315,1,8230.97274588332,1,,4.652033167959029,3,1,1
2020-01-16,8718.68699801286,1,8230.97274588332,1,,4.502965720775826,3,1,1
2020-01-17,8912.54190414962,1,8359.154787223351,1,,4.712976320329769,3,1,1
2020-01-18,8928.1807565751,1,8425.440695613815,1,,4.792961745613171,3,1,1
2020-01-19,8687.35483664524,1,8425.440695613815,1,,3.9030919207809216,3,1,1
2020-01-20,8636.2587862069,1,8425.440695613815,1,,3.250692112463776,3,1,1
2020-01-21,8730.86756019871,1,8425.440695613815,1,,3.1152641411251274,3,1,1
2020-01-22,8647.90047399182,1,8425.440695613815,1,,2.712260734344124,3,1,1
2020-01-23,8366.38461396844,-1,8851.669867979013,1,,1.5545541862728915,1,0,0
2020-01-24,8423.39095815313,-1,8851.669867979013,1,,1.1344363317620083,1,0,0
2020-01-25,8344.77456896552,-1,8776.832254400235,1,,0.6635581285803092,1,0,0
2020-01-26,8573.87480958504,-1,8776.832254400235,1,,1.0899250541026064,1,0,0
2020-01-27,8901.95928486265,1,8391.71015210998,1,,2.0763049241398797,3,1,1
2020-01-28,9297.3883176505,1,8719.53538833674,1,BOS+,3.287082078965406,3,1,1
2020-01-29,9311.94754354179,1,8787.51213939202,1,,3.870569490644824,3,1,1
2020-01-30,9508.92096493279,1,8977.837074780697,1,,4.455704012849434,3,1,1
2020-01-31,9357.28478240795,1,8977.837074780697,1,,4.137735017967456,3,1,1
2020-02-01,9381.88602863822,1,8977.837074780697,1,,3.987721912846493,3,1,1
2020-02-02,9339.38706312098,1,8977.837074780697,1,,3.7084584676412224,3,1,1
2020-02-03,9279.81252051432,1,8977.837074780697,1,,3.2983284475372883,3,1,1
2020-02-04,9161.62719772063,1,8977.837074780697,1,,2.6068341362278167,3,1,1
2020-02-05,9628.13677586207,1,9118.558815865754,1,BOS+,3.3238046873550786,3,1,1
2020-02-06,9739.2804364699,1,9247.317174290865,1,,3.8535148773599186,3,1,1
2020-02-07,9800.27939982466,1,9339.2127748571,1,,4.1904224568443365,3,1,1
2020-02-08,9911.29340841613,1,9463.029243367886,1,,4.527022734154254,3,1,1
2020-02-09,10151.0832026885,1,9675.708515863369,1,,5.074026760321113,3,1,1
2020-02-10,9872.36187305669,1,9675.708515863369,1,,4.203976890450933,3,1,1
2020-02-11,10272.2225558738,1,9691.956095699723,1,,4.4687394304940105,3,1,1
2020-02-12,10360.1352229106,1,9811.52160864289,1,,4.6949720702408255,3,1,1
2020-02-13,10235.4973226184,1,9811.52160864289,1,,4.305867668712683,3,1,1
2020-02-14,10361.6156901812,1,9845.750919276621,1,,4.30591156551889,3,1,1
2020-02-15,9911.72432700175,1,9845.750919276621,1,,2.827583497760899,3,1,1
2020-02-16,9952.04661157218,1,9845.750919276621,1,,2.1658984793727702,3,1,1
2020-02-17,9683.0796277031,-1,10260.045758939885,1,,1.0846129308355454,1,0,0
2020-02-18,10195.3037904734,-1,10260.045758939885,1,,1.657698181181199,1,0,0
2020-02-19,9636.00229865576,-1,10260.045758939885,1,,0.6480502351760381,1,0,0
2020-02-20,9614.03012244302,-1,10260.045758939885,1,,0.10265701989215681,1,0,0
2020-02-21,9701.79750268849,-1,10260.045758939885,1,,0.031510805767205115,1,0,0
2020-02-22,9675.24905756868,-1,10260.045758939885,1,,-0.06489102536198776,-1,-1,0
2020-02-23,9972.84242308591,-1,10260.045758939885,1,,0.5610263530353528,1,0,0
2020-02-24,9648.00788310929,-1,10260.045758939885,1,,0.10260936134452758,1,0,0
2020-02-25,9344.28714009351,-1,10033.431872872941,1,,-0.7364311933994335,-1,-1,0
2020-02-26,8798.88894856809,-1,9582.738665527206,-1,CHoCH-,-2.039053280009438,-3,-1,-1
2020-02-27,8779.02948188194,-1,9490.452067150989,-1,,-2.684948764464968,-3,-1,-1
2020-02-28,8750.59344599649,-1,9399.404583504269,-1,,-3.018271229996167,-3,-1,-1
2020-02-29,8582.09029964933,-1,9216.571267310479,-1,,-3.42171122146505,-3,-1,-1
2020-03-01,8541.77389392169,-1,9124.901686535017,-1,,-3.6489628478293445,-3,-1,-1
2020-03-02,8906.21475645821,-1,9124.901686535017,-1,,-2.6927447603518533,-3,-1,-1
2020-03-03,8768.81061420222,-1,9124.901686535017,-1,,-2.4618914084830497,-3,-1,-1
2020-03-04,8756.36957218001,-1,9124.901686535017,-1,,-2.347695730249831,-3,-1,-1
2020-03-05,9062.61580274693,-1,9124.901686535017,-1,,-1.445244964367916,-3,-1,-1
2020-03-06,9147.08505897136,1,8589.920315494874,-1,,-0.7781601426034764,-1,0,0
2020-03-07,8898.30695675044,1,8589.920315494874,-1,,-1.0198979131962989,-1,0,0
2020-03-08,8109.61454114553,-1,8864.695795642605,-1,BOS-,-2.4937444090176824,-3,-1,-1
2020-03-09,7896.38531987142,-1,8639.927215301019,-1,,-3.4753144114947423,-3,-1,-1
2020-03-10,7909.92787545295,-1,8583.17834801405,-1,,-3.881674092194935,-3,-1,-1
2020-03-11,7939.34133477499,-1,8554.090797876592,-1,,-3.9534963471561237,-3,-1,-1
2020-03-12,4959.31341437756,-1,6406.59630728823,-1,,-6.2619115089563895,-3,-1,-1
2020-03-13,5627.69238836938,-1,6406.59630728823,-1,,-6.134158054531063,-3,-1,-1
2020-03-14,5145.17250642899,-1,6406.59630728823,-1,,-6.283514138113897,-3,-1,-1
2020-03-15,5358.61066335476,-1,6406.59630728823,-1,,-5.938603728572467,-3,-1,-1
2020-03-16,5012.92738778492,-1,6387.249791788046,-1,,-5.927342644592487,-3,-1,-1
2020-03-17,5416.7547106955,-1,6387.249791788046,-1,,-5.203261985620857,-3,-1,-1
2020-03-18,5392.48783594389,-1,6387.249791788046,-1,,-4.813284358863383,-3,-1,-1
2020-03-19,6203.5516320865,-1,6387.249791788046,-1,,-3.367929133669148,-3,-1,-1
2020-03-20,6174.14947603741,-1,6387.249791788046,-1,,-2.6548044199880745,-3,-1,-1
2020-03-21,6175.83102220924,-1,6387.249791788046,-1,,-2.2754066321064483,-3,-1,-1
2020-03-22,5830.56097960257,-1,6387.249791788046,-1,,-2.4432471584326634,-3,-1,-1
2020-03-23,6486.40865733489,1,5303.93481987761,-1,,-1.5493183417959289,-1,0,0
2020-03-24,6775.05761893629,1,5624.236476744318,-1,,-0.7233612229150803,-1,0,0
2020-03-25,6689.96901285798,1,5628.7034030617115,-1,,-0.42284005480231085,-1,0,0
2020-03-26,6754.46033606078,1,5779.973890283299,-1,,-0.1815189984184636,-1,0,0
2020-03-27,6490.79541502046,1,5779.973890283299,-1,,-0.43207605121975867,-1,0,0
2020-03-28,6231.81989023963,1,5779.973890283299,-1,,-0.8985481881933806,-1,0,0
2020-03-29,5904.85758679135,1,5779.973890283299,-1,,-1.5322772679967294,-1,0,0
2020-03-30,6436.90570017534,1,5779.973890283299,-1,,-0.9861363825189288,-1,0,0
2020-03-31,6432.3832421391,1,5779.973890283299,-1,,-0.7148142159127564,-1,0,0
2020-04-01,6643.11000870836,1,5779.973890283299,-1,,-0.2495889626566103,-1,0,0
2020-04-02,6792.74222209234,1,5955.135173029322,1,CHoCH+,0.20844335611606593,3,1,1
2020-04-03,6751.90255178258,1,5985.804306532936,1,,0.3596857317762469,3,1,1
2020-04-04,6859.98916867329,1,6138.074762881397,1,,0.6089142823771432,3,1,1
2020-04-05,6790.81247264758,1,6138.074762881397,1,,0.5903604827520434,3,1,1
2020-04-06,7298.17374517826,1,6542.536986800681,1,,1.3970468280764834,3,1,1
2020-04-07,7187.59333664524,1,6542.536986800681,1,,1.5485136785183868,3,1,1
2020-04-08,7372.19476399766,1,6674.891851202179,1,,1.8960772047166872,3,1,1
2020-04-09,7299.57918790181,1,6674.891851202179,1,,1.8843851868947419,3,1,1
2020-04-10,6859.82267475161,1,6674.891851202179,1,,0.9562234559464982,3,1,1
2020-04-11,6883.18222895967,1,6674.891851202179,1,,0.5365693645369599,3,1,1
2020-04-12,6978.66628661601,1,6674.891851202179,1,,0.5151511606960798,3,1,1
2020-04-13,6863.57553319696,1,6674.891851202179,1,,0.25112337738200347,3,1,1
2020-04-14,6875.53850344828,1,6674.891851202179,1,,0.1459195212932656,3,1,1
2020-04-15,6625.47577510228,-1,7180.168510017833,1,,-0.457027358674277,-1,-1,0
2020-04-16,7127.79228223261,-1,7180.168510017833,1,,0.33374902736189094,1,0,0
2020-04-17,7081.39519842197,-1,7180.168510017833,1,,0.6109683220579345,1,0,0
2020-04-18,7262.79234360023,1,6669.412072431771,1,,1.1009505620309294,3,1,1
2020-04-19,7150.2442154588,1,6669.412072431771,1,,1.0502593766357444,3,1,1
2020-04-20,6853.27341478667,1,6669.412072431771,1,,0.32977011417396074,3,1,1
2020-04-21,6870.42369865576,1,6669.412072431771,1,,0.014101602286372444,3,1,1
2020-04-22,7123.65691992987,1,6669.412072431771,1,,0.44162698141761053,3,1,1
2020-04-23,7488.60516528346,1,6869.094724461849,1,BOS+,1.3699026732169226,3,1,1
2020-04-24,7506.44331648159,1,6943.5324743827005,1,,1.8433232171819363,3,1,1
2020-04-25,7537.73820911748,1,7021.729983437713,1,,2.117957018399978,3,1,1
2020-04-26,7684.06852168322,1,7175.762024801707,1,,2.5237016024478542,3,1,1
2020-04-27,7777.49151858562,1,7291.988772321539,1,,2.8802761198160276,3,1,1
2020-04-28,7769.89969842197,1,7330.669680735202,1,,2.9986722613545576,3,1,1
2020-04-29,8761.83716954997,1,8068.948912293479,1,,4.5475859635633125,3,1,1
2020-04-30,8652.4109912332,1,8068.948912293479,1,,4.921208602822768,3,1,1
2020-05-01,8855.53525827002,1,8203.813421635688,1,,5.3059476868946875,3,1,1
2020-05-02,8977.28170537697,1,8354.208118273988,1,,5.5873741861739425,3,1,1
2020-05-03,8896.7956383986,1,8354.208118273988,1,,5.401002170615024,3,1,1
2020-05-04,8881.95430450029,1,8354.208118273988,1,,5.202506206949331,3,1,1
2020-05-05,8985.8795993571,1,8476.916091473695,1,,5.211435712172274,3,1,1
2020-05-06,9266.8130730567,1,8724.465873851756,1,,5.5676386651825265,3,1,1
2020-05-07,9993.75317685564,1,9287.558666431507,1,,6.477719221569589,3,1,1
2020-05-08,9859.32360461718,1,9287.558666431507,1,,6.41950330864516,3,1,1
2020-05-09,9577.33892238457,1,9287.558666431507,1,,5.472775721299579,3,1,1
2020-05-10,8715.03329322034,-1,9597.343030325552,1,,2.9942072245365314,1,0,0
2020-05-11,8591.65288433665,-1,9422.745770396448,1,,1.5247814447902421,1,0,0
2020-05-12,8817.25068112215,-1,9422.745770396448,1,,1.186747893826288,1,0,0
2020-05-13,9322.99720204559,-1,9422.745770396448,1,,1.7907790556076422,1,0,0
2020-05-14,9801.26948772647,1,8860.549262816408,1,,2.6806377955423657,3,1,1
2020-05-15,9326.87585891292,1,8860.549262816408,1,,2.179638756528111,3,1,1
2020-05-16,9395.4753893045,1,8860.549262816408,1,,2.006533386282972,3,1,1
2020-05-17,9682.5324811806,1,8860.549262816408,1,,2.2927344629800226,3,1,1
2020-05-18,9726.85002209235,1,8898.423232942108,1,,2.4688877168385925,3,1,1
2020-05-19,9754.20146201052,1,9000.411919799852,1,,2.5686054121313635,3,1,1
2020-05-20,9515.702550263,1,9000.411919799852,1,,2.0688918670302607,3,1,1
2020-05-21,9068.80122933957,1,9000.411919799852,1,,0.9419825944272804,3,1,1
2020-05-22,9161.81503389831,1,9000.411919799852,1,,0.5504369940431069,3,1,1
2020-05-23,9183.66212507305,1,9000.411919799852,1,,0.3945926469055716,3,1,1
2020-05-24,8806.23065715956,-1,9537.747413123756,1,,-0.3962166214597369,-1,-1,0
2020-05-25,8909.19258153127,-1,9537.747413123756,1,,-0.5625020092612063,-1,-1,0
2020-05-26,8835.13725336061,-1,9477.682143723168,1,,-0.779737562543759,-1,-1,0
2020-05-27,9169.05743921683,-1,9477.682143723168,1,,-0.17354286807603903,-1,-1,0
2020-05-28,9568.26185300994,1,8837.880717497155,1,,0.8440620274082604,3,1,1
2020-05-29,9432.41333343074,1,8837.880717497155,1,,1.0345167695702384,3,1,1
2020-05-30,9691.68049117475,1,8985.612523799806,1,,1.565622164707805,3,1,1
2020-05-31,9433.94384663939,1,8985.612523799806,1,,1.2406549093048644,3,1,1
2020-06-01,10199.1350542373,1,9328.073744359675,1,BOS+,2.2363438624611867,3,1,1
2020-06-02,9512.34653302163,1,9328.073744359675,1,,1.4270632473048666,3,1,1
2020-06-03,9642.27340035067,1,9328.073744359675,1,,1.2075619013005232,3,1,1
2020-06-04,9813.36067913501,1,9328.073744359675,1,,1.339743303166657,3,1,1
2020-06-05,9641.8916225599,1,9328.073744359675,1,,1.0768376975657605,3,1,1
2020-06-06,9668.67053857393,1,9328.073744359675,1,,0.9809253672986472,3,1,1
2020-06-07,9747.58011104617,1,9328.073744359675,1,,1.059560580409295,3,1,1
2020-06-08,9769.34236148451,1,9328.073744359675,1,,1.1261836821244886,3,1,1
2020-06-09,9779.42216566335,1,9328.073744359675,1,,1.1664031852771233,3,1,1
2020-06-10,9888.44417469316,1,9328.073744359675,1,,1.3912827251509121,3,1,1
2020-06-11,9277.45116931619,-1,9969.878105331929,1,,0.16163423082133455,1,0,0
2020-06-12,9456.16153331385,-1,9969.878105331929,1,,-0.06238122252850131,-1,-1,0
2020-06-13,9461.33379865576,-1,9969.878105331929,1,,-0.1602295842423109,-1,-1,0
2020-06-14,9342.955635301,-1,9928.07145075665,1,,-0.459433769693962,-1,-1,0
2020-06-15,9441.38321127995,-1,9928.07145075665,1,,-0.36504366475024097,-1,-1,0
2020-06-16,9520.09194827586,-1,9928.07145075665,1,,-0.12469603525729755,-1,-1,0
2020-06-17,9448.69356060783,-1,9928.07145075665,1,,-0.18436871119768386,-1,-1,0
2020-06-18,9389.99076639392,-1,9851.425989805515,1,,-0.36177651112939624,-1,-1,0
2020-06-19,9285.99158293396,-1,9732.483039042385,1,,-0.7123603863114051,-1,-1,0
2020-06-20,9357.29246446522,-1,9732.483039042385,1,,-0.6605689530269364,-1,-1,0
2020-06-21,9284.76937182934,-1,9687.435617081366,1,,-0.8297770825695028,-1,-1,0
2020-06-22,9684.62018474576,-1,9687.435617081366,1,BOS+,0.2250152451760098,1,0,0
2020-06-23,9611.72599824664,-1,9687.435617081366,1,,0.5199871641924071,1,0,0
2020-06-24,9292.94354354179,-1,9687.435617081366,1,,-0.21060534265720027,-1,-1,0
2020-06-25,9247.12143249561,-1,9687.435617081366,-1,CHoCH-,-0.681226966086845,-3,-1,-1
2020-06-26,9159.43777206312,-1,9607.99396192118,-1,,-1.1286866557292181,-3,-1,-1
2020-06-27,9002.16561718293,-1,9453.047834519242,-1,,-1.7244782919229078,-3,-1,-1
2020-06-28,9108.06567457627,-1,9453.047834519242,-1,,-1.6382623461545962,-3,-1,-1
2020-06-29,9184.24736627703,-1,9453.047834519242,-1,,-1.3236172032883917,-3,-1,-1
2020-06-30,9143.96758530099,-1,9453.047834519242,-1,,-1.2730815246374387,-3,-1,-1
2020-07-01,9241.33961239041,-1,9453.047834519242,-1,,-0.8905028088964211,-3,-1,-1
2020-07-02,9094.38728679135,-1,9453.047834519242,-1,,-1.1490461797872333,-3,-1,-1
2020-07-03,9066.69069661017,-1,9420.519408566404,-1,,-1.348008090359526,-3,-1,-1
2020-07-04,9126.21955493863,-1,9420.519408566404,-1,,-1.1941237388234234,-3,-1,-1
2020-07-05,9079.61401808884,-1,9396.26972757701,-1,,-1.2661596402734465,-3,-1,-1
2020-07-06,9338.94259117475,-1,9396.26972757701,-1,,-0.30103148520376977,-3,-1,-1
2020-07-07,9252.15873261251,-1,9396.26972757701,-1,,-0.14809870642630174,-3,-1,-1
2020-07-08,9434.56795645821,1,9062.554692015943,-1,,0.5545526635638812,1,1,0
2020-07-09,9231.50234751607,1,9062.554692015943,-1,,0.15595181238479067,1,1,0
2020-07-10,9285.22101542957,1,9062.554692015943,-1,,0.14845687483097675,1,1,0
2020-07-11,9237.17100818235,1,9062.554692015943,-1,,-0.03273129316005907,-1,0,0
2020-07-12,9289.09797691408,1,9062.554692015943,-1,,0.07848944206236261,1,1,0
2020-07-13,9236.62250116891,1,9062.554692015943,-1,,-0.07764199505939089,-1,0,0
2020-07-14,9260.3569868498,1,9062.554692015943,-1,,-0.052343300239067636,-1,0,0
2020-07-15,9196.72555897136,1,9062.554692015943,-1,,-0.31272910929604036,-1,0,0
2020-07-16,9132.59231209818,1,9062.554692015943,-1,,-0.7084043846468975,-1,0,0
2020-07-17,9156.46870976037,1,9062.554692015943,-1,,-0.7732909951921227,-1,0,0
2020-07-18,9175.90530859147,1,9062.554692015943,-1,,-0.694131405374877,-1,0,0
2020-07-19,9218.84231081239,1,9062.554692015943,-1,,-0.41584423224723993,-1,0,0
2020-07-20,9167.19056750439,1,9062.554692015943,-1,,-0.5472367963128419,-1,0,0
2020-07-21,9388.57434979544,1,9129.255913090698,-1,,0.5073028111447513,1,1,0
2020-07-22,9531.2574301578,1,9255.065913014823,1,CHoCH+,1.597406504437291,3,1,1
2020-07-23,9609.16671537113,1,9337.221564378451,1,,2.4037379064057625,3,1,1
2020-07-24,9548.1007270602,1,9337.221564378451,1,,2.406885269050381,3,1,1
2020-07-25,9702.45279047341,1,9419.383782301426,1,,2.9619234831135737,3,1,1
2020-07-26,9933.90655423729,1,9609.70831775334,1,,3.911620110596114,3,1,1
2020-07-27,11046.5083295149,1,10420.949384096062,1,,6.094696116392021,3,1,1
2020-07-28,10944.6129789012,1,10420.949384096062,1,,6.6647163004677825,3,1,1
2020-07-29,11115.7712819988,1,10530.209300614562,1,,7.071940350619645,3,1,1
2020-07-30,11135.3907261835,1,10602.499109682276,1,,7.22031641551452,3,1,1
2020-07-31,11338.1973407949,1,10797.75290156038,1,,7.457824709935071,3,1,1
2020-08-01,11797.5821265342,1,11173.366695501341,1,,7.951701253439798,3,1,1
2020-08-02,11094.0206841321,-1,11866.883004782303,1,,5.752989191364016,1,0,0
2020-08-03,11236.0956805377,-1,11866.883004782303,1,,4.831610900418871,1,0,0
2020-08-04,11202.651909059,-1,11866.883004782303,1,,4.233352438932484,1,0,0
2020-08-05,11721.4384715956,-1,11866.883004782303,1,,4.64368033458245,1,0,0
2020-08-06,11769.3091081239,-1,11866.883004782303,1,,4.857858576689962,1,0,0
2020-08-07,11598.9690585038,-1,11866.883004782303,1,,4.402271519483217,1,0,0
2020-08-08,11743.0086350088,-1,11866.883004782303,1,,4.353916374932446,1,0,0
2020-08-09,11680.5173661601,-1,11866.883004782303,1,,4.091833305714177,1,0,0
2020-08-10,11870.3695447107,1,11264.552288635768,1,BOS+,4.231627115211296,3,1,1
2020-08-11,11392.6440884278,1,11264.552288635768,1,,2.9115182206896,3,1,1
2020-08-12,11575.5124736996,1,11264.552288635768,1,,2.5764149267607683,3,1,1
2020-08-13,11773.4481155465,1,11264.552288635768,1,,2.735908183391553,3,1,1
2020-08-14,11774.4082518995,1,11264.552288635768,1,,2.787002795843592,3,1,1
2020-08-15,11866.9103613092,1,11299.049081743391,1,,2.955933340114419,3,1,1
2020-08-16,11899.6427535944,1,11378.747884299612,1,BOS+,3.070903325089305,3,1,1
2020-08-17,12315.7624166569,1,11722.121135372841,1,,3.8251381677659366,3,1,1
2020-08-18,11992.6959962595,1,11722.121135372841,1,,3.183980156305944,3,1,1
2020-08-19,11736.8490645237,1,11722.121135372841,1,,2.1692985586121316,3,1,1
2020-08-20,11867.5203439509,1,11722.121135372841,1,,1.9167438385206457,3,1,1
2020-08-21,11524.6989491525,-1,12185.140088240547,1,,0.9469174332973342,1,0,0
2020-08-22,11682.2891503799,-1,12185.140088240547,1,,0.8058511388174626,1,0,0
2020-08-23,11665.6092735243,-1,12185.140088240547,1,,0.6874991938757646,1,0,0
2020-08-24,11771.4080537405,-1,12185.140088240547,1,,0.8660039495601659,1,0,0
2020-08-25,11358.4543202805,-1,11982.739729416884,-1,CHoCH-,-0.046123117054908236,-3,-1,-1
2020-08-26,11472.0491204559,-1,11982.739729416884,-1,,-0.21247072233509712,-3,-1,-1
2020-08-27,11314.6737410286,-1,11898.22813230462,-1,,-0.6472419065915087,-3,-1,-1
2020-08-28,11527.8830322326,-1,11898.22813230462,-1,,-0.31929368321373125,-3,-1,-1
2020-08-29,11490.7623477499,-1,11898.22813230462,-1,,-0.24657531866121157,-3,-1,-1
2020-08-30,11698.9758329632,-1,11898.22813230462,-1,,0.30489980253373283,-1,0,0
2020-08-31,11678.3482268849,-1,11898.22813230462,-1,,0.5145389642599576,-1,0,0
2020-09-01,11970.364856166,1,11431.92722584507,-1,,1.295428205860521,1,1,0
2020-09-02,11414.5209336645,-1,12065.867977703787,-1,,0.26843567827854325,-1,0,0
2020-09-03,10261.4944095266,-1,11193.614706403328,-1,BOS-,-2.0167970083935782,-3,-1,-1
2020-09-04,10471.9664133255,-1,11193.614706403328,-1,,-2.6470834865984205,-3,-1,-1
2020-09-05,10128.64358609,-1,11043.485315756501,-1,,-3.3483017619764306,-3,-1,-1
2020-09-06,10253.2998980129,-1,11043.485315756501,-1,,-3.377761399278169,-3,-1,-1
2020-09-07,10367.8783543542,-1,11043.485315756501,-1,,-3.099789913298879,-3,-1,-1
2020-09-08,10108.6354501461,-1,10914.555609344825,-1,,-3.2915257166428584,-3,-1,-1
2020-09-09,10223.1114091175,-1,10914.555609344825,-1,,-3.082587346847978,-3,-1,-1
2020-09-10,10334.6307302162,-1,10914.555609344825,-1,,-2.6860761173435748,-3,-1,-1
2020-09-11,10387.0207419638,-1,10914.555609344825,-1,,-2.338319078958971,-3,-1,-1
2020-09-12,10436.9778322618,-1,10914.555609344825,-1,,-2.0193569424707523,-3,-1,-1
2020-09-13,10322.5236148451,-1,10905.888440639119,-1,,-2.0637727359781994,-3,-1,-1
2020-09-14,10662.719912332,-1,10905.888440639119,-1,,-1.2227995387382993,-3,-1,-1
2020-09-15,10779.3810249562,-1,10905.888440639119,-1,,-0.5342811734857533,-3,-1,-1
2020-09-16,10968.3205465809,1,10372.1995313918,-1,,0.2213774714837372,1,1,0
2020-09-17,10936.2927505552,1,10390.175498077298,-1,,0.5078926788866736,1,1,0
2020-09-18,10920.1128439509,1,10423.753344739498,-1,,0.5995692254104734,1,1,0
2020-09-19,11073.7795478083,1,10580.95598736082,-1,,1.008590048127471,1,1,0
2020-09-20,10921.2180998247,1,10580.95598736082,-1,,0.7629284855434286,1,1,0
2020-09-21,10455.3799623027,-1,11035.510078477333,-1,,-0.4810618943659135,-3,-1,-1
2020-09-22,10519.8391641146,-1,11035.510078477333,-1,,-0.9082829725429155,-3,-1,-1
2020-09-23,10233.2995687317,-1,10806.570825937235,-1,,-1.7075280553600722,-3,-1,-1
2020-09-24,10739.0427094097,-1,10806.570825937235,-1,,-0.8177599459058881,-3,-1,-1
2020-09-25,10683.6305806546,-1,10806.570825937235,-1,,-0.4968486998909094,-3,-1,-1
2020-09-26,10742.0304202221,-1,10806.570825937235,-1,,-0.1966001620191563,-3,-1,-1
2020-09-27,10758.8242899474,-1,10806.570825937235,-1,,-0.006024153978482938,-3,-1,-1
2020-09-28,10727.3750541204,-1,10806.570825937235,-1,,0.0028053730715479576,-1,0,0
2020-09-29,10841.1427444769,1,10376.51068879488,-1,,0.3157327342431441,1,1,0
2020-09-30,10772.351766803,1,10376.51068879488,-1,,0.261181319536555,1,1,0
2020-10-01,10606.6173325541,1,10376.51068879488,-1,,-0.24437096538683567,-1,0,0
2020-10-02,10570.1056777908,1,10376.51068879488,-1,,-0.5922563173588169,-1,0,0
2020-10-03,10555.7054339567,1,10376.51068879488,-1,,-0.7990842352167478,-1,0,0
2020-10-04,10665.618622443,1,10376.51068879488,-1,,-0.5067975807808689,-1,0,0
2020-10-05,10772.6355995909,1,10407.637439087892,-1,,0.0014277383766129748,1,1,0
2020-10-06,10596.3735493863,1,10407.637439087892,-1,,-0.3437106236947596,-1,0,0
2020-10-07,10667.1943941555,1,10407.637439087892,-1,,-0.2584028755755473,-1,0,0
2020-10-08,10902.5293637054,1,10503.891907546336,1,CHoCH+,0.5473412962346111,3,1,1
2020-10-09,11074.1036797779,1,10663.857674412991,1,,1.4196545508335836,3,1,1
2020-10-10,11302.8542864407,1,10865.007699613443,1,,2.4008793688132553,3,1,1
2020-10-11,11378.2625284629,1,10961.578127711708,1,,3.030751199854151,3,1,1
2020-10-12,11548.401556692,1,11122.343887547198,1,,3.6854632000293357,3,1,1
2020-10-13,11434.9687849211,1,11122.343887547198,1,,3.4914211540675453,3,1,1
2020-10-14,11417.10811391,1,11122.343887547198,1,,3.2846864560723334,3,1,1
2020-10-15,11502.5812390415,1,11133.956715982164,1,,3.3738386903542352,3,1,1
2020-10-16,11338.9871765634,1,11133.956715982164,1,,2.6802091990414167,3,1,1
2020-10-17,11362.8022174167,1,11133.956715982164,1,,2.385176062384124,3,1,1
2020-10-18,11489.6225650497,1,11136.665765236974,1,,2.5986993057796948,3,1,1
2020-10-19,11745.8119675628,1,11351.294026977417,1,BOS+,3.3489643912297145,3,1,1
2020-10-20,11929.4572507306,1,11519.297519253416,1,,4.092180240866411,3,1,1
2020-10-21,12848.4906177674,1,12203.636849326895,1,,5.760268131347986,3,1,1
2020-10-22,12997.4993417884,1,12372.428332985644,1,,6.667995422745792,3,1,1
2020-10-23,12953.4296969608,1,12377.644895590041,1,,6.867178562216674,3,1,1
2020-10-24,13113.8669231444,1,12547.529434055636,1,,7.078100260987019,3,1,1
2020-10-25,13041.6410374635,1,12547.529434055636,1,,6.808903692160145,3,1,1
2020-10-26,13080.6561698422,1,12590.717274832848,1,,6.659994878981458,3,1,1
2020-10-27,13675.5239275278,1,13056.118594713704,1,,7.215712139171832,3,1,1
2020-10-28,13290.3288497954,1,13056.118594713704,1,,6.060200123148353,3,1,1
2020-10-29,13475.2173007013,1,13056.118594713704,1,,5.685822598959447,3,1,1
2020-10-30,13603.2960908825,1,13056.118594713704,1,,5.615208225190896,3,1,1
2020-10-31,13807.2336110462,1,13175.909185718629,1,,5.787366158055487,3,1,1
2020-11-01,13736.89941128,1,13175.909185718629,1,,5.566648532888729,3,1,1
2020-11-02,13595.5647603741,1,13175.909185718629,1,,4.9162466697264335,3,1,1
2020-11-03,13996.915398597312,1,13361.023134778769,1,,5.151226215634529,3,1,1
2020-11-04,14129.148195499703,1,13517.175318992297,1,,5.390377402313525,3,1,1
2020-11-05,15606.46683372297,1,14612.495653399325,1,,6.768271062749173,3,1,1
2020-11-06,15618.972471361778,1,14720.646717778855,1,,7.37965122860013,3,1,1
2020-11-07,14866.356304500296,1,14720.646717778855,1,,5.783122635718937,3,1,1
2020-11-08,15500.000707188785,1,14720.646717778855,1,,5.537466533733884,3,1,1
2020-11-09,15319.819972530682,1,14720.646717778855,1,,4.9954011146390584,3,1,1
2020-11-10,15319.27567621274,1,14720.646717778855,1,,4.676526197798944,3,1,1
2020-11-11,15731.241105786092,1,14746.552753161825,1,,4.882712866301006,3,1,1
2020-11-12,16289.814897720637,1,15236.023242778432,1,,5.413872802715184,3,1,1
2020-11-13,16330.06276797195,1,15369.57591744857,1,,5.650089991655117,3,1,1
2020-11-14,16102.010016949156,1,15369.57591744857,1,,5.197120741813882,3,1,1
2020-11-15,15986.7549905903,1,15369.57591744857,1,,4.668007299165145,3,1,1
2020-11-16,16743.05393980129,1,15729.433665391021,1,,5.100136600343847,3,1,1
2020-11-17,17682.16918702513,1,16488.176365888736,1,,5.93728790137887,3,1,1
2020-11-18,17804.690023962594,1,16693.3402338586,1,,6.362324080542363,3,1,1
2020-11-19,17818.668662185857,1,16814.260259625284,1,,6.513121576801238,3,1,1
2020-11-20,18663.78185312683,1,17506.280333540024,1,,7.041696124041877,3,1,1
2020-11-21,18706.58933541788,1,17651.99572310244,1,,7.250803965519863,3,1,1
2020-11-22,18482.692631735823,1,17651.99572310244,1,,6.787972834740752,3,1,1
2020-11-23,18373.2577597896,1,17651.99572310244,1,,6.25311796101391,3,1,1
2020-11-24,19150.251048509646,1,18064.400004095456,1,,6.4989415993194415,3,1,1
2020-11-25,18748.393713033314,1,18064.400004095456,1,,5.756535614063427,3,1,1
2020-11-26,17113.716871420223,-1,18592.160750458257,1,,2.997901811169554,1,0,0
2020-11-27,17101.603018059614,-1,18435.836665202027,1,,1.6024096141976254,1,0,0
2020-11-28,17745.377312448858,-1,18435.836665202027,1,,1.5768515934949074,1,0,0
2020-11-29,18190.866880420806,-1,18435.836665202027,1,,1.9641292128996581,1,0,0
2020-11-30,19664.407606662764,1,17972.969723134345,1,BOS+,3.2238414444360437,3,1,1
2020-12-01,18820.60778959673,1,17972.969723134345,1,,2.828506356102687,3,1,1
2020-12-02,19214.872229047334,1,17972.969723134345,1,,2.886618286904793,3,1,1
2020-12-03,19470.31120806546,1,17972.969723134345,1,,3.064727376169494,3,1,1
2020-12-04,18732.967090999413,1,17972.969723134345,1,,2.3083903945689204,3,1,1
2020-12-05,19114.633130917588,1,17972.969723134345,1,,2.215560200479791,3,1,1
2020-12-06,19356.3136767972,1,17972.969723134345,1,,2.335390512162804,3,1,1
2020-12-07,19182.176832846293,1,17972.969723134345,1,,2.1672694696087227,3,1,1
2020-12-08,18340.97813769725,1,17972.969723134345,1,,1.1656746397949305,3,1,1
2020-12-09,18574.69673524255,1,17972.969723134345,1,,0.8846370639889316,3,1,1
2020-12-10,18294.84695149036,1,17972.969723134345,1,,0.4482691663134716,3,1,1
2020-12-11,18061.760025716,1,17972.969723134345,1,,-0.009109619633577482,1,0,0
2020-12-12,18813.2837685564,1,17972.969723134345,1,,0.5271480584893105,3,1,1
2020-12-13,19156.0825055523,1,17972.969723134345,1,,1.0973248662963817,3,1,1
2020-12-14,19286.7512992402,1,18004.36830082082,1,,1.4843580189286159,3,1,1
2020-12-15,19432.5884640561,1,18234.692616033888,1,,1.7956601752273726,3,1,1
2020-12-16,21370.7203186441,1,19711.17449904771,1,BOS+,3.3436319254174682,3,1,1
2020-12-17,22789.2674160725,1,20870.112049207226,1,,4.752671847773052,3,1,1
2020-12-18,23048.7645610754,1,21243.675587395785,1,,5.502837312952147,3,1,1
2020-12-19,23856.7735192285,1,21989.790755470916,1,,6.140890182525778,3,1,1
2020-12-20,23528.5506135593,1,21989.790755470916,1,,5.985028076832718,3,1,1
2020-12-21,22937.4183435418,1,21989.790755470916,1,,5.156198902943727,3,1,1
2020-12-22,23756.8887685564,1,21989.790755470916,1,,5.123021893191762,3,1,1
2020-12-23,23307.2709018118,1,21989.790755470916,1,,4.556704236464849,3,1,1
2020-12-24,23707.6330440678,1,21989.790755470916,1,,4.456648846016881,3,1,1
2020-12-25,24669.1643220339,1,22817.4443819331,1,BOS+,4.854053297875359,3,1,1
2020-12-26,26478.0681052016,1,24268.84902416057,1,,5.722222289616866,3,1,1
2020-12-27,26430.8565971946,1,24428.395971855574,1,,6.035963337829809,3,1,1
2020-12-28,27039.3490199883,1,25054.586730345065,1,,6.3508849516864325,3,1,1
2020-12-29,27231.2034552893,1,25387.361064020086,1,,6.509417021176965,3,1,1
2020-12-30,28844.6136781999,1,26701.13245918443,1,,7.051076780291438,3,1,1
2020-12-31,29022.6714126242,1,27040.120995182988,1,,7.295210043431831,3,1,1
2021-01-01,29380.6937327878,1,27488.99166104163,1,,7.449169152913322,3,1,1
2021-01-02,32022.6810578609,1,29527.552995767415,1,,8.101790234507146,3,1,1
2021-01-03,33277.8353050848,1,30655.673775033494,1,,8.570345963548265,3,1,1
2021-01-04,31802.1467136178,1,30655.673775033494,1,,7.363353480061253,3,1,1
2021-01-05,34013.1741724138,1,30827.47917573735,1,,7.256834460484713,3,1,1
2021-01-06,36643.2777223846,1,32987.12116038455,1,,7.634767373500129,3,1,1
2021-01-07,39215.6511490356,1,35153.39821524026,1,,8.122898174294585,3,1,1
2021-01-08,40775.4045634132,1,36651.45089868411,1,,8.476378800861827,3,1,1
2021-01-09,40370.6823495032,1,36651.45089868411,1,,8.289914293372888,3,1,1
2021-01-10,38329.3401665693,1,36651.45089868411,1,,6.862627862073982,3,1,1
2021-01-11,35269.5137177089,-1,39843.33376132681,1,,4.618261946277018,1,0,0
2021-01-12,33712.4685452952,-1,38296.02013627543,1,,2.8530062179433293,1,0,0
2021-01-13,37296.5475277615,-1,38296.02013627543,1,,2.945452289269322,1,0,0
2021-01-14,39045.518340152,1,33840.44898247496,1,,3.357959569719802,3,1,1
2021-01-15,36710.3174248977,1,33840.44898247496,1,,2.662161569373229,3,1,1
2021-01-16,36177.2610970193,1,33840.44898247496,1,,2.1091815640984306,3,1,1
2021-01-17,36069.939466803,1,33840.44898247496,1,,1.7776815528800969,3,1,1
2021-01-18,36594.2964018118,1,33840.44898247496,1,,1.7538434471679378,3,1,1
2021-01-19,36250.1461893629,1,33840.44898247496,1,,1.5849532026185467,3,1,1
2021-01-20,35515.480012858,1,33840.44898247496,1,,1.1865472725049724,3,1,1
2021-01-21,31022.9510280538,-1,35744.80339119605,-1,CHoCH-,-0.4937682600535749,-3,-1,-1
2021-01-22,32986.4357568673,-1,35744.80339119605,-1,,-0.6192675271758448,-3,-1,-1
2021-01-23,32036.2822723553,-1,35744.80339119605,-1,,-0.9519197567113725,-3,-1,-1
2021-01-24,32216.1042904734,-1,35744.80339119605,-1,,-1.0394131392049748,-3,-1,-1
2021-01-25,32419.7059462303,-1,35744.80339119605,-1,,-0.993413318140278,-3,-1,-1
2021-01-26,32640.6391426067,-1,35744.80339119605,-1,,-0.8717373015060204,-3,-1,-1
2021-01-27,30358.9347235535,-1,34236.130371334744,-1,BOS-,-1.5603815849078102,-3,-1,-1
2021-01-28,33511.287595149,-1,34236.130371334744,-1,,-0.7003034124662255,-3,-1,-1
2021-01-29,34166.1494259497,-1,34236.130371334744,-1,,-0.057104808836631604,-3,-1,-1
2021-01-30,34349.9170952659,1,30525.476725124612,-1,,0.3204740210623845,1,1,0
2021-01-31,33157.8325745178,1,30525.476725124612,-1,,0.054953915752899346,1,1,0
2021-02-01,33570.2718468732,1,30525.476725124612,-1,,0.08112833054531539,1,1,0
2021-02-02,35596.1489094097,1,31799.33361873801,-1,,0.8102458766867406,1,1,0
2021-02-03,37578.3732068966,1,33566.57215604601,-1,,1.758568008095334,1,1,0
2021-02-04,37129.2029376972,1,33566.57215604601,-1,,2.0088006941680234,1,1,0
2021-02-05,38045.4136084161,1,34399.71558332761,-1,,2.3884079996934844,1,1,0
2021-02-06,39341.727081239,1,35671.70481681249,-1,,2.922840113832696,1,1,0
2021-02-07,39003.0121817651,1,35671.70481681249,-1,,2.988151134872888,1,1,0
2021-02-08,46121.9340724722,1,40922.08644821664,1,CHoCH+,4.53507405382547,3,1,1
2021-02-09,46548.1619912332,1,41740.430753774905,1,,5.312691661617823,3,1,1
2021-02-10,45078.128350263,1,41740.430753774905,1,,4.989438628259746,3,1,1
2021-02-11,47892.8409181765,1,42757.255762399276,1,,5.289324936118057,3,1,1
2021-02-12,47525.2091431911,1,42792.89297049598,1,,5.223254641256927,3,1,1
2021-02-13,47208.6250270602,1,42854.56523679532,1,,4.995808877821471,3,1,1
2021-02-14,48829.8275096435,1,44424.81295363012,1,,5.154782663396816,3,1,1
2021-02-15,48110.2417334892,1,44424.81295363012,1,,4.8479907779654345,3,1,1
2021-02-16,49140.3826578024,1,45068.99043057594,1,,4.869671786133583,3,1,1
2021-02-17,52224.9391139684,1,47635.319172614785,1,,5.415885757322156,3,1,1
2021-02-18,51650.0699485681,1,47635.319172614785,1,,5.359026333678585,3,1,1
2021-02-19,55820.5044038574,1,50696.5672401161,1,,5.967314988355887,3,1,1
2021-02-20,55861.8205670953,1,51237.88227075677,1,,6.208636976335779,3,1,1
2021-02-21,57500.7161102864,1,52847.502980624384,1,,6.50893992046327,3,1,1
2021-02-22,53952.1533386324,1,52847.502980624384,1,,5.109557092904893,3,1,1
2021-02-23,48560.4890350672,-1,54905.20290950957,1,,2.738023658676947,1,0,0
2021-02-24,49567.3456890707,-1,54905.20290950957,1,,1.7871079169799027,1,0,0
2021-02-25,47568.131170076,-1,53578.965060653674,1,,0.786496697634173,1,0,0
2021-02-26,46231.7675784921,-1,52042.42715748718,1,,-0.037197740131192536,-1,-1,0
2021-02-27,45834.5133611923,-1,51183.28324747781,1,,-0.5373658315627106,-1,-1,0
2021-02-28,45359.4641642314,-1,50315.87182097663,1,,-0.8975602850625664,-1,-1,0
2021-03-01,49634.4471092928,-1,50315.87182097663,1,,0.09993986080183914,1,0,0
2021-03-02,48304.7054879018,-1,50315.87182097663,1,,0.22192589618381256,1,0,0
2021-03-03,50690.4671835184,1,44963.66639964066,1,,0.8541025519267533,3,1,1
2021-03-04,48472.7954751607,1,44963.66639964066,1,,0.5519696359165241,3,1,1
2021-03-05,48800.8173594389,1,44963.66639964066,1,,0.48164313129727787,3,1,1
2021-03-06,48970.5244868498,1,44963.66639964066,1,,0.487683829560808,3,1,1
2021-03-07,51086.4681794272,1,46083.79603245342,1,,1.0379259842438693,3,1,1
2021-03-08,52088.475131502,1,47285.46811360316,1,,1.5421383985992412,3,1,1
2021-03-09,54739.1352542373,1,49621.230901307754,1,,2.369934280105368,3,1,1
2021-03-10,56116.040912332,1,51096.855297267,1,,3.0317010079276443,3,1,1
2021-03-11,57847.2549357101,1,52810.623675138166,1,BOS+,3.65899777399892,3,1,1
2021-03-12,57334.641534775,1,52810.623675138166,1,,3.7337240881926523,3,1,1
2021-03-13,61288.7941276447,1,55884.471410468046,1,,4.450838104432026,3,1,1
2021-03-14,59905.6184704851,1,55884.471410468046,1,,4.2497501628756,3,1,1
2021-03-15,56121.121924021,1,55884.471410468046,1,,2.909657267919694,3,1,1
2021-03-16,56500.4460257159,1,55884.471410468046,1,,2.3084588571193354,3,1,1
2021-03-17,58683.0659824664,1,55884.471410468046,1,,2.467141367437959,3,1,1
2021-03-18,57731.4798410871,1,55884.471410468046,1,,2.220994954644947,3,1,1
2021-03-19,58168.1219222677,1,55884.471410468046,1,,2.1791263501126172,3,1,1
2021-03-20,58247.8847066043,1,55884.471410468046,1,,2.1554549507874183,3,1,1
2021-03-21,57447.9330198714,1,55884.471410468046,1,,1.8365250919407052,3,1,1
2021-03-22,54453.1373508475,-1,59132.263547881324,1,,0.7075638201122408,1,0,0
2021-03-23,54563.6119458211,-1,58807.96790164363,1,,0.18233957828185784,1,0,0
2021-03-24,52595.4113237873,-1,57005.79187063771,1,,-0.6487894952444845,-1,-1,0
2021-03-25,51547.1248953828,-1,55830.95331606952,1,,-1.3324817720241102,-1,-1,0
2021-03-26,54817.8571122151,-1,55830.95331606952,1,,-0.590457821102695,-1,-1,0
2021-03-27,56019.8373055523,1,51306.24452825017,1,,0.11935889375494851,3,1,1
2021-03-28,55713.0381396844,1,51378.764890352126,1,,0.3663364183791319,3,1,1
2021-03-29,57571.2333477498,1,53112.92886093113,1,,1.0125434439386263,3,1,1
2021-03-30,58684.5483921683,1,54338.07984070595,1,,1.6141894299661064,3,1,1
2021-03-31,58792.1948275862,1,54848.079200644715,1,,1.9209097205619647,3,1,1
2021-04-01,58818.9770985973,1,55261.23835304663,1,,2.058690826845198,3,1,1
2021-04-02,59031.5340192285,1,55765.80207204354,1,,2.1704632547799427,3,1,1
2021-04-03,57282.3896247808,1,55765.80207204354,1,,1.458227644119735,3,1,1
2021-04-04,58202.199391993,1,55765.80207204354,1,,1.4141930226528023,3,1,1
2021-04-05,58755.8525295149,1,55765.80207204354,1,,1.5680361859005867,3,1,1
2021-04-06,58084.0664231444,1,55765.80207204354,1,,1.325392953871291,3,1,1
2021-04-07,56266.8346762127,1,55765.80207204354,1,,0.44379658227619634,3,1,1
2021-04-08,57963.3445994155,1,55765.80207204354,1,,0.6553092563294367,3,1,1
2021-04-09,58051.7625563998,1,55765.80207204354,1,,0.784617395909623,3,1,1
2021-04-10,59651.5589877265,1,56304.34005476429,1,BOS+,1.4120083131519592,3,1,1
2021-04-11,59932.9306469901,1,56836.022109545025,1,,1.8008510621977507,3,1,1
2021-04-12,59905.9363744594,1,57110.62040899963,1,,1.95850646828982,3,1,1
2021-04-13,63445.638314436,1,59867.94336352922,1,,3.1213301452799183,3,1,1
2021-04-14,62869.4955873758,1,59867.94336352922,1,,3.36069134417148,3,1,1
2021-04-15,63231.162987142,1,60069.1713206714,1,,3.5493109899233364,3,1,1
2021-04-16,61571.1100905903,1,60069.1713206714,1,,2.761821458132586,3,1,1
2021-04-17,60280.8761758036,1,60069.1713206714,1,,1.7664246270536443,3,1,1
2021-04-18,56389.5579812975,-1,60613.80137536087,1,,-0.11938246010364817,-1,-1,0
2021-04-19,55798.1370771479,-1,59777.382403049814,-1,CHoCH-,-1.2157455658579033,-3,-1,-1
2021-04-20,56474.3737586207,-1,59777.382403049814,-1,,-1.4519269829888264,-3,-1,-1
2021-04-21,54025.7995745178,-1,58166.144447726874,-1,,-2.273296868476512,-3,-1,-1
2021-04-22,51882.0598106371,-1,56251.49212568948,-1,,-3.181691056813081,-3,-1,-1
2021-04-23,50954.9100607832,-1,55165.54406928651,-1,,-3.8043390503627093,-3,-1,-1
2021-04-24,50279.9484464056,-1,54272.007538371865,-1,,-4.222825752842899,-3,-1,-1
2021-04-25,48946.9407428404,-1,52939.69623667959,-1,,-4.678897003111199,-3,-1,-1
2021-04-26,53943.3499783752,1,48850.947263259484,-1,,-2.849242976166497,-1,0,0
2021-04-27,55027.0309848042,1,50118.76423927136,-1,,-1.5800110048796767,-1,0,0
2021-04-28,54787.3787071888,1,50298.04295292462,-1,,-1.0153512803036897,-1,0,0
2021-04-29,53567.0811938048,1,50298.04295292462,-1,,-1.1012513753895112,-1,0,0
2021-04-30,57741.44441654,1,52523.29316015177,-1,,0.1376072902006351,1,1,0
2021-05-01,57863.5903927528,1,53130.61046913955,-1,,0.7751822768129546,1,1,0
2021-05-02,56572.5968410286,1,53130.61046913955,-1,,0.6474128855564667,1,1,0
2021-05-03,57243.0416054939,1,53130.61046913955,-1,,0.780243711522197,1,1,0
2021-05-04,53724.10892519,1,53130.61046913955,-1,,-0.23609073335671626,-1,0,0
2021-05-05,57342.0256616014,1,53130.61046913955,-1,,0.30527611449271996,1,1,0
2021-05-06,56527.3529789597,1,53130.61046913955,-1,,0.33139934923412495,1,1,0
2021-05-07,57341.0684549386,1,53130.61046913955,-1,,0.5638296493827673,1,1,0
2021-05-08,58736.1258950906,1,53827.70713777763,1,CHoCH+,1.0445251258466708,3,1,1
2021-05-09,58288.4256303916,1,53827.70713777763,1,,1.1187480724615382,3,1,1
2021-05-10,55902.9277399182,1,53827.70713777763,1,,0.39255934393367103,3,1,1
2021-05-11,56612.1026487434,1,53827.70713777763,1,,0.2512271592173121,3,1,1
2021-05-12,50972.355081239,-1,56753.75815882087,1,,-1.2493144955748923,-1,-1,0
2021-05-13,49368.6144739918,-1,55052.99942598964,1,,-2.2909943645379225,-1,-1,0
2021-05-14,49997.3959011105,-1,55052.99942598964,1,,-2.5670679057331993,-1,-1,0
2021-05-15,47047.9633331385,-1,52706.9158999704,-1,CHoCH-,-3.257230979119539,-3,-1,-1
2021-05-16,46022.5037090006,-1,51423.19890639068,-1,,-3.74695911694301,-3,-1,-1
2021-05-17,43492.3954833431,-1,49112.05362869142,-1,,-4.377912540596857,-3,-1,-1
2021-05-18,42789.8093921683,-1,48058.277550334235,-1,,-4.7548332060279925,-3,-1,-1
2021-05-19,37642.5200017534,-1,43928.32816122721,-1,,-5.609425386009403,-3,-1,-1
2021-05-20,40799.4021475745,-1,43928.32816122721,-1,,-4.921861328307898,-3,-1,-1
2021-05-21,37174.3311014027,-1,43928.32816122721,-1,,-5.04702942165914,-3,-1,-1
2021-05-22,37643.4197983635,-1,43928.32816122721,-1,,-4.909481678859842,-3,-1,-1
2021-05-23,34774.207221917,-1,41457.046065971954,-1,,-5.183319227601778,-3,-1,-1
2021-05-24,38630.4091186441,-1,41457.046065971954,-1,,-4.145754415932167,-3,-1,-1
2021-05-25,38269.7710747516,-1,41457.046065971954,-1,,-3.6539319278004765,-3,-1,-1
2021-05-26,39194.8588980129,-1,41457.046065971954,-1,,-3.114844986492609,-3,-1,-1
2021-05-27,38510.8570417884,-1,41457.046065971954,-1,,-2.948411210610895,-3,-1,-1
2021-05-28,35596.7179510228,-1,41457.046065971954,-1,,-3.3599464687951137,-3,-1,-1
2021-05-29,34681.8183670368,-1,40417.2684964514,-1,BOS-,-3.6806695015852746,-3,-1,-1
2021-05-30,35652.1687703098,-1,40417.2684964514,-1,,-3.4861458037597233,-3,-1,-1
2021-05-31,37312.9748970193,-1,40417.2684964514,-1,,-2.837491462613132,-3,-1,-1
2021-06-01,36661.3781184687,-1,40417.2684964514,-1,,-2.631262263496799,-3,-1,-1
2021-06-02,37639.4556732905,-1,40417.2684964514,-1,,-2.190814469808208,-3,-1,-1
2021-06-03,39160.1504132086,-1,40417.2684964514,-1,,-1.4851453573982025,-3,-1,-1
2021-06-04,36884.3735551724,-1,40417.2684964514,-1,,-1.6889219023872961,-3,-1,-1
2021-06-05,35409.5672366452,-1,40370.317097366424,-1,,-2.1070664692475836,-3,-1,-1
2021-06-06,35720.6043546464,-1,40278.59036469586,-1,,-2.184426031499218,-3,-1,-1
2021-06-07,33724.9077517826,-1,38425.804141686254,-1,BOS-,-2.6583651298100768,-3,-1,-1
2021-06-08,33475.0489234366,-1,37780.81332285369,-1,,-2.918684422616674,-3,-1,-1
2021-06-09,37372.9888953828,-1,37780.81332285369,-1,,-1.7204151439202082,-3,-1,-1
2021-06-10,36826.0022185856,-1,37780.81332285369,-1,,-1.2631059284422297,-3,-1,-1
2021-06-11,37185.3931268264,-1,37780.81332285369,-1,,-0.9126131976130212,-3,-1,-1
2021-06-12,35669.1712817066,-1,37780.81332285369,-1,,-1.1627106334115247,-3,-1,-1
2021-06-13,38925.4194289889,1,34022.464764813834,-1,,-0.2798752751285259,-1,0,0
2021-06-14,40455.5959833431,1,35583.88381927928,1,CHoCH+,0.5587440758562876,3,1,1
2021-06-15,40254.6514679135,1,35809.82716562718,1,,0.8977375503398158,3,1,1
2021-06-16,38265.5437726476,1,35809.82716562718,1,,0.42466352612110814,3,1,1
2021-06-17,38018.6432346581,1,35809.82716562718,1,,0.11298390905494375,3,1,1
2021-06-18,35714.3120787259,-1,40195.90465707907,1,,-0.7118271930269686,-1,-1,0
2021-06-19,35555.9763966686,-1,39636.91042180364,1,,-1.1522312546042643,-1,-1,0
2021-06-20,35599.9418784337,-1,39285.97214558477,1,,-1.3389730111592786,-1,-1,0
2021-06-21,31715.1598624196,-1,36198.02170765979,-1,CHoCH-,-2.4412005685209293,-3,-1,-1
2021-06-22,32394.5555949737,-1,36198.02170765979,-1,,-2.6860963427658415,-3,-1,-1
2021-06-23,33610.4968129749,-1,36198.02170765979,-1,,-2.3084813027586435,-3,-1,-1
2021-06-24,34658.972875979,-1,36198.02170765979,-1,,-1.712586742517956,-3,-1,-1
2021-06-25,31683.5032004676,-1,36198.02170765979,-1,,-2.21284777222424,-3,-1,-1
2021-06-26,31890.6764465225,-1,36057.72181344841,-1,,-2.3550460088919687,-3,-1,-1
2021-06-27,34506.4911975453,-1,36057.72181344841,-1,,-1.4654531885037252,-3,-1,-1
2021-06-28,34376.188538983,-1,36057.72181344841,-1,,-1.054542692926273,-3,-1,-1
2021-06-29,35933.7782178843,-1,36057.72181344841,-1,,-0.32189184860660147,-3,-1,-1
2021-06-30,35065.4661533606,-1,36057.72181344841,-1,,-0.2532670839444454,-3,-1,-1
2021-07-01,33505.0804935126,-1,36057.72181344841,-1,,-0.7164081690492154,-3,-1,-1
2021-07-02,33782.9459464641,-1,36057.72181344841,-1,,-0.8312350015384894,-3,-1,-1
2021-07-03,34588.2242916423,-1,36057.72181344841,-1,,-0.5727068610576385,-3,-1,-1
2021-07-04,35355.6078883694,-1,36057.72181344841,-1,,-0.1535131111483572,-3,-1,-1
2021-07-05,33911.7538404442,-1,36057.72181344841,-1,,-0.4780339716223188,-3,-1,-1
2021-07-06,34123.9815680888,-1,36057.72181344841,-1,,-0.5454847678363315,-3,-1,-1
2021-07-07,33931.6186382233,-1,36057.72181344841,-1,,-0.647528084559776,-3,-1,-1
2021-07-08,32819.6595312098,-1,35864.3777780054,-1,,-1.1180728773041584,-3,-1,-1
2021-07-09,33914.8810742256,-1,35864.3777780054,-1,,-0.834765293212816,-3,-1,-1
2021-07-10,33610.9458386908,-1,35864.3777780054,-1,,-0.8126905933172194,-3,-1,-1
2021-07-11,34258.4413898305,-1,35864.3777780054,-1,,-0.48909791987327594,-3,-1,-1
2021-07-12,33135.2359117475,-1,35864.3777780054,-1,,-0.8134769076272599,-3,-1,-1
2021-07-13,32641.9759610169,-1,35330.47961411903,-1,,-1.1694438447648308,-3,-1,-1
2021-07-14,32798.2845189947,-1,35264.83037417996,-1,,-1.2464890187272886,-3,-1,-1
2021-07-15,31707.6900368206,-1,34254.75965113957,-1,,-1.741907773744977,-3,-1,-1
2021-07-16,31455.7175818819,-1,33823.67197125058,-1,BOS-,-2.0719498348777683,-3,-1,-1
2021-07-17,31547.9511990064,-1,33706.780234575555,-1,,-2.1525585523805124,-3,-1,-1
2021-07-18,31707.7038527177,-1,33698.57578084333,-1,,-2.0617707709830784,-3,-1,-1
2021-07-19,30883.4697462303,-1,32922.52471348959,-1,,-2.396663791204869,-3,-1,-1
2021-07-20,29766.6577182934,-1,31936.85079720783,-1,,-3.0269299386518833,-3,-1,-1
2021-07-21,32119.6572258328,1,29716.831924592065,-1,,-1.8232124232039721,-1,0,0
2021-07-22,32306.9614285798,1,29857.603906799377,-1,,-1.1126752742274544,-1,0,0
2021-07-23,33439.5957028638,1,30895.38365097622,-1,,-0.15781521678937271,-1,0,0
2021-07-24,34166.914654588,1,31658.928122371915,-1,,0.664002975082381,1,1,0
2021-07-25,35119.9374360023,1,32576.842722583533,1,CHoCH+,1.492873095115066,3,1,1
2021-07-26,37444.7825102279,1,34458.54374588333,1,,2.7616658521814506,3,1,1
2021-07-27,39126.5402881356,1,35934.39806685317,1,,3.8622053514647248,3,1,1
2021-07-28,39939.1940432495,1,36822.46991756115,1,,4.584020376931507,3,1,1
2021-07-29,40086.1643950906,1,37237.02157641875,1,,4.93050646504749,3,1,1
2021-07-30,41789.6670981882,1,38714.387750454254,1,,5.50291416281668,3,1,1
2021-07-31,41793.3137481005,1,39024.46834016626,1,,5.726330105706463,3,1,1
2021-08-01,39968.9689544126,1,39024.46834016626,1,,4.5707220019807595,3,1,1
2021-08-02,39304.1862835769,1,39024.46834016626,1,,3.567369082319259,3,1,1
2021-08-03,38288.8253975453,-1,41234.72907173064,1,,2.4759010285628813,1,0,0
2021-08-04,39773.9113489188,-1,41234.72907173064,1,,2.508369370184217,1,0,0
2021-08-05,40941.650434249,-1,41234.72907173064,1,,2.913240206698504,1,0,0
2021-08-06,42790.3573284629,1,39412.0160424947,1,BOS+,3.656663452963227,3,1,1
2021-08-07,44484.9005862069,1,40936.03045151232,1,,4.433016696030495,3,1,1
2021-08-08,43972.3010181181,1,40936.03045151232,1,,4.466080648546684,3,1,1
2021-08-09,46265.6424564582,1,42564.653332469585,1,,5.016828671843387,3,1,1
2021-08-10,45488.7912624196,1,42564.653332469585,1,,4.793004528763378,3,1,1
2021-08-11,45676.3263611923,1,42564.653332469585,1,,4.684549563871084,3,1,1
2021-08-12,44405.7483483343,1,42564.653332469585,1,,3.8657930189232683,3,1,1
2021-08-13,47717.4853559322,1,43737.22084079423,1,,4.347594521538657,3,1,1
2021-08-14,47124.2050736411,1,43737.22084079423,1,,4.230051077789437,3,1,1
2021-08-15,47074.370710111,1,43737.22084079423,1,,4.101503471095357,3,1,1
2021-08-16,45984.7199070719,1,43737.22084079423,1,,3.416761750940692,3,1,1
2021-08-17,44714.0967982466,1,43737.22084079423,1,,2.426231298445475,3,1,1
2021-08-18,44954.3637469316,1,43737.22084079423,1,,2.0071457338372,3,1,1
2021-08-19,46646.8615049679,1,43737.22084079423,1,,2.3895622016491362,3,1,1
2021-08-20,49240.8356049094,1,45447.758643547335,1,BOS+,3.314794325025304,3,1,1
2021-08-21,49070.2409701929,1,45605.293314552095,1,,3.642808702354185,3,1,1
2021-08-22,49363.3160952659,1,46156.94066766727,1,,3.850800778122482,3,1,1
2021-08-23,49590.8763676213,1,46636.87040107591,1,,3.9820021024025856,3,1,1
2021-08-24,47925.8622127411,1,46636.87040107591,1,,3.0695286885989166,3,1,1
2021-08-25,49002.3166049094,1,46636.87040107591,1,,2.9733642076352953,3,1,1
2021-08-26,47190.3449929866,1,46636.87040107591,1,,1.996690217163228,3,1,1
2021-08-27,49048.4755891292,1,46636.87040107591,1,,2.1615337366396146,3,1,1
2021-08-28,48852.4687995324,1,46636.87040107591,1,,2.1242946270847067,3,1,1
2021-08-29,48948.3479579193,1,46636.87040107591,1,,2.1192763069657463,3,1,1
2021-08-30,47125.7685189947,1,46636.87040107591,1,,1.20874983406997,3,1,1
2021-08-31,47219.2443424898,1,46636.87040107591,1,,0.7912060955112071,3,1,1
2021-09-01,48688.5375572764,1,46636.87040107591,1,,1.1970710551309711,3,1,1
2021-09-02,49369.5862746932,1,46636.87040107591,1,,1.648636533891933,3,1,1
2021-09-03,49860.5341635301,1,47018.01577858006,1,BOS+,2.0424500567407002,3,1,1
2021-09-04,49919.577563647,1,47343.597997156896,1,,2.23754886296263,3,1,1
2021-09-05,51747.6438565167,1,48880.84235881469,1,,2.996478403493491,3,1,1
2021-09-06,52640.5883740503,1,49792.58367085842,1,,3.6320163175984583,3,1,1
2021-09-07,46854.4006028638,-1,51153.46116709245,-1,CHoCH-,1.2592486706906612,-1,0,0
2021-09-08,46187.9757306254,-1,50257.057700102705,-1,,-0.13291327963344335,-3,-1,-1
2021-09-09,46448.7748290473,-1,50189.18833110344,-1,,-0.7027431280105954,-3,-1,-1
2021-09-10,44765.2755762712,-1,48636.69750395455,-1,,-1.532920496029591,-3,-1,-1
2021-09-11,45098.5916447691,-1,48636.69750395455,-1,,-1.7703609790103378,-3,-1,-1
2021-09-12,46180.6124563998,-1,48636.69750395455,-1,,-1.3806219187615292,-3,-1,-1
2021-09-13,44991.5221277031,-1,48543.65723537856,-1,,-1.6033298492250438,-3,-1,-1
2021-09-14,47022.6177597896,-1,48543.65723537856,-1,,-0.83839911619331,-3,-1,-1
2021-09-15,48167.1893676213,-1,48543.65723537856,-1,,-0.027159391439689873,-3,-1,-1
2021-09-16,47797.3283237873,-1,48543.65723537856,-1,,0.21676610241057595,-1,0,0
2021-09-17,47213.7941294565,-1,48543.65723537856,-1,,0.08873193723925508,-1,0,0
2021-09-18,48204.0136519579,-1,48543.65723537856,-1,,0.43150035621010074,-1,0,0
2021-09-19,47218.4739964933,-1,48543.65723537856,-1,,0.1640399676231997,-1,0,0
2021-09-20,42855.5103448276,-1,47097.09205396699,-1,BOS-,-1.4423939087961708,-3,-1,-1
2021-09-21,40526.4893760958,-1,45042.61920494079,-1,,-2.7900235868047645,-3,-1,-1
2021-09-22,43577.5724821742,-1,45042.61920494079,-1,,-2.2203440248821558,-3,-1,-1
2021-09-23,44861.2980329047,-1,45042.61920494079,-1,,-1.4816259050234948,-3,-1,-1
2021-09-24,42803.307701052,-1,45042.61920494079,-1,,-1.6750767102534794,-3,-1,-1
2021-09-25,42735.2658240795,-1,45042.61920494079,-1,,-1.770590765344497,-3,-1,-1
2021-09-26,43131.2941773816,-1,45042.61920494079,-1,,-1.6480303309505695,-3,-1,-1
2021-09-27,42496.7852250146,-1,45042.61920494079,-1,,-1.764577981486384,-3,-1,-1
2021-09-28,41223.7862743425,-1,45042.61920494079,-1,,-2.1807703637667273,-3,-1,-1
2021-09-29,41453.9470131502,-1,45042.61920494079,-1,,-2.259853458341503,-3,-1,-1
2021-09-30,43781.546015488,-1,45042.61920494079,-1,,-1.3229973159388808,-3,-1,-1
2021-10-01,48078.1315543542,1,43230.104144935176,-1,,0.4684272745873048,1,1,0
2021-10-02,47792.4391943308,1,43343.50681784666,-1,,1.2342978349768412,1,1,0
2021-10-03,48202.6229177089,1,44075.528661859746,-1,,1.7120044808583108,1,1,0
2021-10-04,49288.5013106371,1,45248.3529624944,1,CHoCH+,2.23347585219647,3,1,1
2021-10-05,51558.0493319112,1,47241.05141220054,1,,3.042191156303897,3,1,1
2021-10-06,55419.800411163,1,50375.976959647865,1,,4.185824277183177,3,1,1
2021-10-07,53805.1569125658,1,50375.976959647865,1,,4.04953218597311,3,1,1
2021-10-08,53933.5275908825,1,50375.976959647865,1,,3.9678502253295918,3,1,1
2021-10-09,55010.9224751607,1,50583.73826041808,1,,4.122447584110657,3,1,1
2021-10-10,54701.2797022209,1,50623.9210770706,1,,4.018529249665674,3,1,1
2021-10-11,57289.1864570426,1,52843.19166796081,1,,4.489096863710447,3,1,1
2021-10-12,56196.1812597896,1,52843.19166796081,1,,4.193242962249196,3,1,1
2021-10-13,57348.8928769725,1,53106.71220940308,1,,4.264155374329031,3,1,1
2021-10-14,57384.0369146698,1,53555.53110254813,1,,4.262240830928761,3,1,1
2021-10-15,61446.0840073057,1,56781.814648605425,1,,5.038388047713676,3,1,1
2021-10-16,60932.0632119228,1,56781.814648605425,1,,5.130529020667794,3,1,1
2021-10-17,61462.2223722969,1,57386.33082888406,1,,5.226715357119891,3,1,1
2021-10-18,61977.0575514319,1,58154.30460861985,1,,5.324230042449621,3,1,1
2021-10-19,64290.8977574518,1,60156.26804711499,1,,5.758967887499912,3,1,1
2021-10-20,66061.7965639977,1,61809.3601827308,1,,6.209828208058374,3,1,1
2021-10-21,62373.8856206897,1,61809.3601827308,1,,4.755345110130294,3,1,1
2021-10-22,60750.9673718293,-1,65678.05227000677,1,,3.407319658134489,1,0,0
2021-10-23,61250.082628872,-1,65678.05227000677,1,,2.8389096573906842,1,0,0
2021-10-24,60865.4470523086,-1,65106.537612202905,1,,2.3863896559341393,1,0,0
2021-10-25,63031.6729015196,-1,65106.537612202905,1,,2.708300988238456,1,0,0
2021-10-26,60393.9802738165,-1,65106.537612202905,1,,1.8882810265157792,1,0,0
2021-10-27,58563.3359899766,-1,63442.85418412963,1,,0.8960748261132416,1,0,0
2021-10-28,60564.5721122151,-1,63442.85418412963,1,,0.9710939786402573,1,0,0
2021-10-29,62230.8055689655,-1,63442.85418412963,1,,1.4297763976203997,1,0,0
2021-10-30,61742.9165321449,-1,63442.85418412963,1,,1.473447997662795,1,0,0
2021-10-31,61432.9700628287,-1,63442.85418412963,1,,1.3704231494253973,1,0,0
2021-11-01,61092.0950592051,-1,63442.85418412963,1,,1.1810625747005692,1,0,0
2021-11-02,63024.7472296902,-1,63442.85418412963,1,,1.6532083158285293,1,0,0
2021-11-03,62955.9817630041,-1,63442.85418412963,1,,1.8392322034301127,1,0,0
2021-11-04,61393.8899780246,-1,63442.85418412963,1,,1.2931633254803632,1,0,0
2021-11-05,61005.840833723,-1,63442.85418412963,1,,0.8643895616191668,1,0,0
2021-11-06,61455.0536268849,-1,63442.85418412963,1,,0.8094608127349247,1,0,0
2021-11-07,63043.8290590298,-1,63442.85418412963,1,,1.326833259117293,1,0,0
2021-11-08,67541.7555081824,1,63055.147313044756,1,BOS+,2.764547608079126,3,1,1
2021-11-09,67095.5856706605,1,63055.147313044756,1,,3.2464455590340595,3,1,1
2021-11-10,64756.0779689071,1,63055.147313044756,1,,2.510430105729912,3,1,1
2021-11-11,64962.9312939801,1,63055.147313044756,1,,2.183089114016044,3,1,1
2021-11-12,64078.968037405,1,63055.147313044756,1,,1.655996512092009,3,1,1
2021-11-13,64397.7912063121,1,63055.147313044756,1,,1.4854404772014975,3,1,1
2021-11-14,65032.2256548217,1,63055.147313044756,1,,1.599273982725815,3,1,1
2021-11-15,63753.5031592636,1,63055.147313044756,1,,1.099842514382552,3,1,1
2021-11-16,60322.4978530099,-1,64499.93395141326,-1,CHoCH-,-0.3387553651851889,-3,-1,-1
2021-11-17,60154.3083661601,-1,63964.45770077806,-1,,-1.0904475925931072,-3,-1,-1
2021-11-18,56794.1556271186,-1,61231.33584998721,-1,,-2.3568339735703243,-3,-1,-1
2021-11-19,58014.0729888954,-1,61231.33584998721,-1,,-2.4544407998661923,-3,-1,-1
2021-11-20,59749.4738229106,-1,61231.33584998721,-1,,-1.8243955299151944,-3,-1,-1
2021-11-21,59032.6241017534,-1,61231.33584998721,-1,,-1.7089614602603087,-3,-1,-1
2021-11-22,56383.5658760958,-1,60971.5650424159,-1,,-2.3461881980824573,-3,-1,-1
2021-11-23,57642.2657980713,-1,60971.5650424159,-1,,-2.1544726030264254,-3,-1,-1
2021-11-24,57141.8303784337,-1,60971.5650424159,-1,,-2.176042624684907,-3,-1,-1
2021-11-25,59008.6554792519,-1,60971.5650424159,-1,,-1.4713747016027598,-3,-1,-1
2021-11-26,53800.6178389831,-1,59274.141641215254,-1,,-2.4195723696891918,-3,-1,-1
2021-11-27,54635.8824628872,-1,59274.141641215254,-1,,-2.566944918912557,-3,-1,-1
2021-11-28,57248.5696963764,-1,59274.141641215254,-1,,-1.7725992024505433,-3,-1,-1
2021-11-29,57920.7107299825,-1,59274.141641215254,-1,,-1.164334599767816,-3,-1,-1
2021-11-30,57097.0127942724,-1,59274.141641215254,-1,,-1.0815238994004384,-3,-1,-1
2021-12-01,57180.6098439509,-1,59274.141641215254,-1,,-1.0018266391472963,-3,-1,-1
2021-12-02,56582.8937691408,-1,59274.141641215254,-1,,-1.1314968906460745,-3,-1,-1
2021-12-03,53671.6160680888,-1,58253.10439199192,-1,BOS-,-1.9713277843113288,-3,-1,-1
2021-12-04,49159.7357983635,-1,54636.6393707939,-1,,-3.2908885569160597,-3,-1,-1
2021-12-05,49327.0935999416,-1,54306.514155602395,-1,,-3.838631444894611,-3,-1,-1
2021-12-06,50535.4252232612,-1,54306.514155602395,-1,,-3.60423132921066,-3,-1,-1
2021-12-07,50574.4728344828,-1,54306.514155602395,-1,,-3.4365653694837883,-3,-1,-1
2021-12-08,50500.6543513735,-1,54306.514155602395,-1,,-3.3366697288737823,-3,-1,-1
2021-12-09,47937.8228458212,-1,52267.351810042295,-1,,-3.8509127450293534,-3,-1,-1
2021-12-10,47437.2289725307,-1,51483.983202316835,-1,,-4.170671209523582,-3,-1,-1
2021-12-11,49321.7693252484,-1,51483.983202316835,-1,,-3.476931053509733,-3,-1,-1
2021-12-12,50136.5722568673,-1,51483.983202316835,-1,,-2.7762305622507477,-3,-1,-1
2021-12-13,46785.3278410286,-1,51418.725096541806,-1,,-3.243210108842218,-3,-1,-1
2021-12-14,48292.6822501461,-1,51418.725096541806,-1,,-2.8599855920531705,-3,-1,-1
2021-12-15,48830.6223860316,-1,51418.725096541806,-1,,-2.4421566078683288,-3,-1,-1
2021-12-16,47663.4691077148,-1,51418.725096541806,-1,,-2.5245068932942853,-3,-1,-1
2021-12-17,46334.4837489772,-1,50548.66054338041,-1,,-2.877041700377701,-3,-1,-1
2021-12-18,46904.8736753361,-1,50548.66054338041,-1,,-2.7822650370517197,-3,-1,-1
2021-12-19,46876.426924021,-1,50452.44943299903,-1,,-2.7147672096803293,-3,-1,-1
2021-12-20,46954.7634783168,-1,50196.68470268577,-1,,-2.6170591442231674,-3,-1,-1
2021-12-21,49082.0624666277,-1,50196.68470268577,-1,,-1.6194859196457307,-3,-1,-1
2021-12-22,48692.0987391584,-1,50196.68470268577,-1,,-1.2559975617175512,-3,-1,-1
2021-12-23,50712.9707682642,1,47121.12472639122,-1,,-0.27920210929269196,-1,0,0
2021-12-24,50783.8344210988,1,47529.91388756274,-1,,0.22803827724297626,1,1,0
2021-12-25,50590.4508976622,1,47603.90736044877,-1,,0.3891922473923053,1,1,0
2021-12-26,50798.3065859147,1,48048.060695946864,-1,,0.5516386386580189,1,1,0
2021-12-27,50796.3776735827,1,48320.57769891204,-1,,0.624406723569673,1,1,0
2021-12-28,47673.0440452367,-1,50838.26411094409,-1,,-0.6900201772482284,-3,-1,-1
2021-12-29,46470.3215751023,-1,49679.83637527927,-1,,-1.7391491340808796,-3,-1,-1
2021-12-30,47102.4630037989,-1,49679.83637527927,-1,,-1.9128200244353069,-3,-1,-1
2021-12-31,46355.1173302747,-1,49349.70620622339,-1,,-2.2465983996872687,-3,-1,-1
2022-01-01,47560.0093816482,-1,49349.70620622339,-1,,-1.7736132831763358,-3,-1,-1
2022-01-02,47352.5577565751,-1,49349.70620622339,-1,,-1.6075474627748112,-3,-1,-1
2022-01-03,46453.432351841,-1,49255.02597108132,-1,,-1.8722092941092803,-3,-1,-1
2022-01-04,45905.9611221508,-1,48591.63674837415,-1,BOS-,-2.1966990033368967,-3,-1,-1
2022-01-05,43530.9440388662,-1,46660.55722745259,-1,,-3.1461113040366238,-3,-1,-1
2022-01-06,43144.9652928112,-1,46077.41078635545,-1,,-3.6955919772327257,-3,-1,-1
2022-01-07,41512.7845808299,-1,44641.63973861412,-1,,-4.395217466299725,-3,-1,-1
2022-01-08,41799.8128848627,-1,44641.63973861412,-1,,-4.511583560921267,-3,-1,-1
2022-01-09,41886.4985569842,-1,44524.374578514726,-1,,-4.464561763228833,-3,-1,-1
2022-01-10,41816.9510561075,-1,44211.90372574798,-1,,-4.418413009972884,-3,-1,-1
2022-01-11,42768.1786116306,-1,44211.90372574798,-1,,-3.697074739373334,-3,-1,-1
2022-01-12,43961.0265441262,-1,44211.90372574798,-1,,-2.5710316588444613,-3,-1,-1
2022-01-13,42626.8653924605,-1,44211.90372574798,-1,,-2.567475501512867,-3,-1,-1
2022-01-14,43102.6476180596,-1,44211.90372574798,-1,,-2.2527189041943116,-3,-1,-1
2022-01-15,43206.6744812975,-1,44211.90372574798,-1,,-2.010926013654291,-3,-1,-1
2022-01-16,43168.8596671537,-1,44211.90372574798,-1,,-1.8902697623670326,-3,-1,-1
2022-01-17,42211.270399474,-1,44211.90372574798,-1,,-2.280264562060113,-3,-1,-1
2022-01-18,42431.2319670368,-1,44211.90372574798,-1,,-2.288751080284803,-3,-1,-1
2022-01-19,41787.722012858,-1,43820.45235310258,-1,,-2.5891219259064133,-3,-1,-1
2022-01-20,40756.1261630625,-1,42895.06222422127,-1,BOS-,-3.1813914790696933,-3,-1,-1
2022-01-21,36492.2872241379,-1,39696.481360858175,-1,,-4.784622245976228,-3,-1,-1
2022-01-22,34996.390965225,-1,38328.934565947115,-1,,-5.846951089736512,-3,-1,-1
2022-01-23,36271.0502650497,-1,38328.934565947115,-1,,-5.4771139112521405,-3,-1,-1
2022-01-24,36659.7252206312,-1,38328.934565947115,-1,,-4.99789637366833,-3,-1,-1
2022-01-25,36952.586773232,-1,38328.934565947115,-1,,-4.525976941886544,-3,-1,-1
2022-01-26,36825.8245993571,-1,38328.934565947115,-1,,-4.291069249433493,-3,-1,-1
2022-01-27,37021.9371332554,-1,38328.934565947115,-1,,-3.9949010348489304,-3,-1,-1
2022-01-28,37768.8474836353,-1,38328.934565947115,-1,,-3.2955094915234495,-3,-1,-1
2022-01-29,38088.2912279953,-1,38328.934565947115,-1,,-2.704301700948214,-3,-1,-1
2022-01-30,37983.5063845704,-1,38328.934565947115,-1,,-2.4388531888352625,-3,-1,-1
2022-01-31,38462.6724029807,1,36430.4326173869,-1,,-1.9407850139800353,-1,0,0
2022-02-01,38787.9640824079,1,36861.36077154532,-1,,-1.4460199254098707,-1,0,0
2022-02-02,36942.3307493279,1,36861.36077154532,-1,,-2.168776535525925,-1,0,0
2022-02-03,37057.6521879018,1,36861.36077154532,-1,,-2.41379960612704,-1,0,0
2022-02-04,41079.9060881356,1,37989.11041609324,-1,,-0.25890846059541206,-1,0,0
2022-02-05,41508.5816925774,1,38598.26290640674,-1,,0.9757685671315841,1,1,0
2022-02-06,42358.2251732905,1,39484.045221522974,-1,,1.9133834318497134,1,1,0
2022-02-07,43888.980119813,1,40842.99167926548,-1,,2.908891346417487,1,1,0
2022-02-08,44167.4447945646,1,41342.51579564635,1,CHoCH+,3.461316059150981,3,1,1
2022-02-09,44405.0732042665,1,41791.348582329505,1,,3.780569051643014,3,1,1
2022-02-10,43614.3426960842,1,41791.348582329505,1,,3.3542518561018895,3,1,1
2022-02-11,42357.3217416715,1,41791.348582329505,1,,2.3311142722778913,3,1,1
2022-02-12,42173.4593962595,1,41791.348582329505,1,,1.6972689934458183,3,1,1
2022-02-13,42195.5947451782,1,41791.348582329505,1,,1.380909832585605,3,1,1
2022-02-14,42646.1618590883,1,41791.348582329505,1,,1.4575979141017579,3,1,1
2022-02-15,44511.9084880187,1,42008.406395258164,1,BOS+,2.3672003982143988,3,1,1
2022-02-16,44065.7092673875,1,42008.406395258164,1,,2.475890268742152,3,1,1
2022-02-17,40610.024261543,-1,43795.04024800281,1,,0.626153019232209,1,0,0
2022-02-18,40044.2204856809,-1,43080.47600625335,1,,-0.5255699505975102,-1,-1,0
2022-02-19,40095.887329398,-1,42844.01735102834,1,,-1.0545797785891524,-1,-1,0
2022-02-20,38551.6224967855,-1,41488.21896603656,1,,-1.9501018855613474,-1,-1,0
2022-02-21,37098.0360081824,-1,40177.04877708928,1,,-2.89054973483759,-1,-1,0
2022-02-22,38202.5940818235,-1,40177.04877708928,1,,-2.6679619002884185,-1,-1,0
2022-02-23,37308.2687344243,-1,40177.04877708928,1,,-2.8648150442663525,-1,-1,0
2022-02-24,38283.790402104,-1,40177.04877708928,1,,-2.376515709460026,-1,-1,0
2022-02-25,39323.7702158387,-1,40177.04877708928,1,,-1.5665593089958694,-1,-1,0
2022-02-26,39056.5781523086,-1,40177.04877708928,1,,-1.275354397803426,-1,-1,0
2022-02-27,37664.7792828755,-1,40177.04877708928,1,,-1.7209644423073773,-1,-1,0
2022-02-28,43179.2545140269,1,38857.53151447508,1,,0.3344408713949507,3,1,1
2022-03-01,44334.457582408,1,40098.34596229703,1,,1.6702122649276039,3,1,1
2022-03-02,43984.584926768,1,40098.34596229703,1,,2.146010131032952,3,1,1
2022-03-03,42492.7744552893,1,40098.34596229703,1,,1.6987349867055306,3,1,1
2022-03-04,39106.4052159556,-1,43698.24924143638,1,,0.2500597819490842,1,0,0
2022-03-05,39383.8848433665,-1,43599.78835452246,1,,-0.3567672178078537,-1,-1,0
2022-03-06,38399.3426268264,-1,42489.0184518288,1,,-0.9714475373828961,-1,-1,0
2022-03-07,38146.734273232,-1,41903.22502181248,1,,-1.345106227289425,-1,-1,0
2022-03-08,38725.477261543,-1,41903.22502181248,1,,-1.259291012666024,-1,-1,0
2022-03-09,41989.4028179427,1,37811.20703782863,1,,0.02191050275114803,3,1,1
2022-03-10,39482.2584672706,1,37811.20703782863,1,,-0.24407746595230295,1,0,0
2022-03-11,38825.3644214494,1,37811.20703782863,1,,-0.5840892092511409,1,0,0
2022-03-12,38951.1300157802,1,37811.20703782863,1,,-0.6959344774542215,1,0,0
2022-03-13,37808.3174004091,-1,41634.369869449125,-1,CHoCH-,-1.1316651024977173,-3,-1,-1
2022-03-14,39649.0453243717,-1,41634.369869449125,-1,,-0.609972836195283,-3,-1,-1
2022-03-15,39356.8139000584,-1,41634.369869449125,-1,,-0.45591347926211007,-3,-1,-1
2022-03-16,41101.768579135,-1,41634.369869449125,-1,,0.2673781277136328,-1,0,0
2022-03-17,40966.4169324956,-1,41634.369869449125,-1,,0.562592354635622,-1,0,0
2022-03-18,41826.1160710111,1,38422.17018563388,-1,,1.0162459394977637,1,1,0
2022-03-19,42193.1615362361,1,39019.49659982909,1,CHoCH+,1.3619333636783724,3,1,1
2022-03-20,41294.7235129164,1,39019.49659982909,1,,1.0919966307371651,3,1,1
2022-03-21,41064.429648159,1,39019.49659982909,1,,0.8399511854111747,3,1,1
2022-03-22,42383.169518761,1,39393.44603578851,1,,1.254326309761847,3,1,1
2022-03-23,42734.2000355932,1,39938.1397458683,1,,1.5834506340679273,3,1,1
2022-03-24,43974.5935882525,1,41086.0212617023,1,,2.201824281545075,3,1,1
2022-03-25,44347.034279661,1,41635.58697834327,1,,2.6182524988184626,3,1,1
2022-03-26,44519.9268641145,1,42027.7565175925,1,,2.8606879508360756,3,1,1
2022-03-27,46777.2056265342,1,43857.06868593849,1,,3.724190326551814,3,1,1
2022-03-28,47223.6528860316,1,44461.59546164624,1,,4.243477553103015,3,1,1
2022-03-29,47463.7096770894,1,44905.84095782523,1,,4.528642754007905,3,1,1
2022-03-30,47123.2971478667,1,44905.84095782523,1,,4.378379106371818,3,1,1
2022-03-31,45562.2106665693,1,44905.84095782523,1,,3.241067483601723,3,1,1
2022-04-01,46250.3362878434,1,44905.84095782523,1,,2.939375018035103,3,1,1
2022-04-02,45939.8973489188,1,44905.84095782523,1,,2.5645034944570644,3,1,1
2022-04-03,46440.5438538866,1,44905.84095782523,1,,2.5797963499539356,3,1,1
2022-04-04,46663.0041770894,1,44905.84095782523,1,,2.6620935752254278,3,1,1
2022-04-05,45693.0350619521,1,44905.84095782523,1,,2.0127748642914236,3,1,1
2022-04-06,43304.9371990064,-1,46028.62225050688,1,,0.3700742769013097,1,0,0
2022-04-07,43569.0471697837,-1,46028.62225050688,1,,-0.28696527382787995,-1,-1,0
2022-04-08,42222.0689772063,-1,44903.65701880478,1,,-1.2316512824742656,-1,-1,0
2022-04-09,42680.9947355932,-1,44903.65701880478,1,,-1.4028303101662911,-1,-1,0
2022-04-10,42264.4633909994,-1,44685.41906283677,1,,-1.669499298681008,-1,-1,0
2022-04-11,39544.0251835184,-1,42539.01675041633,1,,-2.8604090884018047,-1,-1,0
2022-04-12,40096.3669748685,-1,42539.01675041633,1,,-3.0652877228708117,-1,-1,0
2022-04-13,41152.7554517826,-1,42539.01675041633,1,,-2.503445346422834,-1,-1,0
2022-04-14,39916.4963842782,-1,42539.01675041633,1,,-2.692870590327648,-1,-1,0
2022-04-15,40527.3319567504,-1,42539.01675041633,1,,-2.3995916740753085,-1,-1,0
2022-04-16,40439.5881209819,-1,42539.01675041633,1,,-2.2685498332454883,-1,-1,0
2022-04-17,39704.7839798364,-1,42265.15490853861,1,,-2.4992498107979753,-1,-1,0
2022-04-18,40818.8786025716,-1,42265.15490853861,1,,-1.8996944760416814,-1,-1,0
2022-04-19,41489.6638011689,-1,42265.15490853861,1,,-1.2038469149789512,-1,-1,0
2022-04-20,41395.64458346,-1,42265.15490853861,1,,-0.9006091114237208,-1,-1,0
2022-04-21,40457.4959418469,-1,42265.15490853861,1,,-1.2332176817998353,-1,-1,0
2022-04-22,39737.9735040912,-1,42107.83843577227,1,,-1.7332258594020393,-1,-1,0
2022-04-23,39582.4548720047,-1,41761.98890014362,-1,CHoCH-,-2.0354446463742435,-3,-1,-1
2022-04-24,39511.6456928697,-1,41494.46907193522,-1,,-2.1985056570483996,-3,-1,-1
2022-04-25,40473.7483176505,-1,41494.46907193522,-1,,-1.5576984260339874,-3,-1,-1
2022-04-26,38072.800873758,-1,40658.93975265964,-1,,-2.4080124424694183,-3,-1,-1
2022-04-27,39218.5376174752,-1,40658.93975265964,-1,,-2.0587220181170895,-3,-1,-1
2022-04-28,39747.9894270018,-1,40658.93975265964,-1,,-1.5475907775520894,-3,-1,-1
2022-04-29,38609.5059070719,-1,40658.93975265964,-1,,-1.8253729586195147,-3,-1,-1
2022-04-30,37714.0949804208,-1,40366.103942810485,-1,,-2.331419038533646,-3,-1,-1
2022-05-01,38459.226979135,-1,40366.103942810485,-1,,-2.0788375253583475,-3,-1,-1
2022-05-02,38566.0628877849,-1,40366.103942810485,-1,,-1.8652537406875047,-3,-1,-1
2022-05-03,37704.4053153127,-1,40106.12989165947,-1,,-2.159967314778579,-3,-1,-1
2022-05-04,39641.852176505,-1,40106.12989165947,-1,,-1.1136363967849883,-3,-1,-1
2022-05-05,36502.0245601403,-1,39912.48040441251,-1,,-1.9334529089490533,-3,-1,-1
2022-05-06,36042.9995584453,-1,39250.11731879879,-1,,-2.476674610972312,-3,-1,-1
2022-05-07,35508.7110227937,-1,38555.40356780732,-1,,-2.906914225340019,-3,-1,-1
2022-05-08,34058.9066861484,-1,37235.87127765425,-1,,-3.570443864969573,-3,-1,-1
2022-05-09,30457.9218194039,-1,34397.485411782516,-1,,-4.779009309646772,-3,-1,-1
2022-05-10,30990.7351659848,-1,34397.485411782516,-1,,-5.013047595479441,-3,-1,-1
2022-05-11,28796.5568217417,-1,32789.71643841815,-1,,-5.560525156621885,-3,-1,-1
2022-05-12,29030.7070417884,-1,32694.795762811213,-1,,-5.63467300574182,-3,-1,-1
2022-05-13,29285.9346718293,-1,32660.182809762107,-1,,-5.458709197919839,-3,-1,-1
2022-05-14,30051.935755114,-1,32660.182809762107,-1,,-4.856379449587875,-3,-1,-1
2022-05-15,31182.6212460549,-1,32660.182809762107,-1,,-3.8739950495653703,-3,-1,-1
2022-05-16,29889.6124757452,-1,32660.182809762107,-1,,-3.7727619460292936,-3,-1,-1
2022-05-17,30438.1944476914,-1,32660.182809762107,-1,,-3.3787504678215443,-3,-1,-1
2022-05-18,28771.2204786675,-1,32124.143626045043,-1,BOS-,-3.6845079870515662,-3,-1,-1
2022-05-19,30257.8852483928,-1,32124.143626045043,-1,,-3.0077766899895355,-3,-1,-1
2022-05-20,29224.245998422,-1,32124.143626045043,-1,,-2.9908160277370337,-3,-1,-1
2022-05-21,29420.0782857978,-1,32124.143626045043,-1,,-2.846896458356098,-3,-1,-1
2022-05-22,30331.87514173,-1,32124.143626045043,-1,,-2.264942578779566,-3,-1,-1
2022-05-23,29088.2515419638,-1,32124.143626045043,-1,,-2.423199347613616,-3,-1,-1
2022-05-24,29643.6837556984,-1,32124.143626045043,-1,,-2.178111660428301,-3,-1,-1
2022-05-25,29577.259880187,-1,32124.143626045043,-1,,-2.0623361079804687,-3,-1,-1
2022-05-26,29332.4860467563,-1,31866.402330543657,-1,,-2.0891430628313925,-3,-1,-1
2022-05-27,28612.0413103448,-1,31108.69938667687,-1,BOS-,-2.3893944863712813,-3,-1,-1
2022-05-28,29045.5206344243,-1,31108.69938667687,-1,,-2.233098630603596,-3,-1,-1
2022-05-29,29430.0689800117,-1,31108.69938667687,-1,,-1.8863017048599677,-3,-1,-1
2022-05-30,31735.9549719462,1,29014.961907659854,1,CHoCH+,-0.43249615995832413,1,0,0
2022-05-31,31831.4095251315,1,29353.879401318198,1,,0.3297630751758098,3,1,1
2022-06-01,29825.9221992987,1,29353.879401318198,1,,-0.34174297938082987,1,0,0
2022-06-02,30504.2679997078,1,29353.879401318198,1,,-0.3093780309851893,1,0,0
2022-06-03,29662.6709708942,1,29353.879401318198,1,,-0.6957212739817591,1,0,0
2022-06-04,29792.4076779077,1,29353.879401318198,1,,-0.8038421839584391,1,0,0
2022-06-05,29915.4093009936,1,29353.879401318198,1,,-0.77479901632005,1,0,0
2022-06-06,31333.6770197545,1,29353.879401318198,1,,0.04310840968984314,3,1,1
2022-06-07,31175.0324289889,1,29353.879401318198,1,,0.3477484736780805,3,1,1
2022-06-08,30228.464698422,1,29353.879401318198,1,,-0.059890869747849074,1,0,0
2022-06-09,30064.4855289305,1,29353.879401318198,1,,-0.3520913011576038,1,0,0
2022-06-10,29070.4000300994,-1,31304.555876465365,1,,-1.0376392406299304,-1,-1,0
2022-06-11,28360.7899231444,-1,30584.413216960267,-1,CHoCH-,-1.7206867898130938,-3,-1,-1
2022-06-12,26830.2839456458,-1,29290.69670332966,-1,,-2.7166357545418416,-3,-1,-1
2022-06-13,22316.2570400351,-1,25884.836593633783,-1,,-4.511699182651288,-3,-1,-1
2022-06-14,22072.8663085915,-1,25357.605126263396,-1,,-5.398047153321731,-3,-1,-1
2022-06-15,22520.7910087668,-1,25357.605126263396,-1,,-5.471503852138339,-3,-1,-1
2022-06-16,20310.1769848042,-1,23754.939303354546,-1,,-5.983092355117522,-3,-1,-1
2022-06-17,20464.9290873174,-1,23611.64080476667,-1,,-6.066824757961507,-3,-1,-1
2022-06-18,19013.8672536528,-1,22281.226349456523,-1,,-6.376392149608932,-3,-1,-1
2022-06-19,20492.2951683226,-1,22281.226349456523,-1,,-5.516109503217584,-3,-1,-1
2022-06-20,20571.6292247224,-1,22281.226349456523,-1,,-4.98843149926708,-3,-1,-1
2022-06-21,20688.4651312098,-1,22281.226349456523,-1,,-4.602094484034376,-3,-1,-1
2022-06-22,20003.1683375219,-1,22281.226349456523,-1,,-4.59253982355807,-3,-1,-1
2022-06-23,21097.1028331385,-1,22281.226349456523,-1,,-3.821155415522299,-3,-1,-1
2022-06-24,21299.0769853887,-1,22281.226349456523,-1,,-3.2751914337402104,-3,-1,-1
2022-06-25,21468.3431566335,-1,22281.226349456523,-1,,-2.86176432130707,-3,-1,-1
2022-06-26,21066.6209430158,-1,22281.226349456523,-1,,-2.8142247665312237,-3,-1,-1
2022-06-27,20751.0516960842,-1,22281.226349456523,-1,,-2.9086408023548955,-3,-1,-1
2022-06-28,20263.2196393922,-1,22281.226349456523,-1,,-3.1525905438967294,-3,-1,-1
2022-06-29,20080.9480864991,-1,21978.010637622894,-1,,-3.3255367817118877,-3,-1,-1
2022-06-30,19332.9121294565,-1,21264.679212580697,-1,,-3.725479647616898,-3,-1,-1
2022-07-01,19341.8631240795,-1,21083.138797278178,-1,,-3.874052180112925,-3,-1,-1
2022-07-02,19231.8317083577,-1,20831.989238953047,-1,,-3.9618151349402178,-3,-1,-1
2022-07-03,19276.5146639392,-1,20730.061328149466,-1,,-3.917233977957413,-3,-1,-1
2022-07-04,20226.2984745763,-1,20730.061328149466,-1,,-2.929277431192281,-3,-1,-1
2022-07-05,20193.3427938048,-1,20730.061328149466,-1,,-2.4374966643407627,-3,-1,-1
2022-07-06,20560.8438126826,-1,20730.061328149466,-1,,-1.8224782373035586,-3,-1,-1
2022-07-07,21651.4191423144,1,20055.62335212569,1,CHoCH+,-0.5829540735569714,1,0,0
2022-07-08,21813.7871239042,1,20328.86051825742,1,,0.15532760642147492,3,1,1
2022-07-09,21585.1321922852,1,20328.86051825742,1,,0.3075531879351595,3,1,1
2022-07-10,20831.2733915839,1,20328.86051825742,1,,-0.2652462071566621,1,0,0
2022-07-11,19971.3294704851,-1,21570.92916690401,1,,-1.1811524994472753,-1,-1,0
2022-07-12,19339.1534734074,-1,20968.44599930773,1,,-2.0346828343348022,-1,-1,0
2022-07-13,20155.5278386908,-1,20968.44599930773,1,,-1.6679412309957498,-1,-1,0
2022-07-14,20552.8990289304,-1,20968.44599930773,1,,-1.1284304307377981,-1,-1,0
2022-07-15,20831.722700526,-1,20968.44599930773,1,,-0.6153525135794315,-1,-1,0
2022-07-16,21196.5091428989,1,19667.70971969731,1,,-0.0509902777717014,1,0,0
2022-07-17,20827.8886085915,1,19667.70971969731,1,,-0.10145373003494514,1,0,0
2022-07-18,22305.7066428989,1,20524.506155550393,1,BOS+,1.008011938052949,3,1,1
2022-07-19,23371.2026601403,1,21448.473416354227,1,,2.180999446010705,3,1,1
2022-07-20,23280.9356680304,1,21523.39925098996,1,,2.645452656746332,3,1,1
2022-07-21,23152.4093112215,1,21532.068628842437,1,,2.716005656053254,3,1,1
2022-07-22,22706.0835554646,1,21532.068628842437,1,,2.276389165716547,3,1,1
2022-07-23,22484.4592317358,1,21532.068628842437,1,,1.820034952736174,3,1,1
2022-07-24,22653.3570260082,1,21532.068628842437,1,,1.714059242858685,3,1,1
2022-07-25,21510.1255874342,-1,23113.269098618985,1,,0.5807949298066607,1,0,0
2022-07-26,21181.6591967855,-1,22723.028274046417,1,,-0.2480787504031144,-1,-1,0
2022-07-27,22898.4150683226,1,20996.156137326645,1,,0.7163412325799763,3,1,1
2022-07-28,23838.5568838691,1,21844.481301308788,1,BOS+,1.7614909305284043,3,1,1
2022-07-29,23950.7403798948,1,22122.41730678281,1,,2.320918302952573,3,1,1
2022-07-30,23623.4349611338,1,22122.41730678281,1,,2.258919422931662,3,1,1
2022-07-31,23356.1722215079,1,22122.41730678281,1,,1.9516644454781016,3,1,1
2022-08-01,23331.4426969608,1,22122.41730678281,1,,1.756555854308195,3,1,1
2022-08-02,23031.4268834015,1,22122.41730678281,1,,1.3411367220453916,3,1,1
2022-08-03,22809.7474418469,1,22122.41730678281,1,,0.9017592358513462,3,1,1
2022-08-04,22628.3320821157,1,22122.41730678281,1,,0.4933885804301146,3,1,1
2022-08-05,23248.9715023378,1,22122.41730678281,1,,0.8775017616927174,3,1,1
2022-08-06,22996.2750452952,1,22122.41730678281,1,,0.78224241765416,3,1,1
2022-08-07,23153.6584713618,1,22122.41730678281,1,,0.8820506021758792,3,1,1
2022-08-08,23803.6505154296,1,22532.609197440186,1,,1.524228640721749,3,1,1
2022-08-09,23186.2917464641,1,22532.609197440186,1,,1.1185508533180448,3,1,1
2022-08-10,23923.0584830508,1,22532.609197440186,1,,1.5616614406702674,3,1,1
2022-08-11,23934.4390561075,1,22655.490563639185,1,,1.7718969084523157,3,1,1
2022-08-12,24396.3088462887,1,23106.694266012855,1,BOS+,2.2503727200515273,3,1,1
2022-08-13,24426.2225748101,1,23256.59533400542,1,,2.486484588522806,3,1,1
2022-08-14,24314.2021315021,1,23256.59533400542,1,,2.4217286058187915,3,1,1
2022-08-15,24083.9539748685,1,23256.59533400542,1,,2.0452916322964936,3,1,1
2022-08-16,23868.8193530099,1,23256.59533400542,1,,1.5452212398785434,3,1,1
2022-08-17,23336.3489310345,1,23256.59533400542,1,,0.6070110134761892,3,1,1
2022-08-18,23221.1706028638,-1,24214.826273494848,1,,0.0022755157032138817,1,0,0
2022-08-19,20906.7663141438,-1,22495.37770432774,-1,CHoCH-,-2.2769059137248626,-3,-1,-1
2022-08-20,21146.6548021625,-1,22495.37770432774,-1,,-3.066265215854737,-3,-1,-1
2022-08-21,21553.9961717125,-1,22495.37770432774,-1,,-2.921612214306939,-3,-1,-1
2022-08-22,21301.0840581531,-1,22495.37770432774,-1,,-3.0146133121875205,-3,-1,-1
2022-08-23,21534.5143521333,-1,22495.37770432774,-1,,-2.7353004348203407,-3,-1,-1
2022-08-24,21424.9728232028,-1,22495.37770432774,-1,,-2.665091914683028,-3,-1,-1
2022-08-25,21587.8395844535,-1,22495.37770432774,-1,,-2.3837627702821784,-3,-1,-1
2022-08-26,20246.1655733489,-1,21690.325468563136,-1,BOS-,-3.303293130588299,-3,-1,-1
2022-08-27,20043.9909485681,-1,21404.38724169515,-1,,-3.855708734068748,-3,-1,-1
2022-08-28,19673.5412188778,-1,21009.032801599235,-1,,-4.334550918344593,-3,-1,-1
2022-08-29,20270.960383986,-1,21009.032801599235,-1,,-3.710862551609856,-3,-1,-1
2022-08-30,19825.4632066043,-1,21009.032801599235,-1,,-3.704501796042389,-3,-1,-1
2022-08-31,20024.6716059614,-1,21009.032801599235,-1,,-3.3973502406964258,-3,-1,-1
2022-09-01,20105.4626072472,-1,21009.032801599235,-1,,-3.1013167061769753,-3,-1,-1
2022-09-02,19948.8567472823,-1,21009.032801599235,-1,,-3.0652972061856643,-3,-1,-1
2022-09-03,19803.8332697253,-1,20856.076189913292,-1,,-3.1496596853481966,-3,-1,-1
2022-09-04,19961.9118907072,-1,20856.076189913292,-1,,-2.909540185048963,-3,-1,-1
2022-09-05,19797.7967884278,-1,20742.02931212901,-1,,-2.9322266931705574,-3,-1,-1
2022-09-06,18846.150537405,-1,19981.45368404293,-1,BOS-,-3.7688291508508716,-3,-1,-1
2022-09-07,19292.9070745178,-1,19981.45368404293,-1,,-3.4415014973964486,-3,-1,-1
2022-09-08,19319.1248512566,-1,19981.45368404293,-1,,-3.2050397673152675,-3,-1,-1
2022-09-09,21363.3136152542,1,19806.780353917984,-1,,-0.7159049385561951,-1,0,0
2022-09-10,21715.2107980713,1,20208.761708023576,1,CHoCH+,0.7989875631683281,3,1,1
2022-09-11,21732.7705686733,1,20371.698456449747,1,,1.5468994916525904,3,1,1
2022-09-12,22365.2145601987,1,20950.51646173988,1,,2.4130060332564747,3,1,1
2022-09-13,20165.0421607247,-1,22098.322169179835,1,,0.6634908296275432,1,0,0
2022-09-14,20246.3660424313,-1,22010.7152145529,1,,-0.126670459760035,-1,-1,0
2022-09-15,19696.8698661601,-1,21449.632973950902,1,,-0.9363071580892429,-1,-1,0
2022-09-16,19741.5776168907,-1,21332.4767391216,1,,-1.2777383121706474,-1,-1,0
2022-09-17,20120.7023459965,-1,21332.4767391216,1,,-1.0453994879847395,-1,-1,0
2022-09-18,19427.1002626534,-1,21026.172853521923,1,,-1.4938694229052438,-1,-1,0
2022-09-19,19557.9769582116,-1,21026.172853521923,1,,-1.5576601967395218,-1,-1,0
2022-09-20,18872.9498667446,-1,20409.043500588916,1,,-2.1152052287039176,-1,-1,0
2022-09-21,18506.7607481005,-1,19999.101754153617,-1,CHoCH-,-2.634418673450713,-3,-1,-1
2022-09-22,19414.5396449445,-1,19999.101754153617,-1,,-1.8790423590780212,-3,-1,-1
2022-09-23,19326.8648199883,-1,19999.101754153617,-1,,-1.5636963041940501,-3,-1,-1
2022-09-24,18924.7677872589,-1,19999.101754153617,-1,,-1.7337448393811008,-3,-1,-1
2022-09-25,18793.1561531268,-1,19999.101754153617,-1,,-1.9099129655422595,-3,-1,-1
2022-09-26,19201.1317209234,-1,19999.101754153617,-1,,-1.5040465055534828,-3,-1,-1
2022-09-27,19106.7389135009,-1,19999.101754153617,-1,,-1.3809354996036547,-3,-1,-1
2022-09-28,19454.937210111,-1,19999.101754153617,-1,,-0.8969810640860022,-3,-1,-1
2022-09-29,19540.8664105786,-1,19999.101754153617,-1,,-0.5499322637120003,-3,-1,-1
2022-09-30,19435.1946917008,-1,19999.101754153617,-1,,-0.4990324495500324,-3,-1,-1
2022-10-01,19311.861629398,-1,19999.101754153617,-1,,-0.6189244703422611,-3,-1,-1
2022-10-02,19015.2928050847,-1,19976.607193515676,-1,,-1.0280966847318362,-3,-1,-1
2022-10-03,19633.4325859147,-1,19976.607193515676,-1,,-0.3852393217786852,-3,-1,-1
2022-10-04,20339.9712811221,1,19182.44727710669,-1,,0.7232875169560938,1,1,0
2022-10-05,20155.0996987142,1,19182.44727710669,-1,,1.0082126694298326,1,1,0
2022-10-06,19950.5477957335,1,19182.44727710669,-1,,0.8612220943234442,1,1,0
2022-10-07,19539.1439216832,1,19182.44727710669,-1,,0.2519905982760461,1,1,0
2022-10-08,19416.1772291058,1,19182.44727710669,-1,,-0.20175624244922152,-1,0,0
2022-10-09,19428.3671323787,1,19182.44727710669,-1,,-0.40417186688955764,-1,0,0
2022-10-10,19154.4042346581,-1,20047.906422899527,-1,,-0.8621131297055782,-3,-1,-1
2022-10-11,19039.2820683811,-1,19877.970687681485,-1,,-1.2280078920442645,-3,-1,-1
2022-10-12,19156.9115645821,-1,19877.970687681485,-1,,-1.1927859889080827,-3,-1,-1
2022-10-13,19387.8336806546,-1,19877.970687681485,-1,,-0.7731180615699275,-3,-1,-1
2022-10-14,19177.6941031561,-1,19877.970687681485,-1,,-0.8830742297959593,-3,-1,-1
2022-10-15,19069.8749272355,-1,19791.061614084036,-1,,-1.0925823876454874,-3,-1,-1
2022-10-16,19261.7497878434,-1,19791.061614084036,-1,,-0.8263524835345627,-3,-1,-1
2022-10-17,19557.0218106371,-1,19791.061614084036,-1,,-0.16969118634041966,-3,-1,-1
2022-10-18,19341.4075543542,-1,19791.061614084036,-1,,-0.22796837004889686,-3,-1,-1
2022-10-19,19132.1544254822,-1,19791.061614084036,-1,,-0.6085628993751865,-3,-1,-1
2022-10-20,19033.3760239626,-1,19700.09840040629,-1,BOS-,-0.9539256905516511,-3,-1,-1
2022-10-21,19174.8763487434,-1,19700.09840040629,-1,,-0.8217656420150503,-3,-1,-1
2022-10-22,19207.6285078901,-1,19700.09840040629,-1,,-0.679670261939679,-3,-1,-1
2022-10-23,19565.4123243717,-1,19700.09840040629,1,CHoCH+,0.11098621029739103,1,0,0
2022-10-24,19341.460210111,-1,19700.09840040629,1,,0.03609566159031835,1,0,0
2022-10-25,20094.9611215663,1,19292.795007676068,1,,1.2564585344507628,3,1,1
2022-10-26,20797.0308258328,1,19864.46041205164,1,,2.69086673087447,3,1,1
2022-10-27,20280.1751280538,1,19864.46041205164,1,,2.3947748865001577,3,1,1
2022-10-28,20604.6138535944,1,19864.46041205164,1,,2.611850794973447,3,1,1
2022-10-29,20803.8999205143,1,19864.46041205164,1,,2.9187085374024027,3,1,1
2022-10-30,20616.7033766803,1,19864.46041205164,1,,2.6866647504120005,3,1,1
2022-10-31,20490.8581808884,1,19864.46041205164,1,,2.30994467880703,3,1,1
2022-11-01,20483.966530976,1,19864.46041205164,1,,2.087941709262147,3,1,1
2022-11-02,20148.2845537697,1,19864.46041205164,1,,1.3205645903746586,3,1,1
2022-11-03,20198.1111860316,1,19864.46041205164,1,,1.0151269041105802,3,1,1
2022-11-04,21157.2449275278,1,20208.672512233486,1,BOS+,2.192877977222144,3,1,1
2022-11-05,21283.4715999416,1,20391.888424452576,1,,2.8904239989281963,3,1,1
2022-11-06,20946.8030359439,1,20391.888424452576,1,,2.546412631369501,3,1,1
2022-11-07,20568.5651183518,1,20391.888424452576,1,,1.6894627213248556,3,1,1
2022-11-08,18520.971163647,-1,19969.148183791243,-1,CHoCH-,-1.059776090412639,-3,-1,-1
2022-11-09,15758.2912819988,-1,17890.45456462308,-1,,-3.8863918828152437,-3,-1,-1
2022-11-10,17541.5602866745,-1,17890.45456462308,-1,,-3.4215724127163933,-3,-1,-1
2022-11-11,16916.8506312098,-1,17890.45456462308,-1,,-3.4826659833760303,-3,-1,-1
2022-11-12,16771.2426718293,-1,17890.45456462308,-1,,-3.5514868032768314,-3,-1,-1
2022-11-13,16320.4983375219,-1,17890.45456462308,-1,,-3.7845461092799426,-3,-1,-1
2022-11-14,16629.4784146698,-1,17890.45456462308,-1,,-3.553625331508869,-3,-1,-1
2022-11-15,16855.59378609,-1,17890.45456462308,-1,,-3.1790011012898414,-3,-1,-1
2022-11-16,16659.6063345996,-1,17890.45456462308,-1,,-3.0897165527010286,-3,-1,-1
2022-11-17,16675.1790204559,-1,17890.45456462308,-1,,-2.9965242889431027,-3,-1,-1
2022-11-18,16661.5229576271,-1,17890.45456462308,-1,,-2.929629315337081,-3,-1,-1
2022-11-19,16696.0040581531,-1,17890.45456462308,-1,,-2.823008205028012,-3,-1,-1
2022-11-20,16246.8446992987,-1,17537.239832030125,-1,,-3.1052067466399444,-3,-1,-1
2022-11-21,15778.0174047341,-1,17080.02121256176,-1,,-3.564492195821763,-3,-1,-1
2022-11-22,16172.8893445354,-1,17080.02121256176,-1,,-3.2199969276436615,-3,-1,-1
2022-11-23,16574.0617299825,-1,17080.02121256176,-1,,-2.510283537469186,-3,-1,-1
2022-11-24,16583.5243445354,-1,17080.02121256176,-1,,-2.1245457499665745,-3,-1,-1
2022-11-25,16522.3887767388,-1,17080.02121256176,-1,,-1.976209243882289,-3,-1,-1
2022-11-26,16448.6413077148,-1,17080.02121256176,-1,,-1.9625889782817953,-3,-1,-1
2022-11-27,16436.0707688486,-1,17080.02121256176,-1,,-1.9497719914852376,-3,-1,-1
2022-11-28,16212.5814161309,-1,17072.941988717426,-1,,-2.1863087911404744,-3,-1,-1
2022-11-29,16443.0368199883,-1,17072.941988717426,-1,,-1.8924751305876377,-3,-1,-1
2022-11-30,17176.8986914085,1,16197.625107145856,-1,,-0.6611057078036102,-1,0,0
2022-12-01,16961.2918042081,1,16197.625107145856,-1,,-0.3512444980365857,-1,0,0
2022-12-02,17075.1091370544,1,16197.625107145856,-1,,-0.03616172526498734,-1,0,0
2022-12-03,16899.5073831093,1,16197.625107145856,-1,,-0.14097007033236342,-1,0,0
2022-12-04,17121.7149824664,1,16290.327992346993,-1,,0.14366006480789748,1,1,0
2022-12-05,16961.3517866745,1,16290.327992346993,-1,,0.028120109762591973,1,1,0
2022-12-06,17070.5158281707,1,16321.045090861306,-1,,0.14731617907280972,1,1,0
2022-12-07,16848.2518243717,1,16321.045090861306,-1,,-0.1649442588295606,-1,0,0
2022-12-08,17231.4563223261,1,16449.412394693438,1,CHoCH+,0.3136166103860588,3,1,1
2022-12-09,17136.1490008767,1,16449.412394693438,1,,0.3762914438748668,3,1,1
2022-12-10,17124.2146797195,1,16461.445825198545,1,,0.3809846210672219,3,1,1
2022-12-11,17094.3606592636,1,16488.91248405797,1,,0.3206761640775687,3,1,1
2022-12-12,17195.5249962011,1,16620.272337434784,1,,0.48491681377258045,3,1,1
2022-12-13,17774.9166320865,1,17083.371748431196,1,,1.5466395768506596,3,1,1
2022-12-14,17809.7240835769,1,17176.891452840006,1,,2.103274221921546,3,1,1
2022-12-15,17344.0544569258,1,17176.891452840006,1,,1.3509650823333912,3,1,1
2022-12-16,16606.1101750438,-1,17465.818689701082,-1,CHoCH-,-0.2462820080059619,-3,-1,-1
2022-12-17,16774.3853702513,-1,17465.818689701082,-1,,-0.7138999877743386,-3,-1,-1
2022-12-18,16776.1159254822,-1,17465.818689701082,-1,,-0.9320191735068477,-3,-1,-1
2022-12-19,16424.1313857393,-1,17197.812377195096,-1,,-1.5754804086948386,-3,-1,-1
2022-12-20,16901.8169362946,-1,17197.812377195096,-1,,-0.9723331982021478,-3,-1,-1
2022-12-21,16800.5329707773,-1,17197.812377195096,-1,,-0.8331541631059267,-3,-1,-1
2022-12-22,16814.2225791935,-1,17197.812377195096,-1,,-0.7301489501547052,-3,-1,-1
2022-12-23,16780.5169798363,-1,17197.812377195096,-1,,-0.7340423214909457,-3,-1,-1
2022-12-24,16837.612170076,-1,17197.812377195096,-1,,-0.6050191069487489,-3,-1,-1
2022-12-25,16824.8389736996,-1,17197.812377195096,-1,,-0.5624613473840117,-3,-1,-1
2022-12-26,16879.9382273524,-1,17197.812377195096,-1,,-0.4032978040468746,-3,-1,-1
2022-12-27,16698.9112708942,-1,17197.812377195096,-1,,-0.7340125656690972,-3,-1,-1
2022-12-28,16536.2942001753,-1,17045.49207409919,-1,,-1.2394407676359898,-3,-1,-1
2022-12-29,16630.5931551724,-1,17045.49207409919,-1,,-1.2126775308583415,-3,-1,-1
2022-12-30,16593.6888287551,-1,17042.67112240786,-1,,-1.2737266657678221,-3,-1,-1
2022-12-31,16524.2178024547,-1,16949.143174632303,-1,,-1.4590017516668026,-3,-1,-1
2023-01-01,16606.7520432496,-1,16949.143174632303,-1,,-1.2732235361471216,-3,-1,-1
2023-01-02,16688.7192729398,-1,16949.143174632303,-1,,-0.9103005368535264,-3,-1,-1
2023-01-03,16670.0773836937,-1,16949.143174632303,-1,,-0.778581075490542,-3,-1,-1
2023-01-04,16848.3660391584,-1,16949.143174632303,-1,,-0.133352232499864,-3,-1,-1
2023-01-05,16824.8001826417,-1,16949.143174632303,-1,,0.10416694082391895,-1,0,0
2023-01-06,16957.8622738165,1,16607.60267305905,1,CHoCH+,0.6424941761244035,3,1,1
2023-01-07,16942.6285891292,1,16622.824843041304,1,,0.8413132479675767,3,1,1
2023-01-08,17059.2399444769,1,16736.433166393486,1,,1.3068223526432488,3,1,1
2023-01-09,17182.3198521333,1,16854.869779561304,1,,1.8958446600355694,3,1,1
2023-01-10,17433.9146320865,1,17063.731132785746,1,,2.8362435016916065,3,1,1
2023-01-11,17833.7107656341,1,17380.60677619914,1,,4.091281151798786,3,1,1
2023-01-12,18869.7044842198,1,18151.112778152627,1,,5.927434238571751,3,1,1
2023-01-13,19868.7247454705,1,18922.286131634835,1,,7.429415225898064,3,1,1
2023-01-14,21010.9227200468,1,19816.46857522181,1,,8.56907467186313,3,1,1
2023-01-15,20876.0085561075,1,19816.46857522181,1,,8.704835626162932,3,1,1
2023-01-16,21180.4119485681,1,20085.156249258067,1,,8.817832349990505,3,1,1
2023-01-17,21178.2993962595,1,20191.935501187887,1,,8.775221271627363,3,1,1
2023-01-18,20709.6686040327,1,20191.935501187887,1,,7.515531301484009,3,1,1
2023-01-19,21071.8334152542,1,20191.935501187887,1,,7.091862402597411,3,1,1
2023-01-20,22660.7169421391,1,21253.33082302551,1,,7.678081052706828,3,1,1
2023-01-21,22803.172761543,1,21493.788508519596,1,,7.945534461722415,3,1,1
2023-01-22,22716.2771966686,1,21511.76269948522,1,,7.816574514195314,3,1,1
2023-01-23,22929.0248936295,1,21781.13753707619,1,,7.783020842184678,3,1,1
2023-01-24,22611.1268787259,1,21781.13753707619,1,,7.029018568811128,3,1,1
2023-01-25,23109.0845189947,1,21944.076004081904,1,,6.909586866642714,3,1,1
2023-01-26,23008.6894766219,1,21944.076004081904,1,,6.576332062251138,3,1,1
2023-01-27,23070.4964582116,1,22081.190805214672,1,,6.389389146208476,3,1,1
2023-01-28,23008.8094649328,1,22099.928279251926,1,,6.094874748021898,3,1,1
2023-01-29,23774.9963679135,1,22727.147229906503,1,,6.458172460687809,3,1,1
2023-01-30,22799.427261543,1,22727.147229906503,1,,4.803499348553686,3,1,1
2023-01-31,23130.0519132087,1,22727.147229906503,1,,4.243317979979712,3,1,1
2023-02-01,23727.2026075395,1,22727.147229906503,1,,4.417162260886707,3,1,1
2023-02-02,23505.6048430742,1,22727.147229906503,1,,4.099637817158849,3,1,1
2023-02-03,23445.8131773816,1,22727.147229906503,1,,3.803607935731198,3,1,1
2023-02-04,23355.5243863238,1,22727.147229906503,1,,3.465644782547492,3,1,1
2023-02-05,22957.2251905319,1,22727.147229906503,1,,2.6117198318299857,3,1,1
2023-02-06,22745.1650371128,1,22727.147229906503,-1,CHoCH-,1.8396374583160364,1,1,0
2023-02-07,23266.2692036821,1,22727.147229906503,-1,,2.066696192499146,1,1,0
2023-02-08,22937.5799453536,1,22727.147229906503,-1,,1.6494267222713208,1,1,0
2023-02-09,21818.1989456458,-1,23097.903916577223,-1,,0.04233421544494087,-1,0,0
2023-02-10,21620.5667837522,-1,22831.590906158563,-1,,-0.9487544967179699,-3,-1,-1
2023-02-11,21864.8626414378,-1,22831.590906158563,-1,,-1.0856442178038068,-3,-1,-1
2023-02-12,21772.1373252484,-1,22831.590906158563,-1,,-1.2482564369418312,-3,-1,-1
2023-02-13,21798.7157168323,-1,22773.925548330444,-1,,-1.2745822591691705,-3,-1,-1
2023-02-14,22222.415043834,-1,22773.925548330444,-1,,-0.6505232277151217,-3,-1,-1
2023-02-15,24304.6129827586,1,22775.634819277264,1,CHoCH+,1.7047591823884176,3,1,1
2023-02-16,23742.4488354763,1,22775.634819277264,1,,2.128171123436251,3,1,1
2023-02-17,24607.3356054939,1,22957.612942302516,1,,2.9458954594184807,3,1,1
2023-02-18,24636.5266127995,1,23143.018913735574,1,,3.3355201070418388,3,1,1
2023-02-19,24366.9907606663,1,23143.018913735574,1,,3.142328458302531,3,1,1
2023-02-20,24797.8430359439,1,23386.071437042876,1,,3.351091388138503,3,1,1
2023-02-21,24400.3893898305,1,23386.071437042876,1,,2.902686566321732,3,1,1
2023-02-22,24163.7389812975,1,23386.071437042876,1,,2.356376694053523,3,1,1
2023-02-23,23910.0342104033,1,23386.071437042876,1,,1.7505260032726895,3,1,1
2023-02-24,23175.8242036821,-1,24535.280001557374,1,,0.6127885887262075,1,0,0
2023-02-25,23159.8154403857,-1,24388.12828746237,1,,0.03243379873194502,1,0,0
2023-02-26,23542.0964281122,-1,24388.12828746237,1,,0.1908798339699311,1,0,0
2023-02-27,23504.1894178843,-1,24388.12828746237,1,,0.22016808773521457,1,0,0
2023-02-28,23145.9491277031,-1,24251.990453055423,1,,-0.20377943966052098,-1,-1,0
2023-03-01,23610.6590902981,-1,24251.990453055423,1,,0.1634943541083683,1,0,0
2023-03-02,23470.0254815897,-1,24251.990453055423,1,,0.16130080729342963,1,0,0
2023-03-03,22350.0962340736,-1,23643.274729772125,1,,-1.0604299918674378,-1,-1,0
2023-03-04,22334.2852638808,-1,23502.88920106731,1,,-1.6624080444553404,-1,-1,0
2023-03-05,22419.8171390999,-1,23497.220245133492,1,,-1.8168146891478103,-1,-1,0
2023-03-06,22414.7033056692,-1,23385.900251128645,1,,-1.8790490313460142,-1,-1,0
2023-03-07,22174.6484725307,-1,23120.742173385748,1,,-2.1644711624445407,-1,-1,0
2023-03-08,21701.3846227352,-1,22694.848108443395,1,,-2.7837175289458433,-1,-1,0
2023-03-09,20349.8141732905,-1,21649.402445261283,-1,CHoCH-,-4.13924259450577,-3,-1,-1
2023-03-10,20240.406694623,-1,21442.858382996958,-1,,-4.831653905460442,-3,-1,-1
2023-03-11,20585.2343290473,-1,21442.858382996958,-1,,-4.552251256049659,-3,-1,-1
2023-03-12,22065.9800359439,1,20554.666994997453,-1,,-2.4694562154429116,-1,0,0
2023-03-13,24154.4290946815,1,22167.71264020842,1,CHoCH+,0.24234157410845847,3,1,1
2023-03-14,24769.0175691409,1,22796.596217777307,1,,1.9339980854379935,3,1,1
2023-03-15,24409.8017518995,1,22796.596217777307,1,,2.376882617315357,3,1,1
2023-03-16,25043.2388468732,1,23158.5581531214,1,,2.9597775814231175,3,1,1
2023-03-17,27450.6282933957,1,25032.198835062332,1,,4.339431609420375,3,1,1
2023-03-18,26985.7359915254,1,25032.198835062332,1,,4.528324758019066,3,1,1
2023-03-19,28185.2043319696,1,25740.91504708133,1,,5.051473336303234,3,1,1
2023-03-20,27834.3361090006,1,25740.91504708133,1,,4.928859501180783,3,1,1
2023-03-21,28172.7950558153,1,25996.64863080976,1,,4.961042672966428,3,1,1
2023-03-22,27341.5571297487,1,25996.64863080976,1,,4.161387986875471,3,1,1
2023-03-23,28387.8897495617,1,26086.87711932533,1,,4.222331370315509,3,1,1
2023-03-24,27464.1249453536,1,26086.87711932533,1,,3.4390306209395947,3,1,1
2023-03-25,27488.954880187,1,26086.87711932533,1,,3.0328081794324655,3,1,1
2023-03-26,28049.3916911163,1,26086.87711932533,1,,3.106568502665504,3,1,1
2023-03-27,27154.9963702513,1,26086.87711932533,1,,2.3702416875571304,3,1,1
2023-03-28,27283.9634029807,1,26086.87711932533,1,,2.064490188999675,3,1,1
2023-03-29,28389.2917784921,1,26291.584680411557,1,BOS+,2.534689037271173,3,1,1
2023-03-30,28021.5583009936,1,26291.584680411557,1,,2.4241421699500645,3,1,1
2023-03-31,28514.6813062537,1,26568.313616305833,1,,2.630915654749569,3,1,1
2023-04-01,28494.5638863238,1,26736.797739391746,1,,2.685938543238607,3,1,1
2023-04-02,28161.9980362361,1,26736.797739391746,1,,2.3691032120689384,3,1,1
2023-04-03,27850.9799436002,1,26736.797739391746,1,,1.8972550861803157,3,1,1
2023-04-04,28113.9585187025,1,26736.797739391746,1,,1.8436538300407106,3,1,1
2023-04-05,28190.3116063705,1,26794.821547865657,1,,1.8571723518336416,3,1,1
2023-04-06,28049.0744763296,1,26794.821547865657,1,,1.691420962773636,3,1,1
2023-04-07,27936.8042609585,1,26794.821547865657,1,,1.4669561728053055,3,1,1
2023-04-08,27964.0512498539,1,26873.931319785115,1,,1.3681364914314575,3,1,1
2023-04-09,28357.8072703098,1,27258.572527111122,1,,1.6886444068479844,3,1,1
2023-04-10,29687.5651846873,1,28299.32654149524,1,BOS+,2.8786388618225955,3,1,1
2023-04-11,30247.0959193454,1,28829.821920075115,1,,3.7864410090511678,3,1,1
2023-04-12,29913.0035463472,1,28829.821920075115,1,,3.760746385097232,3,1,1
2023-04-13,30370.82207218,1,28995.279634311715,1,,4.0185470135908,3,1,1
2023-04-14,30458.9700414962,1,29194.537456619884,1,,4.162234888671451,3,1,1
2023-04-15,30342.0591084161,1,29194.537456619884,1,,4.023214862244822,3,1,1
2023-04-16,30312.9308533022,1,29248.43603108659,1,,3.869812534704547,3,1,1
2023-04-17,29469.5050727645,1,29248.43603108659,1,,2.608491614596717,3,1,1
2023-04-18,30366.8723813559,1,29248.43603108659,1,,2.752249980621735,3,1,1
2023-04-19,28796.7440952659,-1,30491.040944478424,1,,1.1857099132640931,1,0,0
2023-04-20,28251.2763790181,-1,29939.78385818371,1,,-0.036883753811782105,-1,-1,0
2023-04-21,27292.0211052016,-1,29099.454418595597,-1,CHoCH-,-1.3226323634757304,-3,-1,-1
2023-04-22,27827.5475920514,-1,29099.454418595597,-1,,-1.4253933297595038,-3,-1,-1
2023-04-23,27604.6855742256,-1,29099.454418595597,-1,,-1.62471017814529,-3,-1,-1
2023-04-24,27520.1996729982,-1,29053.470009948112,-1,,-1.7696808987419619,-3,-1,-1
2023-04-25,28302.6942180012,-1,29053.470009948112,-1,,-1.0544463502325476,-3,-1,-1
2023-04-26,28384.2340333139,-1,29053.470009948112,-1,,-0.6171241867625069,-3,-1,-1
2023-04-27,29465.5514272355,1,27811.240208852374,-1,,0.5245026487597879,1,1,0
2023-04-28,29350.811886616,1,27827.509927885338,-1,,0.9625946401103628,1,1,0
2023-04-29,29221.5145075979,1,27827.509927885338,-1,,1.0322472628641088,1,1,0
2023-04-30,29362.0867974868,1,28051.13023161341,-1,,1.1829682182760404,1,1,0
2023-05-01,28114.9531873174,1,28051.13023161341,-1,,0.031022340048997066,1,1,0
2023-05-02,28690.5809959088,1,28051.13023161341,-1,,0.013925559652069786,1,1,0
2023-05-03,29045.0427735243,1,28051.13023161341,-1,,0.32285077316504374,1,1,0
2023-05-04,28855.8574465225,1,28051.13023161341,-1,,0.2847372987639982,1,1,0
2023-05-05,29552.9695236704,1,28061.151797463815,1,CHoCH+,0.8847013627465596,3,1,1
2023-05-06,28899.4629602572,1,28061.151797463815,1,,0.5214709491194522,3,1,1
2023-05-07,28761.738434249,1,28061.151797463815,1,,0.20738094543740768,3,1,1
2023-05-08,27727.2854091175,-1,29321.14415599317,-1,CHoCH-,-0.8390785965231637,-3,-1,-1
2023-05-09,27642.4281092928,-1,29102.358171428314,-1,,-1.4095120170610722,-3,-1,-1
2023-05-10,27646.004902104,-1,28961.014995869322,-1,,-1.6698643828038402,-3,-1,-1
2023-05-11,26986.271065751,-1,28367.70030104569,-1,,-2.32094895866965,-3,-1,-1
2023-05-12,26773.3443591467,-1,28080.50868289321,-1,,-2.779989211149035,-3,-1,-1
2023-05-13,26841.3982913501,-1,28038.26236238298,-1,,-2.8847949557622385,-3,-1,-1
2023-05-14,26918.261597896,-1,28018.49825378936,-1,,-2.798653987901279,-3,-1,-1
2023-05-15,27231.6216052016,-1,28018.49825378936,-1,,-2.290923714535106,-3,-1,-1
2023-05-16,27025.7181864407,-1,28018.49825378936,-1,,-2.2302056358355644,-3,-1,-1
2023-05-17,27401.0440610754,-1,28018.49825378936,-1,,-1.6542652202165513,-3,-1,-1
2023-05-18,26843.2350938048,-1,27952.347404425618,-1,,-1.9460143830678467,-3,-1,-1
2023-05-19,26889.503631502,-1,27901.5852723699,-1,,-2.0015403548696753,-3,-1,-1
2023-05-20,27100.8582878434,-1,27901.5852723699,-1,,-1.6963728665334448,-3,-1,-1
2023-05-21,26777.0977831677,-1,27751.077820885585,-1,,-1.8993990536467598,-3,-1,-1
2023-05-22,26858.7370637054,-1,27751.077820885585,-1,,-1.8503467682597932,-3,-1,-1
2023-05-23,27226.8558763881,-1,27751.077820885585,-1,,-1.2429306587151283,-3,-1,-1
2023-05-24,26341.4306446522,-1,27436.320086264295,-1,BOS-,-1.9481697345295723,-3,-1,-1
2023-05-25,26484.8359234366,-1,27436.320086264295,-1,,-2.0550695331329187,-3,-1,-1
2023-05-26,26720.3838071303,-1,27436.320086264295,-1,,-1.730403808107912,-3,-1,-1
2023-05-27,26854.5403702513,-1,27436.320086264295,-1,,-1.3520978625679372,-3,-1,-1
2023-05-28,28097.5211259497,1,26881.446794348096,1,CHoCH+,0.36324773248410414,3,1,1
2023-05-29,27765.0728693746,1,26881.446794348096,1,,0.7562133110344276,3,1,1
2023-05-30,27712.4915844535,1,26881.446794348096,1,,0.8705680219974541,3,1,1
2023-05-31,27217.6832580362,1,26881.446794348096,1,,0.2807883648698416,3,1,1
2023-06-01,26825.3713451198,-1,27960.013222040005,1,,-0.46785950488305944,-1,-1,0
2023-06-02,27255.2279941555,-1,27960.013222040005,1,,-0.27359761822239725,-1,-1,0
2023-06-03,27079.4084643483,-1,27960.013222040005,1,,-0.3905867076395707,-1,-1,0
2023-06-04,27158.25456955,-1,27960.013222040005,1,,-0.3369838842287094,-1,-1,0
2023-06-05,25785.8514842198,-1,27100.03318855792,-1,CHoCH-,-1.7536447018414714,-3,-1,-1
2023-06-06,27213.7705187025,1,25602.631274453375,-1,,-0.7935690184496327,-1,0,0
2023-06-07,26339.5790292227,1,25602.631274453375,-1,,-1.08785966650513,-1,0,0
2023-06-08,26521.693600526,1,25602.631274453375,-1,,-1.0361346723037768,-1,0,0
2023-06-09,26470.6775780245,1,25602.631274453375,-1,,-1.0460509552874082,-1,0,0
2023-06-10,25863.2138506721,1,25602.631274453375,-1,,-1.5739475803081975,-1,0,0
2023-06-11,25906.8281516657,1,25602.631274453375,-1,,-1.7640080373873666,-1,0,0
2023-06-12,25906.7519354179,1,25602.631274453375,-1,,-1.838612401430526,-1,0,0
2023-06-13,25880.8599734074,1,25602.631274453375,-1,,-1.881922597073507,-1,0,0
2023-06-14,25097.5853796026,-1,26325.734460642438,-1,BOS-,-2.6171462105666805,-3,-1,-1
2023-06-15,25559.1433293396,-1,26325.734460642438,-1,,-2.316435403375818,-3,-1,-1
2023-06-16,26331.8200943892,1,24980.59566280306,-1,,-1.227577849990095,-1,0,0
2023-06-17,26514.1713495032,1,25243.363984541476,-1,,-0.4839607333393828,-1,0,0
2023-06-18,26353.962682934,1,25243.363984541476,-1,,-0.29834705441928944,-1,0,0
2023-06-19,26778.0634415547,1,25578.222908375807,-1,,0.2743149790784574,1,1,0
2023-06-20,28305.4204573349,1,26767.356872739838,1,CHoCH+,1.886377721201099,3,1,1
2023-06-21,30099.5153509643,1,28177.029656739924,1,,3.6838750600197216,3,1,1
2023-06-22,29952.5112866745,1,28178.172942585625,1,,4.3520336282034195,3,1,1
2023-06-23,30638.3537644652,1,28835.696511448,1,,4.976028382164733,3,1,1
2023-06-24,30549.0162872589,1,28899.82351638153,1,,5.118632030234858,3,1,1
2023-06-25,30467.4403705435,1,28958.694101739246,1,,5.029178529225932,3,1,1
2023-06-26,30255.8861241964,1,28958.694101739246,1,,4.652243236742754,3,1,1
2023-06-27,30667.0762948568,1,29264.515119413518,1,,4.686483310434256,3,1,1
2023-06-28,30104.0432717709,1,29264.515119413518,1,,3.9205102620697936,3,1,1
2023-06-29,30460.792978083,1,29264.515119413518,1,,3.767369540686503,3,1,1
2023-06-30,30484.503257744,1,29264.515119413518,1,,3.6707586528334835,3,1,1
2023-07-01,30581.6889655172,1,29416.085589685707,1,,3.6628474624334264,3,1,1
2023-07-02,30594.2164736996,1,29541.415182996534,1,,3.6312475605095638,3,1,1
2023-07-03,31135.3575993571,1,30025.494100027092,1,BOS+,4.029031346537584,3,1,1
2023-07-04,30799.9474558738,1,30025.494100027092,1,,3.657298353641284,3,1,1
2023-07-05,30497.8221282876,1,30025.494100027092,1,,2.988507825057954,3,1,1
2023-07-06,29979.7298094681,-1,31107.32649944024,-1,CHoCH-,1.924028805014989,-1,0,0
2023-07-07,30329.8829786674,-1,31107.32649944024,-1,,1.7637490945439311,-1,0,0
2023-07-08,30263.6196341321,-1,31107.32649944024,-1,,1.5746000778551887,-1,0,0
2023-07-09,30163.2210563998,-1,31107.32649944024,-1,,1.3203672384886989,-1,0,0
2023-07-10,30394.6555806546,-1,31107.32649944024,-1,,1.4663942363693279,-1,0,0
2023-07-11,30616.247094097,-1,31107.32649944024,-1,,1.7888800920726373,-1,0,0
2023-07-12,30385.6087852133,-1,31107.32649944024,-1,,1.5518915332343408,-1,0,0
2023-07-13,31434.7354704851,1,30326.612122152816,1,CHoCH+,2.5601493208082253,3,1,1
2023-07-14,30310.6720204559,-1,31645.20206896371,1,,1.5098757011220267,1,0,0
2023-07-15,30290.8905958504,-1,31497.90206688908,1,,0.9566453598049034,1,0,0
2023-07-16,30249.7729658095,-1,31348.418578756584,1,,0.624327677268069,1,0,0
2023-07-17,30143.7462744009,-1,31164.335333475854,1,,0.31638257272442366,1,0,0
2023-07-18,29835.7474076563,-1,30846.67722084714,-1,CHoCH-,-0.2358412173429336,-3,-1,-1
2023-07-19,29913.0294646406,-1,30846.050913607643,-1,,-0.39154259546021725,-3,-1,-1
2023-07-20,29805.6065707189,-1,30677.552742965752,-1,,-0.6115882373285789,-3,-1,-1
2023-07-21,29919.6934921099,-1,30677.552742965752,-1,,-0.5300299807662827,-3,-1,-1
2023-07-22,29726.0096271186,-1,30521.19465491151,-1,,-0.7736460079011703,-3,-1,-1
2023-07-23,30066.5724482759,-1,30521.19465491151,-1,,-0.3234323771551785,-3,-1,-1
2023-07-24,29178.3597042665,-1,30180.875361694045,-1,,-1.3002775367961323,-3,-1,-1
2023-07-25,29221.2548533022,-1,30136.387489697703,-1,,-1.6928418842829527,-3,-1,-1
2023-07-26,29361.5917580362,-1,30136.387489697703,-1,,-1.6250641704356625,-3,-1,-1
2023-07-27,29201.6865175336,-1,30028.806489442915,-1,,-1.7915403946702886,-3,-1,-1
2023-07-28,29316.3130751023,-1,30028.806489442915,-1,,-1.6419002866257983,-3,-1,-1
2023-07-29,29360.376179135,-1,30028.806489442915,-1,,-1.4672711993325689,-3,-1,-1
2023-07-30,29262.8367337814,-1,29934.820318487396,-1,,-1.5240083505144502,-3,-1,-1
2023-07-31,29219.8201887785,-1,29837.510378514766,-1,,-1.6078680830324537,-3,-1,-1
2023-08-01,29499.5875385739,-1,29837.510378514766,-1,,-1.0363876550307145,-3,-1,-1
2023-08-02,29143.1519620105,-1,29825.94887311065,-1,BOS-,-1.3719232571124658,-3,-1,-1
2023-08-03,29192.3448617767,-1,29821.619951696695,-1,,-1.4142186674658763,-3,-1,-1
2023-08-04,29057.2532437171,-1,29664.128310062977,-1,,-1.659194852009691,-3,-1,-1
2023-08-05,29053.0956975453,-1,29600.530521108132,-1,,-1.7693158706173513,-3,-1,-1
2023-08-06,29048.0433275862,-1,29542.25037978048,-1,,-1.8146209573302836,-3,-1,-1
2023-08-07,29164.3585873758,-1,29542.25037978048,-1,,-1.5021436173299558,-3,-1,-1
2023-08-08,29779.511383986,1,29163.252712582384,1,CHoCH+,0.04296311548962706,3,1,1
2023-08-09,29582.9442375804,1,29163.252712582384,1,,0.34299888217758123,3,1,1
2023-08-10,29430.1599117475,1,29163.252712582384,1,,0.14751400978082493,3,1,1
2023-08-11,29399.784739626,1,29163.252712582384,1,,-0.017841280790395417,1,0,0
2023-08-12,29415.733902104,1,29163.252712582384,1,,-0.05962949535015465,1,0,0
2023-08-13,29286.1176110462,1,29163.252712582384,1,,-0.3963929400541818,1,0,0
2023-08-14,29408.9717127411,1,29163.252712582384,1,,-0.22943401011371012,1,0,0
2023-08-15,29167.59721654,1,29163.252712582384,1,,-0.7373417343810287,1,0,0
2023-08-16,28754.2924079486,-1,29328.018882752072,-1,CHoCH-,-1.8243069358732564,-3,-1,-1
2023-08-17,26660.5627264757,-1,27805.035458240694,-1,,-4.535464082736169,-3,-1,-1
2023-08-18,26037.3658474576,-1,27254.350369751526,-1,,-6.166687742605843,-3,-1,-1
2023-08-19,26093.981808007,-1,27206.252666236353,-1,,-6.777634100988365,-3,-1,-1
2023-08-20,26176.4721642315,-1,27202.26304350527,-1,,-6.820118337703688,-3,-1,-1
2023-08-21,26128.9050160725,-1,27066.38695186659,-1,,-6.8036530176355665,-3,-1,-1
2023-08-22,25978.2096914085,-1,26867.152031022382,-1,,-6.838175144203127,-3,-1,-1
2023-08-23,26452.1935882525,-1,26867.152031022382,-1,,-5.687782577963279,-3,-1,-1
2023-08-24,26126.7943331385,-1,26867.152031022382,-1,,-5.383402299757961,-3,-1,-1
2023-08-25,26040.881255114,-1,26867.152031022382,-1,,-5.26086361552005,-3,-1,-1
2023-08-26,26006.1740800701,-1,26805.750129903037,-1,,-5.181173778736287,-3,-1,-1
2023-08-27,26086.3612594974,-1,26805.750129903037,-1,,-4.889125169159181,-3,-1,-1
2023-08-28,26103.2765730567,-1,26777.65830593454,-1,,-4.651222268207799,-3,-1,-1
2023-08-29,27672.2221306254,1,26594.594903764733,1,CHoCH+,-1.621046312726408,1,0,0
2023-08-30,27298.997779661,1,26594.594903764733,1,,-0.6799124009472318,1,0,0
2023-08-31,25954.8665935126,-1,27331.754577874646,-1,CHoCH-,-1.7386550516009445,-3,-1,-1
2023-09-01,25802.7885298071,-1,27087.611134844592,-1,,-2.377801396505517,-3,-1,-1
2023-09-02,25868.2960976037,-1,27044.28871247642,-1,,-2.5657082487386145,-3,-1,-1
2023-09-03,25962.5475689655,-1,27044.28871247642,-1,,-2.4813027739608486,-3,-1,-1
2023-09-04,25799.5256870251,-1,26826.434166921812,-1,,-2.59482480117698,-3,-1,-1
2023-09-05,25782.3622200468,-1,26711.72889204733,-1,,-2.6430029379994684,-3,-1,-1
2023-09-06,25754.7902676797,-1,26599.491858190308,-1,,-2.6729873919540426,-3,-1,-1
2023-09-07,26210.6045637054,-1,26599.491858190308,-1,,-1.8336369529362102,-3,-1,-1
2023-09-08,25904.6982127411,-1,26599.491858190308,-1,,-1.827060946672878,-3,-1,-1
2023-09-09,25894.6205976037,-1,26599.491858190308,-1,,-1.8186330108388913,-3,-1,-1
2023-09-10,25831.4647802455,-1,26581.363024899216,-1,,-1.888111963014906,-3,-1,-1
2023-09-11,25135.0393781414,-1,26018.87541896097,-1,,-2.8067154684054527,-3,-1,-1
2023-09-12,25859.7018068381,-1,26018.87541896097,-1,,-1.9342757704638331,-3,-1,-1
2023-09-13,26226.8667524839,1,25205.151219978197,1,CHoCH+,-0.9409418438399453,1,0,0
2023-09-14,26556.056943308,1,25537.755906805636,1,,0.006037228242357695,3,1,1
2023-09-15,26672.6160818235,1,25721.177407416722,1,,0.6252674354413454,3,1,1
2023-09-16,26555.6361031561,1,25721.177407416722,1,,0.72832481332596,3,1,1
2023-09-17,26502.4321189363,1,25721.177407416722,1,,0.6803378351115228,3,1,1
2023-09-18,26764.6319064874,1,25949.581966024005,1,,1.0519619222746863,3,1,1
2023-09-19,27215.0504848042,1,26346.379964892105,1,,1.843144619113452,3,1,1
2023-09-20,27133.4037235535,1,26346.379964892105,1,,2.0509873764629187,3,1,1
2023-09-21,26571.5952919345,1,26346.379964892105,1,,1.1286431234376275,3,1,1
2023-09-22,26581.1476116306,1,26346.379964892105,1,,0.6806613066912567,3,1,1
2023-09-23,26575.776386616,1,26346.379964892105,1,,0.44462716605071007,3,1,1
2023-09-24,26286.6410488019,-1,27029.03238590117,1,,-0.18726215381786115,-1,-1,0
2023-09-25,26288.8095005845,-1,26957.61223950862,1,,-0.4902933322195727,-1,-1,0
2023-09-26,26194.5378880772,-1,26824.7418368611,1,,-0.8069943317384074,-1,-1,0
2023-09-27,26336.0825973115,-1,26824.7418368611,1,,-0.6435029809606931,-1,-1,0
2023-09-28,27033.4254415546,1,26275.540318273448,1,,0.7115678657177608,3,1,1
2023-09-29,26911.2514739918,1,26275.540318273448,1,,1.1093234574193302,3,1,1
2023-09-30,26977.6933126826,1,26310.886839975676,1,,1.4053831463590023,3,1,1
2023-10-01,27950.1453594389,1,27058.283919975776,1,BOS+,2.8654188696199396,3,1,1
2023-10-02,27565.8892954413,1,27058.283919975776,1,,2.7628463023459937,3,1,1
2023-10-03,27439.1422393337,1,27058.283919975776,1,,2.438961153400001,3,1,1
2023-10-04,27797.251176505,1,27058.283919975776,1,,2.726521396359637,3,1,1
2023-10-05,27426.3450926359,1,27058.283919975776,1,,2.134202970868311,3,1,1
2023-10-06,27941.9633760959,1,27058.283919975776,1,,2.4870055006407608,3,1,1
2023-10-07,27972.7515704266,1,27088.860405381274,1,BOS+,2.6712577486134292,3,1,1
2023-10-08,27936.3261157218,1,27129.896430769564,1,,2.6593073976196493,3,1,1
2023-10-09,27591.3467618352,1,27129.896430769564,1,,1.9456980478805557,3,1,1
2023-10-10,27419.7971803039,1,27129.896430769564,1,,1.2598410359853576,3,1,1
2023-10-11,26828.1725710111,-1,27723.695564137015,1,,-0.047413722969469885,-1,-1,0
2023-10-12,26741.3405990649,-1,27573.360884462083,1,,-0.8138821811113672,-1,-1,0
2023-10-13,26842.4467703098,-1,27573.360884462083,1,,-0.986492959724661,-1,-1,0
2023-10-14,26861.9892375804,-1,27569.087075169424,1,,-1.0216359488485,-1,-1,0
2023-10-15,27130.3067092344,-1,27569.087075169424,1,,-0.499553911761405,-1,-1,0
2023-10-16,28506.7936741671,1,27448.652618893604,1,BOS+,1.6539673813338622,3,1,1
2023-10-17,28433.2051522501,1,27458.801645928852,1,,2.5520388781613765,3,1,1
2023-10-18,28328.0750195792,1,27458.801645928852,1,,2.76123780589154,3,1,1
2023-10-19,28690.358041204,1,27764.021158775206,1,,3.255926053234779,3,1,1
2023-10-20,29704.9853673291,1,28566.893975305655,1,,4.394736235888851,3,1,1
2023-10-21,29922.5464044418,1,28832.99584048689,1,,5.071742073823998,3,1,1
2023-10-22,29984.1593196961,1,28985.079937560393,1,,5.398337308922674,3,1,1
2023-10-23,32954.1690482174,1,31163.99468573887,1,,6.9774877248794756,3,1,1
2023-10-24,33880.9566537113,1,31991.763445832454,1,,7.9432042485808045,3,1,1
2023-10-25,34488.6589210988,1,32606.07435379159,1,,8.491750405129515,3,1,1
2023-10-26,34181.4922521917,1,32606.07435379159,1,,8.223862193682546,3,1,1
2023-10-27,33896.938528346,1,32606.07435379159,1,,7.598995809162191,3,1,1
2023-10-28,34091.5890327294,1,32606.07435379159,1,,7.2972675550058606,3,1,1
2023-10-29,34574.3377206312,1,33005.46983808239,1,,7.280455420038832,3,1,1
2023-10-30,34495.1050207481,1,33059.354116489245,1,,7.073648358879884,3,1,1
2023-10-31,34636.4264736996,1,33301.85422398118,1,,6.967621495617536,3,1,1
2023-11-01,35431.9794532437,1,33992.19853463389,1,,7.211997027341935,3,1,1
2023-11-02,34882.9173366452,1,33992.19853463389,1,,6.41767999254202,3,1,1
2023-11-03,34708.2218804792,1,33992.19853463389,1,,5.7073285006498224,3,1,1
2023-11-04,35091.0763062537,1,33992.19853463389,1,,5.541638711976844,3,1,1
2023-11-05,35105.0420265926,1,33992.19853463389,1,,5.411433685748722,3,1,1
2023-11-06,35017.7151484512,1,33992.19853463389,1,,5.147450136106601,3,1,1
2023-11-07,35418.4768901227,1,34290.73755299069,1,,5.255956584554795,3,1,1
2023-11-08,35797.8946090006,1,34669.10388991842,1,BOS+,5.514257134437543,3,1,1
2023-11-09,36675.3264333723,1,35396.18523888683,1,,6.105810362269078,3,1,1
2023-11-10,37367.4943722969,1,36008.61691558259,1,,6.67553425365047,3,1,1
2023-11-11,36979.9312405026,1,36008.61691558259,1,,6.25972619668593,3,1,1
2023-11-12,37053.3410514319,1,36008.61691558259,1,,6.034990685486408,3,1,1
2023-11-13,36543.2680870836,1,36008.61691558259,1,,5.0629033105881796,3,1,1
2023-11-14,35590.6835645821,-1,37008.33676203607,1,,3.2911378359241414,1,0,0
2023-11-15,37840.5534894798,1,35889.70463430191,1,,3.9304670318457697,3,1,1
2023-11-16,36160.4044509059,1,35889.70463430191,1,,2.6481358196556,3,1,1
2023-11-17,36569.7120534775,1,35889.70463430191,1,,2.250400087828095,3,1,1
2023-11-18,36577.4249617183,1,35889.70463430191,1,,2.0371059228283044,3,1,1
2023-11-19,37442.7285119813,1,35889.70463430191,1,,2.457330176728806,3,1,1
2023-11-20,37516.0503708358,1,35889.70463430191,1,,2.6819778255495943,3,1,1
2023-11-21,36035.0330862069,1,35889.70463430191,1,,1.4860345093287137,3,1,1
2023-11-22,37403.0347168323,1,35889.70463430191,1,,1.758115248851682,3,1,1
2023-11-23,37311.7192156634,1,35889.70463430191,1,,1.79938017215277,3,1,1
2023-11-24,37718.7841630625,1,35889.70463430191,1,,2.0506286518379233,3,1,1
2023-11-25,37800.1260932203,1,35972.52868741963,1,,2.20316441499242,3,1,1
2023-11-26,37482.7055260082,1,35972.52868741963,1,,1.958863603567495,3,1,1
2023-11-27,37229.2452197545,1,35972.52868741963,1,,1.5829165274830612,3,1,1
2023-11-28,37828.4655911748,1,36170.81349039898,1,,1.826438027320227,3,1,1
2023-11-29,37846.8531227352,1,36349.449972568844,1,BOS+,1.9400549880378273,3,1,1
2023-11-30,37712.7114789597,1,36349.449972568844,1,,1.8313661638156695,3,1,1
2023-12-01,38703.5536820573,1,37157.18622567389,1,,2.501431590113057,3,1,1
2023-12-02,39462.2799272355,1,37842.931342936965,1,,3.2835397236002253,3,1,1
2023-12-03,39978.2226104617,1,38366.02607962516,1,,3.9299236572274374,3,1,1
2023-12-04,41910.2994815897,1,39879.69954249841,1,,5.093900616580903,3,1,1
2023-12-05,44067.0054763296,1,41592.45373272547,1,,6.289419073181841,3,1,1
2023-12-06,43745.8343907072,1,41592.45373272547,1,,6.488298928970533,3,1,1
2023-12-07,43282.6182261835,1,41592.45373272547,1,,6.061982849722224,3,1,1
2023-12-08,44205.0522089421,1,41921.26085479947,1,,6.121558053812055,3,1,1
2023-12-09,43740.0063927528,1,41921.26085479947,1,,5.639572659489829,3,1,1
2023-12-10,43732.7120900059,1,41921.26085479947,1,,5.337338498692933,3,1,1
2023-12-11,41209.8947904734,-1,43746.59947257879,1,,3.100062281861178,1,0,0
2023-12-12,41467.2735698422,-1,43746.59947257879,1,,2.119006297632865,1,0,0
2023-12-13,42939.0607583285,-1,43746.59947257879,1,,2.38263203493669,1,0,0
2023-12-14,43033.1371560491,-1,43746.59947257879,1,,2.532302352933765,1,0,0
2023-12-15,41978.0970195792,-1,43746.59947257879,1,,1.8263876500655698,1,0,0
2023-12-16,42203.2140450029,-1,43746.59947257879,1,,1.5897983439544356,1,0,0
2023-12-17,41428.6657855056,-1,43682.15574546424,1,,0.9270178850267546,1,0,0
2023-12-18,42635.7331911163,-1,43682.15574546424,1,,1.2937650870805728,1,0,0
2023-12-19,42271.863025716,-1,43682.15574546424,1,,1.2070139572191843,1,0,0
2023-12-20,43605.1555549386,-1,43682.15574546424,1,,1.8613544821306338,1,0,0
2023-12-21,43870.2382340736,1,41599.803592914795,1,,2.292785526509749,3,1,1
2023-12-22,44009.5016551724,1,41924.33145179984,1,,2.5513440592885486,3,1,1
2023-12-23,43768.8067518995,1,41924.33145179984,1,,2.4518922517573545,3,1,1
2023-12-24,43097.8093258329,1,41924.33145179984,1,,1.8382725559295876,3,1,1
2023-12-25,43623.7504029807,1,41924.33145179984,1,,1.8477895072510444,3,1,1
2023-12-26,42491.1229079486,1,41924.33145179984,1,,0.9824971057912391,3,1,1
2023-12-27,43436.9594269433,1,41924.33145179984,1,,1.1487734043458757,3,1,1
2023-12-28,42670.6797180012,1,41924.33145179984,1,,0.6808893354143825,3,1,1
2023-12-29,41998.6033442431,1,41924.33145179984,1,,0.007974881279627866,3,1,1
2023-12-30,42204.4917744009,1,41924.33145179984,1,,-0.17574132608271845,1,0,0
2023-12-31,42217.1587913501,1,41924.33145179984,1,,-0.25440049119045655,1,0,0
2024-01-01,44049.4735534775,1,41924.33145179984,1,BOS+,0.9067729967386974,3,1,1
2024-01-02,44941.160493571,1,42724.04443595969,1,,1.9349234958261732,3,1,1
2024-01-03,42773.6515423729,1,42724.04443595969,1,,0.9590668319287087,3,1,1
2024-01-04,44250.7452670953,1,42724.04443595969,1,,1.239143312482778,3,1,1
2024-01-05,44146.3222022209,1,42724.04443595969,1,,1.2986340619543397,3,1,1
2024-01-06,43917.9798147282,1,42724.04443595969,1,,1.1668205626227408,3,1,1
2024-01-07,43844.195949737,1,42724.04443595969,1,,1.0403110104960718,3,1,1
2024-01-08,46981.3242995324,1,44088.96918580939,1,BOS+,2.440584969828544,3,1,1
2024-01-09,46084.005795149,1,44088.96918580939,1,,2.5131926789702903,3,1,1
2024-01-10,46818.1592764465,1,44088.96918580939,1,,2.8234414030036565,3,1,1
2024-01-11,46380.8708082992,1,44088.96918580939,1,,2.6574306113885666,3,1,1
2024-01-12,42817.4305356517,-1,46276.84754682334,1,,0.7085535219455329,1,0,0
2024-01-13,42846.9544699006,-1,45969.28696022974,1,,-0.2378177576387706,-1,-1,0
2024-01-14,41888.1513068381,-1,44985.89149705308,-1,CHoCH-,-1.1048294556841598,-3,-1,-1
2024-01-15,42528.9192489772,-1,44985.89149705308,-1,,-1.165003371947142,-3,-1,-1
2024-01-16,43171.4472241379,-1,44985.89149705308,-1,,-0.8382847814379598,-3,-1,-1
2024-01-17,42689.304327294,-1,44985.89149705308,-1,,-0.9042095242534242,-3,-1,-1
2024-01-18,41261.9076177674,-1,44149.00279848315,-1,,-1.569073856495381,-3,-1,-1
2024-01-19,41606.8535330216,-1,44149.00279848315,-1,,-1.672304904236313,-3,-1,-1
2024-01-20,41668.6904102864,-1,44118.92396696423,-1,,-1.6669708354697357,-3,-1,-1
2024-01-21,41537.1123562244,-1,43781.79597345305,-1,,-1.713457963089474,-3,-1,-1
2024-01-22,39577.0998603156,-1,42185.31886459402,-1,,-2.606229271352837,-3,-1,-1
2024-01-23,39737.3143617767,-1,42132.77581606561,-1,,-2.9027769407528483,-3,-1,-1
2024-01-24,40101.8568980129,-1,42132.77581606561,-1,,-2.7543367783451025,-3,-1,-1
2024-01-25,39917.6611461134,-1,42011.67013444105,-1,,-2.743031607217306,-3,-1,-1
2024-01-26,41860.7310458796,-1,42011.67013444105,-1,,-1.4172035964355805,-3,-1,-1
2024-01-27,42125.3014155465,1,39825.15415116416,-1,,-0.5995168122108785,-1,0,0
2024-01-28,41983.0202744009,1,39870.20339411312,-1,,-0.28167304240003843,-1,0,0
2024-01-29,43218.3470821157,1,40946.21384754226,-1,,0.5979369119835879,1,1,0
2024-01-30,42950.0541277031,1,40946.21384754226,-1,,0.8387759232929104,1,1,0
2024-01-31,42589.4708059614,1,40946.21384754226,-1,,0.6989507759178488,1,1,0
2024-02-01,43020.3596548802,1,41072.155187407996,-1,,0.8936525160186982,1,1,0
2024-02-02,43155.3852030976,1,41361.493517907395,-1,,1.065692232746337,1,1,0
2024-02-03,42982.3789979544,1,41361.493517907395,-1,,0.999551650740186,1,1,0
2024-02-04,42576.2913050847,1,41361.493517907395,-1,,0.6289420490739398,1,1,0
2024-02-05,42619.2742738165,1,41361.493517907395,-1,,0.4749054942136357,1,1,0
2024-02-06,43102.7062632963,1,41632.58316380933,-1,,0.7787013832234313,1,1,0
2024-02-07,44253.0314731151,1,42584.82312063118,1,CHoCH+,1.7179009288635871,3,1,1
2024-02-08,45332.09157218,1,43506.98602522501,1,,2.774763358077709,3,1,1
2024-02-09,47176.9665137347,1,44980.909039008795,1,,4.083448659642292,3,1,1
2024-02-10,47792.8972156634,1,45631.66627783147,1,,4.910910928243787,3,1,1
2024-02-11,48200.7986057861,1,46133.32034470056,1,,5.414213799066102,3,1,1
2024-02-12,49989.80371654,1,47592.371748336845,1,,6.179209685024499,3,1,1
2024-02-13,49628.0941528346,1,47592.371748336845,1,,6.148357219813596,3,1,1
2024-02-14,51844.2929193454,1,49139.85181294714,1,,6.699048407786604,3,1,1
2024-02-15,51939.1472919345,1,49476.69398439934,1,,6.92241270066442,3,1,1
2024-02-16,52157.3123977206,1,49875.65488920312,1,,7.018565361697934,3,1,1
2024-02-17,51674.8158521333,1,49875.65488920312,1,,6.528586856998745,3,1,1
2024-02-18,52148.0645365283,1,50027.67328200208,1,,6.3816431690458,3,1,1
2024-02-19,51804.8051537113,1,50027.67328200208,1,,5.906879325829956,3,1,1
2024-02-20,52308.0531712449,1,50346.881816457986,1,,5.810048992758956,3,1,1
2024-02-21,51744.321808007,1,50346.881816457986,1,,5.1480848268093276,3,1,1
2024-02-22,51292.3252574518,1,50346.881816457986,1,,4.345511815314687,3,1,1
2024-02-23,50789.1431759205,1,50346.881816457986,1,,3.452574913474387,3,1,1
2024-02-24,51578.2349164231,1,50346.881816457986,1,,3.421726039228073,3,1,1
2024-02-25,51746.4789669784,1,50346.881816457986,1,,3.462418125118967,3,1,1
2024-02-26,54551.8259184687,1,52131.924058390054,1,BOS+,4.651304332767925,3,1,1
2024-02-27,57049.888220339,1,54122.557855707135,1,,5.882363702741415,3,1,1
2024-02-28,62460.740619813,1,58202.887571802115,1,,7.337191067372289,3,1,1
2024-02-29,61394.7818515488,1,58202.887571802115,1,,7.2998415872845035,3,1,1
2024-03-01,62524.401817066,1,58448.8459910907,1,,7.393501584717642,3,1,1
2024-03-02,62049.6145637054,1,58448.8459910907,1,,7.0660910363000955,3,1,1
2024-03-03,62991.4422913501,1,59279.50119560933,1,,7.01332257585611,3,1,1
2024-03-04,68091.8388243717,1,63220.97287829853,1,,7.673211642257838,3,1,1
2024-03-05,63950.524329924,1,63220.97287829853,1,,6.0006295643685865,3,1,1
2024-03-06,66103.7215400351,1,63220.97287829853,1,,5.514248405252682,3,1,1
2024-03-07,67070.3791484512,1,63220.97287829853,1,,5.386446771079442,3,1,1
2024-03-08,68343.7149552893,1,63220.97287829853,1,,5.4856464558155515,3,1,1
2024-03-09,68502.5053392753,1,63713.93296309792,1,,5.504525151599463,3,1,1
2024-03-10,68882.2513395675,1,64458.612400920196,1,,5.526973861107088,3,1,1
2024-03-11,72198.0875341905,1,67222.06163102103,1,,6.042306794837825,3,1,1
2024-03-12,71432.7283018702,1,67222.06163102103,1,,5.877814193720795,3,1,1
2024-03-13,73081.5759053185,1,68349.69364999025,1,,6.016997636841996,3,1,1
2024-03-14,71505.2729076563,1,68349.69364999025,1,,5.317686485256227,3,1,1
2024-03-15,69424.9141753361,1,68349.69364999025,1,,4.087701130465212,3,1,1
2024-03-16,65433.6819006429,-1,71025.33223334352,1,,2.152800255587331,1,0,0
2024-03-17,68285.0891691993,-1,71025.33223334352,1,,1.8923381136141069,1,0,0
2024-03-18,67770.8865245471,-1,71025.33223334352,1,,1.5907077483530467,1,0,0
2024-03-19,61969.3075394506,-1,68617.82100783361,1,,-0.024570109720471134,-1,-1,0
2024-03-20,67848.1076396844,-1,68617.82100783361,1,,0.507777144089097,1,0,0
2024-03-21,65454.7357232612,-1,68617.82100783361,1,,0.24848371510136094,1,0,0
2024-03-22,63486.4849997078,-1,68617.82100783361,1,,-0.2764319274955052,-1,-1,0
2024-03-23,64361.2429047341,-1,68617.82100783361,1,,-0.33522465397888,-1,-1,0
2024-03-24,67289.5658310929,-1,68617.82100783361,1,,0.2581997092084733,1,0,0
2024-03-25,70042.0204237288,1,62736.822409842,1,,1.0644745864515353,3,1,1
2024-03-26,70071.0472144945,1,63487.66096476667,1,,1.4533780082672259,3,1,1
2024-03-27,69267.8879815897,1,63487.66096476667,1,,1.4204722018180194,3,1,1
2024-03-28,70826.8968714202,1,64809.79834930722,1,,1.710490041883485,3,1,1
2024-03-29,69917.0430070134,1,64809.79834930722,1,,1.5828151243151383,3,1,1
2024-03-30,69663.0119073641,1,64809.79834930722,1,,1.4315292118284355,3,1,1
2024-03-31,71227.4517939801,1,66081.97211941876,1,,1.706008946301531,3,1,1
2024-04-01,69791.6277305669,1,66081.97211941876,1,,1.3902424995732097,3,1,1
2024-04-02,65533.7548351841,-1,71366.6277373152,1,,0.12965776449217958,1,0,0
2024-04-03,66130.2162393337,-1,71366.6277373152,1,,-0.3273165788927481,-1,-1,0
2024-04-04,68438.135024547,-1,71366.6277373152,1,,0.050529280453753656,1,0,0
2024-04-05,67904.9094766219,-1,71366.6277373152,1,,0.09311240757757437,1,0,0
2024-04-06,69136.0710783168,-1,71366.6277373152,1,,0.43365981161256084,1,0,0
2024-04-07,69392.6830108124,-1,71366.6277373152,1,,0.6634475251884404,1,0,0
2024-04-08,71712.7972840444,1,66871.93227292204,1,BOS+,1.3564633313903443,3,1,1
2024-04-09,69074.5418638223,1,66871.93227292204,1,,0.8839777575739904,3,1,1
2024-04-10,70579.4456767972,1,66871.93227292204,1,,1.0276534598951346,3,1,1
2024-04-11,70046.5536057861,1,66871.93227292204,1,,0.9260872314496109,3,1,1
2024-04-12,67098.113691993,1,66871.93227292204,1,,0.043980364540175176,3,1,1
2024-04-13,64551.6482875512,-1,69948.05211754114,-1,CHoCH-,-0.9930462729135747,-3,-1,-1
2024-04-14,65648.8099602572,-1,69948.05211754114,-1,,-1.1590867130153988,-3,-1,-1
2024-04-15,63393.325166277,-1,68737.29135839353,-1,,-1.7461132502638064,-3,-1,-1
2024-04-16,63784.8203340152,-1,68711.83845724154,-1,,-1.890125384921586,-3,-1,-1
2024-04-17,61324.2184286967,-1,66496.71531119596,-1,,-2.4846957328924297,-3,-1,-1
2024-04-18,63510.14500263,-1,66496.71531119596,-1,,-2.0541116370885293,-3,-1,-1
2024-04-19,63762.6310300994,-1,66496.71531119596,-1,,-1.743956391593919,-3,-1,-1
2024-04-20,64907.9928366452,-1,66496.71531119596,-1,,-1.217464546732728,-3,-1,-1
2024-04-21,64968.192619813,-1,66496.71531119596,-1,,-0.9278915182393959,-3,-1,-1
2024-04-22,66944.5960911748,1,62517.31588341849,-1,,-0.16588896748522214,-1,0,0
2024-04-23,66385.3002919345,1,62517.31588341849,-1,,0.02840524342444979,1,1,0
2024-04-24,64189.9679064874,1,62517.31588341849,-1,,-0.5423502411690944,-1,0,0
2024-04-25,64515.3874725307,1,62517.31588341849,-1,,-0.7044811260137092,-1,0,0
2024-04-26,63777.4715002922,1,62517.31588341849,-1,,-1.0018074350797272,-1,0,0
2024-04-27,63429.3099649328,1,62517.31588341849,-1,,-1.245176491327903,-1,0,0
2024-04-28,62978.5770049678,1,62517.31588341849,-1,,-1.496021738407178,-1,0,0
2024-04-29,63908.3888766803,1,62517.31588341849,-1,,-1.2133433603271466,-1,0,0
2024-04-30,60636.3261633548,-1,64593.61500493629,-1,BOS-,-2.065836176264598,-3,-1,-1
2024-05-01,58141.7772799532,-1,62451.70190239702,-1,,-3.0655043453475894,-3,-1,-1
2024-05-02,59170.1088936295,-1,62451.70190239702,-1,,-3.092184193859563,-3,-1,-1
2024-05-03,62983.6554783752,1,58070.903023079394,-1,,-1.7259979143989432,-1,0,0
2024-05-04,63881.1305429573,1,59190.410813816445,-1,,-0.7679503741096065,-1,0,0
2024-05-05,64067.5959918177,1,59790.00860093281,-1,,-0.23327674545917917,-1,0,0
2024-05-06,63228.1031341321,1,59790.00860093281,-1,,-0.24692569737181924,-1,0,0
2024-05-07,62396.999720339,1,59790.00860093281,-1,,-0.5223637595352276,-1,0,0
2024-05-08,61079.27442782,1,59790.00860093281,-1,,-1.0648030933829666,-1,0,0
2024-05-09,62998.4903381064,1,59790.00860093281,-1,,-0.6194317441676752,-1,0,0
2024-05-10,60896.6418880772,1,59790.00860093281,-1,,-1.0445684123346075,-1,0,0
2024-05-11,60843.5729240211,1,59790.00860093281,-1,,-1.257555809252348,-1,0,0
2024-05-12,61431.2746879018,1,59790.00860093281,-1,,-1.1192816101318617,-1,0,0
2024-05-13,62886.9394491526,1,59790.00860093281,-1,,-0.4957870162362828,-1,0,0
2024-05-14,61555.5670046756,1,59790.00860093281,-1,,-0.6520228871839818,-1,0,0
2024-05-15,66281.5322542373,1,61447.766962327034,1,CHoCH+,0.7469867183286361,3,1,1
2024-05-16,65269.2603246639,1,61447.766962327034,1,,1.070122614642435,3,1,1
2024-05-17,66956.4409476914,1,62261.623453351014,1,,1.6654021016197147,3,1,1
2024-05-18,66977.6006914085,1,62745.917023387025,1,,1.9449250934211777,3,1,1
2024-05-19,66259.4704260666,1,62745.917023387025,1,,1.782230323214535,3,1,1
2024-05-20,71202.2025902981,1,66097.82399828894,1,,2.8943896925048476,3,1,1
2024-05-21,70217.2546914085,1,66097.82399828894,1,,3.0375428644183224,3,1,1
2024-05-22,69074.9141350088,1,66097.82399828894,1,,2.6582274302945548,3,1,1
2024-05-23,67758.7306586791,1,66097.82399828894,1,,1.9854983121219,3,1,1
2024-05-24,68608.998279661,1,66097.82399828894,1,,1.8697051238412958,3,1,1
2024-05-25,69282.7925976037,1,66097.82399828894,1,,1.9793511557104773,3,1,1
2024-05-26,68445.0069532437,1,66097.82399828894,1,,1.6926577964250438,3,1,1
2024-05-27,69347.815260374,1,66097.82399828894,1,,1.805929056949052,3,1,1
2024-05-28,68342.8204488603,1,66097.82399828894,1,,1.4465088012031124,3,1,1
2024-05-29,67584.2632402104,1,66097.82399828894,1,,0.9643448466708369,3,1,1
2024-05-30,68375.4760260082,1,66097.82399828894,1,,0.995568274093047,3,1,1
2024-05-31,67377.7626122151,1,66097.82399828894,1,,0.6027891792110007,3,1,1
2024-06-01,67714.3526399766,1,66097.82399828894,1,,0.5332051578059744,3,1,1
2024-06-02,67805.4855742256,1,66097.82399828894,1,,0.5302002654622475,3,1,1
2024-06-03,68833.3028351841,1,66097.82399828894,1,,0.936102738408307,3,1,1
2024-06-04,70554.0894330801,1,67381.2378334679,1,BOS+,1.7452272835181049,3,1,1
2024-06-05,71087.4433158971,1,68071.87071140102,1,,2.302004702550862,3,1,1
2024-06-06,70788.5013755114,1,68071.87071140102,1,,2.389755070760548,3,1,1
2024-06-07,69338.1573240795,1,68071.87071140102,1,,1.6683853083974671,3,1,1
2024-06-08,69310.1092618352,1,68071.87071140102,1,,1.283921131992501,3,1,1
2024-06-09,69644.0190894214,1,68071.87071140102,1,,1.232360098201858,3,1,1
2024-06-10,69465.9362478083,1,68071.87071140102,1,,1.0946081770203258,3,1,1
2024-06-11,67368.263506429,-1,70073.94870345744,-1,CHoCH-,-0.03619710205178295,-3,-1,-1
2024-06-12,68213.8346838106,-1,70073.94870345744,-1,,-0.15488765423773534,-3,-1,-1
2024-06-13,66783.4902767388,-1,69632.50282634642,-1,,-0.8495218266051244,-3,-1,-1
2024-06-14,65982.1865195792,-1,68786.68894137394,-1,,-1.507039225821351,-3,-1,-1
2024-06-15,66204.904308007,-1,68786.68894137394,-1,,-1.6859794752519197,-3,-1,-1
2024-06-16,66622.5999336645,-1,68786.68894137394,-1,,-1.512640574974143,-3,-1,-1
2024-06-17,66483.8785260082,-1,68736.87545530892,-1,,-1.479362249759033,-3,-1,-1
2024-06-18,65112.1230020456,-1,67551.34689560503,-1,,-2.0796310808970526,-3,-1,-1
2024-06-19,64878.7141525424,-1,67144.03831159686,-1,,-2.4530331430283963,-3,-1,-1
2024-06-20,64897.7011542957,-1,66942.18899797069,-1,,-2.596490416307943,-3,-1,-1
2024-06-21,64086.0489228521,-1,66169.58365159268,-1,,-3.01490857431659,-3,-1,-1
2024-06-22,64258.135506429,-1,66169.58365159268,-1,,-3.053108970778334,-3,-1,-1
2024-06-23,63345.0218760959,-1,65353.08247304146,-1,,-3.464208487056685,-3,-1,-1
2024-06-24,60258.9554374635,-1,62992.029906304226,-1,,-4.708039025292598,-3,-1,-1
2024-06-25,61739.6658477498,-1,62992.029906304226,-1,,-4.238093258868896,-3,-1,-1
2024-06-26,60794.4760584454,-1,62992.029906304226,-1,,-4.28388264826202,-3,-1,-1
2024-06-27,61569.9234275278,-1,62992.029906304226,-1,,-3.7614615393507473,-3,-1,-1
2024-06-28,60303.3147364115,-1,62992.029906304226,-1,,-3.9150463464795813,-3,-1,-1
2024-06-29,60889.3298430742,-1,62992.029906304226,-1,,-3.575635808031215,-3,-1,-1
2024-06-30,62763.2796861485,-1,62992.029906304226,-1,,-2.3116294960767143,-3,-1,-1
2024-07-01,62835.3997647575,-1,62992.029906304226,-1,,-1.6308229039058675,-3,-1,-1
2024-07-02,62028.6170385739,-1,62992.029906304226,-1,,-1.6469486734003795,-3,-1,-1
2024-07-03,60216.3920859147,-1,62992.029906304226,-1,BOS-,-2.3626787543826273,-3,-1,-1
2024-07-04,57418.2420213326,-1,60991.79893723553,-1,,-3.5551134629356294,-3,-1,-1
2024-07-05,56720.9881256575,-1,60146.36551867267,-1,,-4.286176083294563,-3,-1,-1
2024-07-06,58259.221773232,-1,60146.36551867267,-1,,-3.735135311489067,-3,-1,-1
2024-07-07,56112.5725587376,-1,59946.44609627332,-1,,-4.0428179621946,-3,-1,-1
2024-07-08,56691.9149061952,-1,59946.44609627332,-1,,-3.8456430822611596,-3,-1,-1
2024-07-09,57981.4320967271,-1,59946.44609627332,-1,,-3.0621238453608512,-3,-1,-1
2024-07-10,57722.0113527177,-1,59946.44609627332,-1,,-2.735160716136474,-3,-1,-1
2024-07-11,57307.712738457,-1,59946.44609627332,-1,,-2.692865873896263,-3,-1,-1
2024-07-12,57859.1202819988,-1,59946.44609627332,-1,,-2.3458231571370582,-3,-1,-1
2024-07-13,59329.0372016365,-1,59946.44609627332,-1,,-1.413614136317,-3,-1,-1
2024-07-14,61015.0339412624,1,57682.16661332052,-1,,-0.21382559538479495,-1,0,0
2024-07-15,64734.7611697837,1,60619.262406079615,1,CHoCH+,1.597888585014032,3,1,1
2024-07-16,65118.8266583869,1,61299.65812447226,1,,2.5740118874344367,3,1,1
2024-07-17,64201.3707805377,1,61299.65812447226,1,,2.579961918972855,3,1,1
2024-07-18,63984.3022022209,1,61299.65812447226,1,,2.450536254498355,3,1,1
2024-07-19,66755.7833828171,1,62858.61487295158,1,,3.1951068895650883,3,1,1
2024-07-20,67185.4978112215,1,63549.13182382121,1,,3.6411021562234698,3,1,1
2024-07-21,68056.6201215663,1,64522.554039802606,1,,4.055041514019541,3,1,1
2024-07-22,67535.1976738749,1,64522.554039802606,1,,3.929595908335328,3,1,1
2024-07-23,65916.4081616014,1,64522.554039802606,1,,3.0008669924705615,3,1,1
2024-07-24,65353.3857784921,1,64522.554039802606,1,,2.247296612580784,3,1,1
2024-07-25,65722.0611917007,1,64522.554039802606,1,,1.9952456342386693,3,1,1
2024-07-26,67912.2433091759,1,64522.554039802606,1,,2.6088389404891403,3,1,1
2024-07-27,68077.3730812391,1,64934.62148270558,1,BOS+,2.9346949962550974,3,1,1
2024-07-28,68170.6691309176,1,65314.20387733387,1,,3.095245380119417,3,1,1
2024-07-29,66867.167277031,1,65314.20387733387,1,,2.4151024214709294,3,1,1
2024-07-30,66186.9146861484,1,65314.20387733387,1,,1.7049026068437558,3,1,1
2024-07-31,64690.6340385739,-1,67722.30055274152,-1,CHoCH-,0.6296304233192287,-1,0,0
2024-08-01,65178.0554891876,-1,67722.30055274152,-1,,0.32749657021812556,-1,0,0
2024-08-02,61506.7698877849,-1,65195.40923634719,-1,,-1.2359481623177955,-3,-1,-1
2024-08-03,60688.2444272355,-1,64253.577479106374,-1,,-2.240423773510409,-3,-1,-1
2024-08-04,58306.2644786675,-1,62229.65820992169,-1,,-3.3610065638607907,-3,-1,-1
2024-08-05,54343.6276773816,-1,59063.47307589614,-1,,-4.694213974216812,-3,-1,-1
2024-08-06,56047.4712866744,-1,59063.47307589614,-1,,-4.520306689847546,-3,-1,-1
2024-08-07,55129.7410376973,-1,59063.47307589614,-1,,-4.583347535365519,-3,-1,-1
2024-08-08,61908.7896724138,1,55772.48662219978,-1,,-2.2456783919392516,-1,0,0
2024-08-09,60720.9407594974,1,55772.48662219978,-1,,-1.3869980069554506,-1,0,0
2024-08-10,60871.5550727645,1,55772.48662219978,-1,,-0.9087748634487384,-1,0,0
2024-08-11,58836.1043722969,1,55772.48662219978,-1,,-1.2002506912410007,-1,0,0
2024-08-12,59394.1629538282,1,55772.48662219978,-1,,-1.1527445292913243,-1,0,0
2024-08-13,60536.2457846289,1,55772.48662219978,-1,,-0.7563439437300252,-1,0,0
2024-08-14,58840.6466797195,1,55772.48662219978,-1,,-1.0317648379624145,-1,0,0
2024-08-15,57644.1876879018,1,55772.48662219978,-1,,-1.4727671775520812,-1,0,0
2024-08-16,58927.2765087668,1,55772.48662219978,-1,,-1.2343097926667288,-1,0,0
2024-08-17,59414.6743351841,1,55772.48662219978,-1,,-0.9401896388950242,-1,0,0
2024-08-18,58793.2061458212,1,55772.48662219978,-1,,-0.979311319886342,-1,0,0
2024-08-19,59411.5190169492,1,55772.48662219978,-1,,-0.761342131724769,-1,0,0
2024-08-20,59123.3002662186,1,55772.48662219978,-1,,-0.7461949519129876,-1,0,0
2024-08-21,61133.0256493279,1,57308.98446070978,-1,,0.003002862597296152,1,1,0
2024-08-22,60394.4737749854,1,57308.98446070978,-1,,0.09084676249812279,1,1,0
2024-08-23,64106.8029152543,1,59696.22180432048,1,CHoCH+,1.2824713744076035,3,1,1
2024-08-24,64023.226703682,1,60028.630840369864,1,,1.8188422128245971,3,1,1
2024-08-25,64498.0183413209,1,60760.44457304831,1,,2.1995539265754904,3,1,1
2024-08-26,62983.4427729398,1,60760.44457304831,1,,1.730070760137378,3,1,1
2024-08-27,59548.0076215663,-1,64015.00832274205,1,,0.30574642906706606,1,0,0
2024-08-28,59100.7747548217,-1,63255.24524590325,1,,-0.5289177232473585,-1,-1,0
2024-08-29,59339.7909947399,-1,63150.51930868876,1,,-0.8397724753778844,-1,-1,0
2024-08-30,59142.9399640561,-1,62631.650755815215,1,,-1.0497980474387305,-1,-1,0
2024-08-31,58959.926273232,-1,62154.67009306243,1,,-1.2069775970807424,-1,-1,0
2024-09-01,57349.0807180012,-1,60707.60382241783,-1,CHoCH-,-1.8257022943148935,-3,-1,-1
2024-09-02,59159.0238877849,-1,60707.60382241783,-1,,-1.3127713605506628,-3,-1,-1
2024-09-03,57637.7754444769,-1,60707.60382241783,-1,,-1.56793337597459,-3,-1,-1
2024-09-04,58033.3989704851,-1,60707.60382241783,-1,,-1.5036506131067036,-3,-1,-1
2024-09-05,56112.9529400935,-1,59764.93005299648,-1,,-2.0827374941932275,-3,-1,-1
2024-09-06,53838.9534623028,-1,57807.932707252694,-1,,-2.970251995091048,-3,-1,-1
2024-09-07,54066.4399248977,-1,57706.76718413107,-1,,-3.265036310573855,-3,-1,-1
2024-09-08,54859.2584082408,-1,57706.76718413107,-1,,-2.993850927162154,-3,-1,-1
2024-09-09,57135.7814371712,-1,57706.76718413107,-1,,-1.8525089283764355,-3,-1,-1
2024-09-10,57664.4998214494,-1,57706.76718413107,-1,,-1.0677986543055877,-3,-1,-1
2024-09-11,57409.1950663355,-1,57706.76718413107,-1,,-0.7705398470415935,-3,-1,-1
2024-09-12,58124.6418065459,1,54909.09404141421,-1,,-0.31762239396955655,-1,0,0
2024-09-13,60536.8814503215,1,56919.2165685703,-1,,0.7983545817940041,1,1,0
2024-09-14,60007.1702507306,1,56919.2165685703,-1,,1.0999091417656026,1,1,0
2024-09-15,59129.9197536528,1,56919.2165685703,-1,,0.8511674065280916,1,1,0
2024-09-16,58227.46421654,1,56919.2165685703,-1,,0.3407673811303803,1,1,0
2024-09-17,60238.2177255991,1,56919.2165685703,-1,,0.8632906101139426,1,1,0
2024-09-18,61306.2337317358,1,57791.31611177877,-1,,1.476227780246501,1,1,0
2024-09-19,62994.6096528346,1,59324.67101854363,-1,,2.2886035000395593,1,1,0
2024-09-20,63153.9518270018,1,59803.204403889766,-1,,2.7104503071310804,1,1,0
2024-09-21,63367.7296078317,1,60287.923592781895,-1,,2.9569357176457896,1,1,0
2024-09-22,63571.9521729983,1,60738.859989903496,-1,,3.1154529774974264,1,1,0
2024-09-23,63336.0126347165,1,60738.859989903496,-1,,3.020512980582959,1,1,0
2024-09-24,64342.7891113384,1,61682.24782470895,-1,,3.3105098901373387,1,1,0
2024-09-25,63059.6269167154,1,61682.24782470895,-1,,2.662476023392966,1,1,0
2024-09-26,65057.7861461134,1,61956.84614257594,1,CHoCH+,3.04247554553508,3,1,1
2024-09-27,65767.7132542373,1,62763.88911861641,1,,3.426601213771245,3,1,1
2024-09-28,65770.5276478667,1,63066.24160771908,1,,3.579633428818257,3,1,1
2024-09-29,65617.7610689655,1,63138.073659162284,1,,3.5179359164429242,3,1,1
2024-09-30,63260.0425482174,1,63138.073659162284,1,,2.102601834782498,3,1,1
2024-10-01,60858.2487086499,-1,64223.91766306274,-1,CHoCH-,0.34835670835679433,-1,0,0
2024-10-02,60686.0993135593,-1,63766.84619105804,-1,,-0.5811733315633534,-3,-1,-1
2024-10-03,60765.2367498539,-1,63561.65017049114,-1,,-0.9887250971460302,-3,-1,-1
2024-10-04,62052.5100496785,-1,63561.65017049114,-1,,-0.525478981289087,-3,-1,-1
2024-10-05,62030.4538977206,-1,63561.65017049114,-1,,-0.30400277396382236,-3,-1,-1
2024-10-06,62789.8814555815,-1,63561.65017049114,-1,,0.18845224900631757,-1,0,0
2024-10-07,62416.508829924,-1,63561.65017049114,-1,,0.22310232151637757,-1,0,0
2024-10-08,62126.3273769725,-1,63561.65017049114,-1,,0.07604027083463655,-1,0,0
2024-10-09,60615.2581917008,-1,63122.250954828945,-1,BOS-,-0.7725713064128414,-3,-1,-1
2024-10-10,60221.1172869667,-1,62595.653045202256,-1,,-1.3652871499541686,-3,-1,-1
2024-10-11,62462.539962595,-1,62595.653045202256,-1,,-0.40116442899838284,-3,-1,-1
2024-10-12,63202.8806992987,1,60452.22039169715,1,CHoCH+,0.4208792153308514,3,1,1
2024-10-13,62759.431113384,1,60452.22039169715,1,,0.5723828065906018,3,1,1
2024-10-14,66089.7587410871,1,62742.89421542195,1,,1.9766966741062078,3,1,1
2024-10-15,66933.974833723,1,63668.53193283358,1,,2.9128423502253353,3,1,1
2024-10-16,67662.9534038574,1,64505.36122201661,1,,3.5668766851532263,3,1,1
2024-10-17,67337.9075482174,1,64505.36122201661,1,,3.6499347129516626,3,1,1
2024-10-18,68390.5375625365,1,65429.33650992692,1,,3.998460556857535,3,1,1
2024-10-19,68357.8982963179,1,65683.0255691037,1,,4.105543400192589,3,1,1
2024-10-20,69012.3532089421,1,66408.63128066207,1,,4.338692783918038,3,1,1
2024-10-21,67440.4625058445,1,66408.63128066207,1,,3.3870627520988763,3,1,1
2024-10-22,67425.7553211572,1,66408.63128066207,1,,2.8766817785847056,3,1,1
2024-10-23,66647.2866642315,1,66408.63128066207,1,,2.117446777288208,3,1,1
2024-10-24,68130.9948369374,1,66408.63128066207,1,,2.3826151333201064,3,1,1
2024-10-25,66261.5376861485,-1,69164.88092774365,1,,1.4484895053642348,1,0,0
2024-10-26,67023.3399611338,-1,69164.88092774365,1,,1.3193896012115187,1,0,0
2024-10-27,68000.1475008767,-1,69164.88092774365,1,,1.6585326988830653,1,0,0
2024-10-28,69862.5205470485,1,66667.44984947242,1,BOS+,2.50072727833442,3,1,1
2024-10-29,72678.7866201052,1,68958.34317036971,1,,3.706285738921336,3,1,1
2024-10-30,72450.2843819404,1,69033.33460572902,1,,4.126705367822755,3,1,1
2024-10-31,70367.0819576271,1,69033.33460572902,1,,3.1916155365696923,3,1,1
2024-11-01,69483.5830303916,1,69033.33460572902,1,,2.288569393552495,3,1,1
2024-11-02,69241.6794865576,1,69033.33460572902,1,,1.7098435935898864,3,1,1
2024-11-03,68742.7546227352,-1,71869.89339640492,1,,1.1712228801124533,1,0,0
2024-11-04,67779.0969795441,-1,70882.61916880419,1,,0.45064848769466115,1,0,0
2024-11-05,69538.0241729982,-1,70882.61916880419,1,,0.845415032394788,1,0,0
2024-11-06,75696.0366192285,1,70859.86956982614,1,BOS+,2.7793017864444414,3,1,1
2024-11-07,75972.2955546464,1,71536.8675295589,1,,3.7555055592530366,3,1,1
2024-11-08,76507.4474012273,1,72355.01662467429,1,,4.312575917780337,3,1,1
2024-11-09,76799.2527469316,1,72974.52344432259,1,,4.607355887816866,3,1,1
2024-11-10,80409.2865666277,1,75884.02004837077,1,,5.432397399096226,3,1,1
2024-11-11,88859.998448568,1,82252.04501755467,1,,6.824843083550852,3,1,1
2024-11-12,88048.7488877849,1,82252.04501755467,1,,7.10551450622841,3,1,1
2024-11-13,90369.3819693162,1,84101.71238432456,1,,7.412935753782575,3,1,1
2024-11-14,87204.2569827586,1,84101.71238432456,1,,6.313078883179429,3,1,1
2024-11-15,91139.0844427236,1,84101.71238432456,1,,6.219355164793235,3,1,1
2024-11-16,90567.6957568673,1,84101.71238432456,1,,5.916032756963634,3,1,1
2024-11-17,89732.9704292811,1,84101.71238432456,1,,5.420427113158499,3,1,1
2024-11-18,90587.6965534775,1,84782.52089726704,1,,5.252800235581885,3,1,1
2024-11-19,92254.1385800701,1,86529.5478815029,1,,5.369201278300419,3,1,1
2024-11-20,94160.0406858562,1,88436.1384254099,1,,5.644241261254849,3,1,1
2024-11-21,98545.5688798948,1,92078.39838728154,1,,6.260402706761351,3,1,1
2024-11-22,98938.3495450029,1,93000.06190211854,1,,6.540786761571059,3,1,1
2024-11-23,97707.0484590883,1,93000.06190211854,1,,6.146992607155847,3,1,1
2024-11-24,97980.2082819988,1,93000.06190211854,1,,5.9296854668645,3,1,1
2024-11-25,93343.0290745178,1,93000.06190211854,1,,4.197576583969888,3,1,1
2024-11-26,91875.5699593805,-1,97799.61998689477,1,,2.8894795218110016,1,0,0
2024-11-27,95989.0802273524,-1,97799.61998689477,1,,3.0144206157256157,1,0,0
2024-11-28,95737.9402822911,-1,97799.61998689477,1,,2.970712435598628,1,0,0
2024-11-29,97398.9417399182,-1,97799.61998689477,1,,3.2236031287805202,1,0,0
2024-11-30,96463.6248980129,-1,97799.61998689477,1,,3.021569694822591,1,0,0
2024-12-01,97469.6044529515,-1,97799.61998689477,1,,3.0915527497232516,1,0,0
2024-12-02,95726.4417258913,-1,97799.61998689477,1,,2.5407006412328283,1,0,0
2024-12-03,96010.8774228521,-1,97799.61998689477,1,,2.3097627673649797,1,0,0
2024-12-04,98920.2528255406,1,93668.31358691322,1,,2.8024852228208843,3,1,1
2024-12-05,96949.6644117475,1,93668.31358691322,1,,2.3828925639819523,3,1,1
2024-12-06,99953.1056580947,1,94265.94362917822,1,BOS+,2.773708137533693,3,1,1
2024-12-07,99977.7002282291,1,94851.87603116395,1,,2.9407986604951857,3,1,1
2024-12-08,100798.98356429,1,95939.35678611309,1,,3.1619396337854564,3,1,1
2024-12-09,97390.1988597311,1,95939.35678611309,1,,2.14815746229481,3,1,1
2024-12-10,96835.5017387493,1,95939.35678611309,1,,1.4685680645960302,3,1,1
2024-12-11,101310.201899766,1,95939.35678611309,1,,2.1246124969992017,3,1,1
2024-12-12,100090.890479544,1,95939.35678611309,1,,2.060560868004874,3,1,1
2024-12-13,101289.823976914,1,95939.35678611309,1,,2.26285098090819,3,1,1
2024-12-14,101366.87166803,1,96449.49378307455,1,,2.3549958869207064,3,1,1
2024-12-15,104551.367141146,1,99170.37840275129,1,,3.031567215353978,3,1,1
2024-12-16,105855.672229982,1,100621.49083877596,1,,3.5722775308148793,3,1,1
2024-12-17,106115.910582992,1,101327.07582500356,1,,3.8485240279054036,3,1,1
2024-12-18,100469.770656926,-1,106473.5639169354,1,,2.195912236810158,1,0,0
2024-12-19,97697.045779661,-1,103932.27717684895,1,,0.7055985334139447,1,0,0
2024-12-20,97617.4422051432,-1,103253.0315349677,1,,-0.04962859420115806,-1,-1,0
2024-12-21,97093.0190832846,-1,102322.37641668423,1,,-0.5456744711025704,-1,-1,0
2024-12-22,95149.1058252484,-1,100438.70140271893,-1,CHoCH-,-1.2405651438183676,-3,-1,-1
2024-12-23,94800.7562060199,-1,99665.89711151192,-1,,-1.648237668292665,-3,-1,-1
2024-12-24,98637.7330543542,-1,99665.89711151192,-1,,-0.7255585642175381,-3,-1,-1
2024-12-25,99235.3678869082,-1,99665.89711151192,-1,,-0.11254630586889869,-3,-1,-1
2024-12-26,95628.3030902981,-1,99665.89711151192,-1,,-0.7201148787753864,-3,-1,-1
2024-12-27,94219.9821461134,-1,99665.89711151192,-1,,-1.3222982392905211,-3,-1,-1
2024-12-28,95123.5811098773,-1,99665.89711151192,-1,,-1.3373095458654185,-3,-1,-1
2024-12-29,93457.5783202806,-1,98715.31468763045,-1,,-1.7148944690170724,-3,-1,-1
2024-12-30,92523.163085038,-1,97535.45038622564,-1,,-2.0905890166173844,-3,-1,-1
2024-12-31,93389.7326016949,-1,97535.45038622564,-1,,-1.9679222331607473,-3,-1,-1
2025-01-01,94455.7965718878,-1,97535.45038622564,-1,,-1.5424408362125468,-3,-1,-1
2025-01-02,96851.393682934,-1,97535.45038622564,-1,,-0.6062447370168068,-3,-1,-1
2025-01-03,98120.6846759205,1,93355.95216168312,-1,,0.2026539853251072,1,1,0
2025-01-04,98230.0478571011,1,93908.97963993328,-1,,0.6265628959259747,1,1,0
2025-01-05,98414.8120964348,1,94470.42142918365,-1,,0.8815273199669769,1,1,0
2025-01-06,102179.560366745,1,97500.18428512591,1,CHoCH+,1.975767303410295,3,1,1
2025-01-07,96974.9957857978,-1,102359.20276368596,1,,0.9128761062403108,1,0,0
2025-01-08,95039.2809210988,-1,100815.52244347571,1,,-0.08475585876702063,-1,-1,0
2025-01-09,92346.1691589714,-1,98352.72005774884,-1,CHoCH-,-1.1570483913376257,-3,-1,-1
2025-01-10,94759.1196358854,-1,98352.72005774884,-1,,-1.0123019697517415,-3,-1,-1
2025-01-11,94606.5080099357,-1,98352.72005774884,-1,,-0.96629279280893,-3,-1,-1
2025-01-12,94353.7752586207,-1,98352.72005774884,-1,,-0.9959448193220798,-3,-1,-1
2025-01-13,94375.7299102864,-1,98352.72005774884,-1,,-0.9932513130473775,-3,-1,-1
2025-01-14,96569.475726768,-1,98352.72005774884,-1,,-0.32528359541323526,-3,-1,-1
2025-01-15,100172.405985096,1,94788.99500341347,-1,,0.9029998097668008,1,1,0
2025-01-16,99977.7298234951,1,95074.25709150055,-1,,1.4328478495507948,1,1,0
2025-01-17,104296.588034191,1,98587.80511218712,1,CHoCH+,2.576846673170869,3,1,1
2025-01-18,104398.156261251,1,99229.78116332952,1,,3.128891518929139,3,1,1
2025-01-19,100954.572281999,1,99229.78116332952,1,,2.2807137222277825,3,1,1
2025-01-20,102588.998699006,1,99229.78116332952,1,,2.2019025939517505,3,1,1
2025-01-21,105987.888705435,1,99922.39021757142,1,,2.8043302289867946,3,1,1
2025-01-22,103791.128861485,1,99922.39021757142,1,,2.428263666069804,3,1,1
2025-01-23,104184.616743717,1,99922.39021757142,1,,2.3000288031195564,3,1,1
2025-01-24,104716.12488194,1,99922.39021757142,1,,2.3276114544250803,3,1,1
2025-01-25,104866.085348919,1,100121.96752036356,1,,2.3506703281667662,3,1,1
2025-01-26,102833.369273232,1,100121.96752036356,1,,1.683312754639544,3,1,1
2025-01-27,101907.44629661,1,100121.96752036356,1,,1.0584557822626794,3,1,1
2025-01-28,101138.144066043,1,100121.96752036356,1,,0.5093989245329483,3,1,1
2025-01-29,103918.795458796,1,100121.96752036356,1,,1.0062629599669604,3,1,1
2025-01-30,104987.446410871,1,100325.18181042899,1,,1.5068714763044486,3,1,1
2025-01-31,102263.043670953,1,100325.18181042899,1,,0.8868619832591573,3,1,1
2025-02-01,100610.290439801,1,100325.18181042899,1,,0.11802138521245986,3,1,1
2025-02-02,97424.7809000584,-1,102887.49789391451,1,,-1.0285850016364257,-1,-1,0
2025-02-03,101582.408702221,-1,102887.49789391451,1,,-0.4522937599628897,-1,-1,0
2025-02-04,97848.1497592051,-1,102887.49789391451,1,,-0.9874204197619856,-1,-1,0
2025-02-05,96559.3327562829,-1,102887.49789391451,1,,-1.494066126964114,-1,-1,0
2025-02-06,96541.3006811806,-1,102295.4776376551,1,,-1.7300828665655201,-1,-1,0
2025-02-07,96384.1109836353,-1,101610.02715372595,1,,-1.8619060992029854,-1,-1,0
2025-02-08,96603.318157218,-1,101372.4048623744,1,,-1.837290140380719,-1,-1,0
2025-02-09,96309.7532405026,-1,100690.00075015798,1,,-1.879868838973326,-1,-1,0
2025-02-10,97375.2253535944,-1,100690.00075015798,1,,-1.5150088088155351,-1,-1,0
2025-02-11,95806.2580385739,-1,100112.6261864357,1,,-1.7474741716726079,-1,-1,0
2025-02-12,97756.4976548802,-1,100112.6261864357,1,,-1.18523370622151,-1,-1,0
2025-02-13,96534.7406332554,-1,100112.6261864357,1,,-1.243281020948574,-1,-1,0
2025-02-14,97414.3589821742,-1,100112.6261864357,1,,-0.9620641589017578,-1,-1,0
2025-02-15,97583.2431767972,-1,100112.6261864357,1,,-0.7561592409923032,-1,-1,0
2025-02-16,96182.2661706604,-1,100055.83651577475,1,,-1.0861783302986643,-1,-1,0
2025-02-17,95790.5109985389,-1,99394.25086077827,-1,CHoCH-,-1.3566573858393909,-3,-1,-1
2025-02-18,95444.031886616,-1,98791.34149620829,-1,,-1.5851176310516624,-3,-1,-1
2025-02-19,96647.9132977791,-1,98791.34149620829,-1,,-1.179880251746376,-3,-1,-1
2025-02-20,98392.2197247224,-1,98791.34149620829,1,CHoCH+,-0.3136202083340977,-1,-1,0
2025-02-21,96048.9937247224,-1,98791.34149620829,1,,-0.7042868443886169,-1,-1,0
2025-02-22,96605.7091057861,-1,98791.34149620829,1,,-0.6771226022737007,-1,-1,0
2025-02-23,96091.6329774985,-1,98791.34149620829,1,,-0.8351575263574653,-1,-1,0
2025-02-24,91869.6543430742,-1,96258.28723242752,-1,CHoCH-,-2.1204467894736316,-3,-1,-1
2025-02-25,88769.7356265342,-1,93649.48084191418,-1,,-3.3879804691112816,-3,-1,-1
2025-02-26,83987.89564173,-1,89814.21833101325,-1,,-4.746601064949651,-3,-1,-1
2025-02-27,84625.4191364699,-1,89814.21833101325,-1,,-5.114270271313067,-3,-1,-1
2025-02-28,84243.7779114553,-1,89249.72300085888,-1,,-5.302360794715613,-3,-1,-1
2025-03-01,85844.3685628288,-1,89249.72300085888,-1,,-4.701107810735042,-3,-1,-1
2025-03-02,94328.0094444769,1,87295.94218169473,-1,,-1.9566817379925951,-1,0,0
2025-03-03,86315.9305511397,-1,95048.41475564482,-1,,-2.1169215187992534,-3,-1,-1
2025-03-04,87323.690650789,-1,95048.41475564482,-1,,-1.951182610707435,-3,-1,-1
2025-03-05,90619.4090976038,-1,95048.41475564482,-1,,-1.1645887581803331,-3,-1,-1
2025-03-06,90222.0693275862,-1,95048.41475564482,-1,,-0.8423291270783688,-3,-1,-1
2025-03-07,86553.5921937464,-1,94512.05667474821,-1,,-1.3336728996156064,-3,-1,-1
2025-03-08,86171.2789362946,-1,93448.59094643177,-1,,-1.6255314533557574,-3,-1,-1
2025-03-09,80647.7964108709,-1,88854.42197762146,-1,BOS-,-2.601448420461061,-3,-1,-1
2025-03-10,79005.9601291642,-1,86884.47402375171,-1,,-3.2721980724477984,-3,-1,-1
2025-03-11,82747.1601917008,-1,86884.47402375171,-1,,-2.6960670921734504,-3,-1,-1
2025-03-12,83630.1581101695,-1,86884.47402375171,-1,,-2.1935186330951,-3,-1,-1
2025-03-13,81110.2890490941,-1,86884.47402375171,-1,,-2.3337500419199646,-3,-1,-1
2025-03-14,84105.8335517241,-1,86884.47402375171,-1,,-1.7230237825198023,-3,-1,-1
2025-03-15,84352.8773018703,-1,86884.47402375171,-1,,-1.3533520368736836,-3,-1,-1
2025-03-16,82492.1028287551,-1,86884.47402375171,-1,,-1.5006155869324582,-3,-1,-1
2025-03-17,84013.947518118,-1,86884.47402375171,-1,,-1.2072539441033137,-3,-1,-1
2025-03-18,82680.8065514319,-1,86884.47402375171,-1,,-1.3112253274847945,-3,-1,-1
2025-03-19,86774.23507218,-1,86884.47402375171,-1,,-0.4523319288779879,-3,-1,-1
2025-03-20,84124.9712878434,-1,86884.47402375171,-1,,-0.5607476141117427,-3,-1,-1
2025-03-21,84069.4081800117,-1,86884.47402375171,-1,,-0.6190009274104322,-3,-1,-1
2025-03-22,83821.220305377,-1,86884.47402375171,-1,,-0.6937488373291177,-3,-1,-1
2025-03-23,85760.8814506137,-1,86884.47402375171,-1,,-0.26121337260112676,-3,-1,-1
2025-03-24,87322.5718568089,1,81598.34571917642,-1,,0.30545119914458774,1,1,0
2025-03-25,87422.8426084161,1,82240.9578590647,-1,,0.6025687991153941,1,1,0
2025-03-26,86836.6760955582,1,82240.9578590647,-1,,0.5801488387614847,1,1,0
2025-03-27,87211.3240169492,1,82743.33803508563,-1,,0.6610208424801642,1,1,0
2025-03-28,84309.0783550555,1,82743.33803508563,-1,,-0.10193753177707099,-1,0,0
2025-03-29,82497.1792472238,-1,87443.4239535941,-1,,-0.9119190601672947,-3,-1,-1
2025-03-30,82216.4666765049,-1,86752.30068345385,-1,,-1.3658752863811283,-3,-1,-1
2025-03-31,82461.4496279953,-1,86617.19511969647,-1,,-1.4919195556310727,-3,-1,-1
2025-04-01,85226.7137936879,-1,86617.19511969647,-1,,-0.674981752361683,-3,-1,-1
2025-04-02,82555.631296318,-1,86617.19511969647,-1,,-0.9851104083446424,-3,-1,-1
2025-04-03,82931.697399474,-1,86617.19511969647,-1,,-1.0102831521645457,-3,-1,-1
2025-04-04,83774.1797375804,-1,86617.19511969647,-1,,-0.7471331025373387,-3,-1,-1
2025-04-05,83302.1715756867,-1,86617.19511969647,-1,,-0.7497545486508368,-3,-1,-1
2025-04-06,77949.0884926943,-1,83193.56544519583,-1,BOS-,-2.0459940918479016,-3,-1,-1
2025-04-07,79421.8044105786,-1,83193.56544519583,-1,,-2.1751661117867225,-3,-1,-1
2025-04-08,76351.4295303916,-1,81918.2016238027,-1,,-2.8416090572799115,-3,-1,-1
2025-04-09,82720.6034891876,1,75799.75641747881,-1,,-1.434533373551488,-1,0,0
2025-04-10,79558.9558252484,1,75799.75641747881,-1,,-1.3738552019427992,-1,0,0
2025-04-11,83359.8995157802,1,75799.75641747881,-1,,-0.5175216445476007,-1,0,0
2025-04-12,85269.2495119813,1,77856.61181906445,-1,,0.27283332285566486,1,1,0
2025-04-13,83568.9544360023,1,77856.61181906445,-1,,0.2881355898373263,1,1,0
2025-04-14,84589.0324135009,1,77856.61181906445,-1,,0.5004879354749557,1,1,0
2025-04-15,83671.3439713618,1,77856.61181906445,-1,,0.3884895277375534,1,1,0
2025-04-16,84151.5357562829,1,78276.5372694575,-1,,0.43784006594907143,1,1,0
2025-04-17,84940.5838538866,1,79416.37078646262,-1,,0.6401700646541744,1,1,0
2025-04-18,84434.7727463472,1,79416.37078646262,-1,,0.5957350175800578,1,1,0
2025-04-19,85124.721496201,1,80306.55528759581,-1,,0.7432038875077782,1,1,0
2025-04-20,85101.7461545879,1,80758.5039643593,-1,,0.8005813403049893,1,1,0
2025-04-21,87360.7198933372,1,82774.10980050667,1,CHoCH+,1.4055505812791578,3,1,1
2025-04-22,93495.6106890707,1,87527.19436680317,1,,2.8898032181507234,3,1,1
2025-04-23,93695.7404772063,1,88264.12685072485,1,,3.618958372336029,3,1,1
2025-04-24,93849.8817790766,1,88915.1871246822,1,,3.9651303531151374,3,1,1
2025-04-25,94771.4128007014,1,90053.72830525899,1,,4.261901950874151,3,1,1
2025-04-26,94694.5111014027,1,90425.52454571494,1,,4.33190245602895,3,1,1
2025-04-27,93812.876534775,1,90425.52454571494,1,,3.9624396096520553,3,1,1
2025-04-28,95066.0211867329,1,90994.15734804896,1,,4.0185602675134815,3,1,1
2025-04-29,94102.8403024547,1,90994.15734804896,1,,3.6053477268401766,3,1,1
2025-04-30,94236.7325143191,1,90994.15734804896,1,,3.3992848313636315,3,1,1
2025-05-01,96411.7422635885,1,92520.6467483241,1,,3.7923095098219806,3,1,1
2025-05-02,96842.1021057861,1,93211.00818938886,1,,4.044014933928256,3,1,1
2025-05-03,95943.61135301,1,93211.00818938886,1,,3.7091013858254467,3,1,1
2025-05-04,94377.7899196376,1,93211.00818938886,1,,2.829952629010779,3,1,1
2025-05-05,94853.7298594389,1,93211.00818938886,1,,2.515284226939751,3,1,1
2025-05-06,96677.9245029223,1,93211.00818938886,1,,2.86276902872682,3,1,1
2025-05-07,97137.3757086499,1,93727.93465877851,1,,3.129215631291796,3,1,1
2025-05-08,103069.539295733,1,98221.39327472381,1,,4.488232359771041,3,1,1
2025-05-09,102940.802949445,1,98538.85062665034,1,,5.048915506658298,3,1,1
2025-05-10,104582.821806254,1,100128.4590586961,1,,5.555654565919024,3,1,1
2025-05-11,103976.137798948,1,100128.4590586961,1,,5.461593254413566,3,1,1
2025-05-12,102920.074689071,1,100128.4590586961,1,,4.873224081101354,3,1,1
2025-05-13,104145.711825248,1,100128.4590586961,1,,4.803567616822742,3,1,1
2025-05-14,103572.719642022,1,100128.4590586961,1,,4.451522348791272,3,1,1
2025-05-15,103716.283947399,1,100240.04566813027,1,,4.268433302400693,3,1,1
2025-05-16,103566.269191116,1,100392.65031288922,1,,4.057124787580242,3,1,1
2025-05-17,103190.041364991,1,100392.65031288922,1,,3.711280794880209,3,1,1
2025-05-18,106015.689848919,1,102495.78249932318,1,BOS+,4.276014331898448,3,1,1
2025-05-19,105615.828960257,1,102495.78249932318,1,,4.2947911119807305,3,1,1
2025-05-20,106893.330247516,1,103550.99246822693,1,,4.58785782999467,3,1,1
2025-05-21,109704.855619521,1,105853.29400655934,1,,5.2989622079233225,3,1,1
2025-05-22,111477.014787843,1,107478.96158568091,1,,5.917083942025537,3,1,1
2025-05-23,107291.888969901,-1,112145.67459722949,1,,4.294191679443584,1,0,0
2025-05-24,107917.328289304,-1,112145.67459722949,1,,3.6084642473114226,1,0,0
2025-05-25,108914.876558445,-1,112145.67459722949,1,,3.479795256567864,1,0,0
2025-05-26,109371.985172122,-1,112145.67459722949,1,,3.493236555430417,1,0,0
2025-05-27,109066.345636762,-1,112145.67459722949,1,,3.326418556656331,1,0,0
2025-05-28,107895.402399474,-1,111647.66634111153,1,,2.6935552305825263,1,0,0
2025-05-29,105732.957892168,-1,109758.72879183358,1,,1.508448130743156,1,0,0
2025-05-30,103981.302957919,-1,108129.99324789272,1,,0.3183649561612869,1,0,0
2025-05-31,104708.964150205,-1,108129.99324789272,1,,-0.0016308801031440778,-1,-1,0
2025-06-01,105750.15972443,-1,108129.99324789272,1,,0.21284438866174343,1,0,0
2025-06-02,105899.696926651,-1,108129.99324789272,1,,0.369297477259947,1,0,0
2025-06-03,105483.98555114,-1,108129.99324789272,1,,0.27346299040787314,1,0,0
2025-06-04,104782.844900351,-1,107962.46186100262,1,,-0.06139466111043895,-1,-1,0
2025-06-05,101669.190496785,-1,105464.94208244125,-1,CHoCH-,-1.301140350397611,-3,-1,-1
2025-06-06,104421.051549094,-1,105464.94208244125,-1,,-0.8109407319794704,-3,-1,-1
2025-06-07,105685.250402104,1,101488.429477696,-1,,-0.13328296379117532,-1,0,0
2025-06-08,105727.739632379,1,101937.8540313293,-1,,0.21432691852302282,1,1,0
2025-06-09,110198.15871391,1,105446.13594850598,-1,,1.6740011053537422,1,1,0
2025-06-10,110074.119081824,1,105760.08670333457,-1,,2.3212148589560746,1,1,0
2025-06-11,108645.785558153,1,105760.08670333457,-1,,2.0472746785143103,1,1,0
2025-06-12,105998.985830801,1,105760.08670333457,-1,,0.9780789443859714,1,1,0
2025-06-13,106024.822087376,1,105760.08670333457,-1,,0.45293613646676795,1,1,0
2025-06-14,105467.108742256,-1,109427.38405396754,-1,,0.0018406004896512618,-1,0,0
2025-06-15,105512.797437756,-1,109090.75182694639,-1,,-0.20166783777866648,-3,-1,-1
2025-06-16,107243.933345997,-1,109090.75182694639,-1,,0.3371845721264121,-1,0,0
2025-06-17,104628.396527469,-1,108778.60732349669,-1,,-0.32829463339755394,-3,-1,-1
2025-06-18,104813.367028638,-1,108604.0478954136,-1,,-0.580239790396975,-3,-1,-1
2025-06-19,104709.720767095,-1,108152.42742565596,-1,,-0.7341791573557785,-3,-1,-1
2025-06-20,103274.958839567,-1,106803.82341053025,-1,,-1.3005654360812784,-3,-1,-1
2025-06-21,101548.196381648,-1,105242.20323289064,-1,BOS-,-2.099929557560083,-3,-1,-1
2025-06-22,100899.234151958,-1,104418.52898698337,-1,,-2.65840320160604,-3,-1,-1
2025-06-23,105496.947495324,1,100950.26814079136,-1,,-1.1099753902655305,-1,0,0
2025-06-24,105964.065136762,1,101731.91842525124,-1,,-0.19199242892989482,-1,0,0
2025-06-25,107305.065199591,1,103093.8331403826,-1,,0.676469788424462,1,1,0
2025-06-26,107012.822824079,1,103135.04125813785,-1,,0.9803570126907095,1,1,0
2025-06-27,107090.95905114,1,103577.51477367466,-1,,1.1451797325209898,1,1,0
2025-06-28,107357.617171245,1,104115.5198854947,-1,,1.3088758495169666,1,1,0
2025-06-29,108360.901696376,1,105142.02878166141,-1,,1.7310184899107701,1,1,0
2025-06-30,107153.101135885,1,105142.02878166141,-1,,1.359049159763751,1,1,0
2025-07-01,105566.356597896,1,105142.02878166141,-1,,0.5014794803080395,1,1,0
2025-07-02,108927.13451841,1,105142.02878166141,-1,,1.256648085210195,1,1,0
2025-07-03,109632.159126826,1,105751.61428110748,-1,,1.823894264045401,1,1,0
2025-07-04,108081.395758621,1,105751.61428110748,-1,,1.4425225886537185,1,1,0
2025-07-05,108244.788813852,1,105751.61428110748,-1,,1.2964911024127321,1,1,0
2025-07-06,109180.005545587,1,105751.61428110748,-1,,1.5337316053043613,1,1,0
2025-07-07,108249.401004091,1,105751.61428110748,-1,,1.2274093846574077,1,1,0
2025-07-08,108956.631703098,1,105751.61428110748,-1,,1.3245942550940968,1,1,0
2025-07-09,111416.806720047,1,107687.97875661441,1,CHoCH+,2.159882117697125,3,1,1
2025-07-10,115873.903783752,1,111180.82949755118,1,,3.605283509714278,3,1,1
2025-07-11,117618.605087084,1,112871.42783850366,1,,4.600129189891462,3,1,1
2025-07-12,117382.372540912,1,113039.04325333808,1,,4.929301625247209,3,1,1
2025-07-13,118899.737107832,1,114535.53137893949,1,,5.329996857853329,3,1,1
2025-07-14,119871.096197838,1,115651.90331483293,1,,5.649297069088739,3,1,1
2025-07-15,117710.89100789,1,115651.90331483293,1,,4.747644290353984,3,1,1
2025-07-16,118730.187791642,1,115651.90331483293,1,,4.488689749975684,3,1,1
2025-07-17,119501.663770894,1,115651.90331483293,1,,4.4888366522157295,3,1,1
2025-07-18,117958.511213033,1,115651.90331483293,1,,3.754434732216639,3,1,1
2025-07-19,117908.52473232,1,115651.90331483293,1,,3.333651556268073,3,1,1
2025-07-20,117305.680953828,1,115651.90331483293,1,,2.8200206784517174,3,1,1
2025-07-21,117432.435634717,1,115651.90331483293,1,,2.5801795683995925,3,1,1
2025-07-22,120068.00578872,1,116356.5856707832,1,BOS+,3.217016676479524,3,1,1
2025-07-23,118650.587165693,1,116356.5856707832,1,,2.836644017442506,3,1,1
2025-07-24,118377.081936879,1,116356.5856707832,1,,2.4972734864670194,3,1,1
2025-07-25,117520.17335038,1,116356.5856707832,1,,1.9178718146811067,3,1,1
2025-07-26,117983.204598773,1,116356.5856707832,1,,1.7823175387336518,3,1,1
2025-07-27,119438.164235535,1,116356.5856707832,1,,2.2011221060430506,3,1,1
2025-07-28,118022.637320281,1,116356.5856707832,1,,1.719747031451731,3,1,1
2025-07-29,117871.370895383,1,116356.5856707832,1,,1.3971752681970666,3,1,1
2025-07-30,117732.643660725,1,116356.5856707832,1,,1.158006654162126,3,1,1
2025-07-31,115848.339985096,-1,118962.61500737196,-1,CHoCH-,0.18459866129450037,-1,0,0
2025-08-01,113282.144336061,-1,116854.85055081986,-1,,-1.21301596845513,-3,-1,-1
2025-08-02,112545.673659264,-1,115982.05045558607,-1,,-2.1151772543147547,-3,-1,-1
2025-08-03,114263.693947691,-1,115982.05045558607,-1,,-1.7323734482663027,-3,-1,-1
2025-08-04,115199.933659264,-1,115982.05045558607,-1,,-1.1289207600410192,-3,-1,-1
2025-08-05,114111.36101841,-1,115982.05045558607,-1,,-1.2261166020953755,-3,-1,-1
2025-08-06,115034.678748977,-1,115982.05045558607,-1,,-0.8608560762650602,-3,-1,-1
2025-08-07,117444.913924313,1,113635.96473997926,-1,,0.23999348656537894,1,1,0
2025-08-08,116740.687720923,1,113635.96473997926,-1,,0.48379446680486693,1,1,0
2025-08-09,116511.655739375,1,113635.96473997926,-1,,0.5013890805153999,1,1,0
2025-08-10,119189.198160275,1,115376.24587618397,-1,,1.4416427050545602,1,1,0
2025-08-11,118742.043048644,1,115376.24587618397,-1,,1.6846948285448642,1,1,0
2025-08-12,120154.32493507,1,116521.4171388881,1,CHoCH+,2.2393964901527736,3,1,1
2025-08-13,123442.67982225,1,119186.55633953228,1,,3.353675284576866,3,1,1
2025-08-14,118510.27128083,-1,123820.50497770194,1,,1.9930340659386752,1,0,0
2025-08-15,117311.209947715,-1,122450.13867483425,1,,0.9445368103000429,1,0,0
2025-08-16,117462.42684623,-1,122132.82777019181,1,,0.4682330705083967,1,0,0
2025-08-17,117601.952231888,-1,121847.17067915104,1,,0.27604945483622706,1,0,0
2025-08-18,116312.914397989,-1,120520.32235069544,1,,-0.24937899896973278,-1,-1,0
2025-08-19,112886.10147543,-1,117700.81250963348,1,,-1.4658752940912074,-1,-1,0
2025-08-20,114277.320860316,-1,117700.81250963348,1,,-1.5419241944908793,-1,-1,0
2025-08-21,112347.102298302,-1,117201.71303853024,-1,CHoCH-,-2.06076278593632,-3,-1,-1
2025-08-22,116800.977035073,-1,117201.71303853024,-1,,-0.9075806499342091,-3,-1,-1
2025-08-23,115280.444723834,-1,117201.71303853024,-1,,-0.7395383248980864,-3,-1,-1
2025-08-24,113516.122474401,-1,117201.71303853024,-1,,-1.0909863727830682,-3,-1,-1
2025-08-25,110089.533314144,-1,116122.53893279466,-1,,-1.99707737754968,-3,-1,-1
2025-08-26,111895.295495307,-1,116122.53893279466,-1,,-1.878011050134318,-3,-1,-1
2025-08-27,111252.307236061,-1,116122.53893279466,-1,,-1.943029021598002,-3,-1,-1
2025-08-28,112481.152904109,-1,116122.53893279466,-1,,-1.5814755671732386,-3,-1,-1
2025-08-29,108473.330441642,-1,114516.88683316889,-1,,-2.2605957009709594,-3,-1,-1
2025-08-30,108746.150824851,-1,114267.19769218791,-1,,-2.483703507900775,-3,-1,-1
2025-08-31,108316.44689481,-1,113414.30025442551,-1,,-2.6589289895971744,-3,-1,-1
2025-09-01,108992.324614863,-1,113414.30025442551,-1,,-2.484119543411701,-3,-1,-1
2025-09-02,111140.947159836,-1,113414.30025442551,-1,,-1.6740452290214807,-3,-1,-1
2025-09-03,111780.743587376,-1,113414.30025442551,-1,,-1.0630019180518953,-3,-1,-1
2025-09-04,110900.633412981,-1,113414.30025442551,-1,,-1.0059195496343665,-3,-1,-1
2025-09-05,110711.229484804,-1,113414.30025442551,-1,,-1.0232455760792951,-3,-1,-1
2025-09-06,110243.650741672,-1,113414.30025442551,-1,,-1.1646522183009198,-3,-1,-1
2025-09-07,111307.784421087,-1,113414.30025442551,-1,,-0.8243696826791287,-3,-1,-1
2025-09-08,112112.311575102,-1,113414.30025442551,-1,,-0.3577279517248595,-3,-1,-1
2025-09-09,111486.396779836,-1,113414.30025442551,-1,,-0.3544530890747889,-3,-1,-1
2025-09-10,113930.748423437,1,110108.97247009679,-1,,0.5034421652508954,1,1,0
2025-09-11,115445.812932648,1,111551.6952218785,-1,,1.3744699722177944,1,1,0
2025-09-12,116149.174031958,1,112433.45976247246,-1,,1.989138933021111,1,1,0
2025-09-13,115965.627551268,1,112566.42076452401,-1,,2.18739114147862,1,1,0
2025-09-14,115395.933423437,1,112566.42076452401,-1,,2.0013043130412234,1,1,0
2025-09-15,115420.931814144,1,112566.42076452401,-1,,1.8981438954095553,1,1,0
2025-09-16,116798.867050906,1,113762.27949378721,-1,,2.3116010088164867,1,1,0
2025-09-17,116575.777628866,1,113775.92200084709,-1,,2.3731418273794804,1,1,0
2025-09-18,117014.426762174,1,114362.96195696457,-1,,2.5391092291973325,1,1,0
2025-09-19,115612.372541695,1,114362.96195696457,-1,,1.8507632572828405,1,1,0
2025-09-20,115753.165960549,1,114362.96195696457,-1,,1.5543309430485832,1,1,0
2025-09-21,115320.858829047,1,114362.96195696457,-1,,1.1621101538883885,1,1,0
2025-09-22,112727.70773813,-1,115702.84410840883,-1,,-0.22856596870738777,-3,-1,-1
2025-09-23,112052.393282022,-1,114932.61035210534,-1,,-1.1690029157257402,-3,-1,-1
2025-09-24,113324.623592192,-1,114932.61035210534,-1,,-0.9726706620635506,-3,-1,-1
2025-09-25,109166.347974874,-1,113090.3086705828,-1,,-2.270744226885382,-3,-1,-1
2025-09-26,109669.102166861,-1,113090.3086705828,-1,,-2.641837735796199,-3,-1,-1
2025-09-27,109644.73069287,-1,112966.19393042792,-1,,-2.8033367217764322,-3,-1,-1
2025-09-28,112170.00778609,-1,112966.19393042792,-1,,-1.7033783324901097,-3,-1,-1
2025-09-29,114341.141435418,1,110317.59130302828,-1,,-0.3488177584527751,-1,0,0
2025-09-30,113971.742796902,1,110317.59130302828,-1,,0.17056095573671032,1,1,0
2025-10-01,118393.270386324,1,113707.99886986241,1,CHoCH+,1.7302833296275661,3,1,1
2025-10-02,120558.594007013,1,115692.25255599087,1,,2.963626102316823,3,1,1
2025-10-03,122348.127640269,1,117431.56024437229,1,,3.897062350168799,3,1,1
2025-10-04,122379.744317651,1,117945.34865812935,1,,4.319471336858038,3,1,1
2025-10-05,123523.768313852,1,119189.60502142222,1,,4.716853439181435,3,1,1
2025-10-06,124824.453666861,1,120533.5010977715,1,,5.119335346284618,3,1,1
2025-10-07,121587.699236704,1,120533.5010977715,1,,3.887917932445036,3,1,1
2025-10-08,123390.353094682,1,120533.5010977715,1,,3.6664186743683427,3,1,1
2025-10-09,121603.33278609,1,120533.5010977715,1,,2.861678843200505,3,1,1
2025-10-10,113754.852328171,-1,120553.10901081015,1,,0.383033925631846,1,0,0
2025-10-11,110940.113648159,-1,117902.96626653783,1,,-1.3531548657520116,-1,-1,0
2025-10-12,115152.917045003,-1,117902.96626653783,1,,-1.122039971660918,-1,-1,0
2025-10-13,115332.252929573,-1,117902.96626653783,1,,-0.955173866220715,-1,-1,0
2025-10-14,113327.079410286,-1,117902.96626653783,1,,-1.2769515044358108,-1,-1,0
2025-10-15,110862.872485389,-1,117676.77773882424,1,,-1.8891293465287888,-1,-1,0
2025-10-16,108135.049605786,-1,115085.91119775861,-1,CHoCH-,-2.636093562392322,-3,-1,-1
2025-10-17,106625.668651373,-1,113334.25837047225,-1,,-3.21595999351513,-3,-1,-1
2025-10-18,107143.913935126,-1,113334.25837047225,-1,,-3.3127931562810895,-3,-1,-1
2025-10-19,108706.663763881,-1,113334.25837047225,-1,,-2.8668768497916677,-3,-1,-1
2025-10-20,110640.249515488,-1,113334.25837047225,-1,,-2.084900352451832,-3,-1,-1
2025-10-21,108700.382071888,-1,113334.25837047225,-1,,-2.086529704196461,-3,-1,-1
2025-10-22,107667.630188486,-1,113334.25837047225,-1,,-2.2742460445602046,-3,-1,-1
2025-10-23,110060.936797195,-1,113334.25837047225,-1,,-1.6695082231130374,-3,-1,-1
2025-10-24,111024.94314699,-1,113334.25837047225,-1,,-1.1003643039450384,-3,-1,-1
2025-10-25,111614.535857686,-1,113334.25837047225,-1,,-0.6521170193254998,-3,-1,-1
2025-10-26,114557.100460549,1,109012.06816514762,-1,,0.3090677716841263,1,1,0
2025-10-27,114087.773805085,1,109012.06816514762,-1,,0.6425205435404737,1,1,0
2025-10-28,112980.685846289,1,109012.06816514762,-1,,0.4815329468535139,1,1,0
2025-10-29,110206.347983051,1,109012.06816514762,-1,,-0.3280443777768518,-1,0,0
2025-10-30,108019.723841905,-1,113434.54210987332,-1,,-1.2221055406889105,-3,-1,-1
2025-10-31,109554.239627703,-1,113434.54210987332,-1,,-1.193808054546762,-3,-1,-1
2025-11-01,110005.295855348,-1,113434.54210987332,-1,,-1.0355716702670286,-3,-1,-1
2025-11-02,110389.168627119,-1,113434.54210987332,-1,,-0.8308833971014931,-3,-1,-1
2025-11-03,106495.802789889,-1,111765.32572072194,-1,BOS-,-1.6766587896897307,-3,-1,-1
2025-11-04,101349.73723232,-1,107636.12753734035,-1,,-3.0129121857800722,-3,-1,-1
2025-11-05,103915.88479135,-1,107636.12753734035,-1,,-2.8745775630209836,-3,-1,-1
2025-11-06,101241.573677966,-1,107636.12753734035,-1,,-3.23572458078692,-3,-1,-1
2025-11-07,103428.471746932,-1,107636.12753734035,-1,,-2.7735874552186077,-3,-1,-1
2025-11-08,102335.021439217,-1,107636.12753734035,-1,,-2.7199775551999728,-3,-1,-1
2025-11-09,104685.54544097,-1,107636.12753734035,-1,,-2.0368704447830606,-3,-1,-1
2025-11-10,106082.478156926,-1,107636.12753734035,-1,,-1.3310214767856237,-3,-1,-1
2025-11-11,102974.405611631,-1,107636.12753734035,-1,,-1.617608859387379,-3,-1,-1
2025-11-12,101682.126652835,-1,107636.12753734035,-1,,-1.9884930878222922,-3,-1,-1
2025-11-13,100035.310145237,-1,106094.66203442539,-1,BOS-,-2.455820466280242,-3,-1,-1
2025-11-14,94502.5476025716,-1,101615.79306564077,-1,,-3.524985563749008,-3,-1,-1
2025-11-15,95541.3158389831,-1,101615.79306564077,-1,,-3.716084771583758,-3,-1,-1
2025-11-16,94182.3130996493,-1,100632.21017036657,-1,,-3.9757572136071437,-3,-1,-1
2025-11-17,91911.4713471654,-1,98397.6312365561,-1,,-4.389689921807622,-3,-1,-1
2025-11-18,92836.4419111631,-1,98397.6312365561,-1,,-4.263049429152948,-3,-1,-1
2025-11-19,91320.4811332554,-1,97278.80092931355,-1,,-4.391707798966955,-3,-1,-1
2025-11-20,86911.2980590298,-1,93596.54079774983,-1,,-5.011478182402,-3,-1,-1
2025-11-21,84948.0463205727,-1,91553.74030695786,-1,,-5.49714684493639,-3,-1,-1
2025-11-22,84775.0015452952,-1,90772.03956562509,-1,,-5.698323064983384,-3,-1,-1
2025-11-23,86872.4546630625,-1,90772.03956562509,-1,,-5.050329069064918,-3,-1,-1
2025-11-24,88377.6024421391,-1,90772.03956562509,-1,,-4.218015838434567,-3,-1,-1
2025-11-25,87434.550610754,-1,90772.03956562509,-1,,-3.9325365533949475,-3,-1,-1
2025-11-26,90449.2770675044,-1,90772.03956562509,-1,,-2.868258124847339,-3,-1,-1
2025-11-27,91336.2000452952,1,85743.77691652998,-1,,-2.076593925350379,-1,0,0
2025-11-28,90990.1266104617,1,85853.12376412295,-1,,-1.7461905645303428,-1,0,0
2025-11-29,90842.0738243717,1,86174.35542683983,-1,,-1.601859154120949,-1,0,0
2025-11-30,90607.7021513735,1,86336.44409169535,-1,,-1.5744380066160015,-1,0,0
2025-12-01,86504.6368156049,1,86336.44409169535,-1,,-2.4801293373591684,-1,0,0
2025-12-02,91528.0245809468,1,86336.44409169535,-1,,-1.450843330306451,-1,0,0
2025-12-03,93609.0938658679,1,87517.66638165212,-1,,-0.4425039714069841,-1,0,0
2025-12-04,92205.5929544126,1,87517.66638165212,-1,,-0.28501522206075486,-1,0,0
2025-12-05,89279.8344634717,1,87517.66638165212,-1,,-0.8558200253389695,-1,0,0
2025-12-06,89169.5570610754,1,87517.66638165212,-1,,-1.1499126224445677,-1,0,0
2025-12-07,90067.847399474,1,87517.66638165212,-1,,-1.0319853868287527,-1,0,0
2025-12-08,90673.1444436003,1,87517.66638165212,-1,,-0.7931605577519723,-1,0,0
2025-12-09,92808.8518477498,1,87700.56987108332,-1,,-0.09233776345137629,-1,0,0
2025-12-10,92102.9300917592,1,87700.56987108332,-1,,0.052146104007341085,1,1,0
2025-12-11,92623.7198708358,1,88139.17566189553,-1,,0.2680158501872941,1,1,0
2025-12-12,90331.6083091759,1,88139.17566189553,-1,,-0.2841927227591248,-1,0,0
2025-12-13,90245.267264173,1,88139.17566189553,-1,,-0.5753991799437259,-1,0,0
2025-12-14,88096.3826142607,-1,92590.575929186,-1,,-1.2883081195389492,-3,-1,-1
2025-12-15,86352.5802565751,-1,90920.49494731355,-1,BOS-,-2.0446898178062565,-3,-1,-1
2025-12-16,87752.4290336061,-1,90920.49494731355,-1,,-1.9038260962056426,-3,-1,-1
2025-12-17,86059.5522241379,-1,90645.38533627486,-1,,-2.23388095163934,-3,-1,-1
2025-12-18,85434.1928673291,-1,89749.05047529502,-1,,-2.5222596455405553,-3,-1,-1
2025-12-19,88168.0738325541,-1,89749.05047529502,-1,,-1.6956627618632127,-3,-1,-1
2025-12-20,88292.4536373466,-1,89749.05047529502,-1,,-1.2330319188478107,-3,-1,-1
2025-12-21,88533.4309830508,-1,89749.05047529502,-1,,-0.9113395063740739,-3,-1,-1
2025-12-22,88474.4622331969,-1,89749.05047529502,-1,,-0.763790968790621,-3,-1,-1
2025-12-23,87365.9937872589,-1,89749.05047529502,-1,,-1.0531148276952678,-3,-1,-1
2025-12-24,87625.6707895967,-1,89749.05047529502,-1,,-1.0773484947701701,-3,-1,-1
2025-12-25,87231.3047685564,-1,89749.05047529502,-1,,-1.218713664420107,-3,-1,-1
2025-12-26,87334.8077808299,-1,89749.05047529502,-1,,-1.2274249461876863,-3,-1,-1
2025-12-27,87695.4159076564,-1,89749.05047529502,-1,,-1.0457750974053817,-3,-1,-1
2025-12-28,87747.6491548802,-1,89749.05047529502,-1,,-0.9197003736346184,-3,-1,-1
2025-12-29,87133.5103991818,-1,89436.52767924148,-1,,-1.1266583132988197,-3,-1,-1
2025-12-30,88428.4922735243,-1,89436.52767924148,-1,,-0.5449834717807027,-3,-1,-1
2025-12-31,87516.9780376972,-1,89436.52767924148,-1,,-0.6859745331843106,-3,-1,-1
2026-01-01,88684.2178474576,-1,89436.52767924148,1,CHoCH+,-0.17056202391390188,-1,-1,0
2026-01-02,89940.1801671537,1,87232.51658993772,1,,0.6406676574570563,3,1,1
2026-01-03,90598.1301832262,1,87963.84795891008,1,,1.304022636470927,3,1,1
2026-01-04,91359.7636823495,1,88760.41963072799,1,,1.921706776600789,3,1,1
2026-01-05,93948.5821794272,1,90832.52698384454,1,,3.0850461412356927,3,1,1
2026-01-06,93574.2871122151,1,90832.52698384454,1,,3.40183540561984,3,1,1
2026-01-07,91208.9562606663,1,90832.52698384454,1,,2.2870643870949294,3,1,1
2026-01-08,91096.9161554647,1,90832.52698384454,1,,1.664421975878351,3,1,1
2026-01-09,90539.6032288136,-1,93438.1254771608,1,,1.072128815734063,1,0,0
2026-01-10,90406.1424114553,-1,93054.85068017527,1,,0.7047641482100737,1,0,0
2026-01-11,90717.2063153127,-1,93054.85068017527,1,,0.6697651493615211,1,0,0
2026-01-12,91141.1498489188,-1,93054.85068017527,1,,0.8561901102021086,1,0,0
2026-01-13,95304.4982942724,1,91934.53215005847,1,BOS+,2.512843866844713,3,1,1
2026-01-14,97043.9927258913,1,93489.17486661309,1,,3.7641024744674594,3,1,1
2026-01-15,95546.1397381648,1,93489.17486661309,1,,3.534597691188085,3,1,1
2026-01-16,95489.1299602572,1,93489.17486661309,1,,3.355515410309465,3,1,1
2026-01-17,95106.980462595,1,93489.17486661309,1,,3.025775340335877,3,1,1
2026-01-18,94261.3294313267,1,93489.17486661309,1,,2.382289450600763,3,1,1
2026-01-19,92526.2419643483,-1,95774.33115054396,1,,1.2150626890235534,1,0,0
2026-01-20,88236.5631922852,-1,92446.74709148023,-1,CHoCH-,-0.86286030935024,-3,-1,-1
2026-01-21,89599.361874927,-1,92446.74709148023,-1,,-1.2928428885719925,-3,-1,-1
2026-01-22,89395.700735827,-1,92446.74709148023,-1,,-1.5548100850454027,-3,-1,-1
2026-01-23,89439.7718909994,-1,92446.74709148023,-1,,-1.6468745279220123,-3,-1,-1
2026-01-24,89185.0386990064,-1,92383.19325345776,-1,,-1.7670560985252408,-3,-1,-1
2026-01-25,86445.6705926359,-1,90145.82012355328,-1,,-2.691600854194165,-3,-1,-1
2026-01-26,88337.4545511397,-1,90145.82012355328,-1,,-2.238687268750259,-3,-1,-1
2026-01-27,89260.3805397429,-1,90145.82012355328,-1,,-1.6053642263863686,-3,-1,-1
2026-01-28,89177.7892507306,-1,90145.82012355328,-1,,-1.3087786238214458,-3,-1,-1
2026-01-29,84520.3973106371,-1,89005.58681488872,-1,,-2.546148376451014,-3,-1,-1
2026-01-30,84017.0340292227,-1,88204.71356747347,-1,,-3.246724649355272,-3,-1,-1
2026-01-31,78702.38550263,-1,84065.69164503351,-1,,-4.594970597329596,-3,-1,-1
2026-02-01,76911.0523772648,-1,82275.42784303751,-1,,-5.477770223792186,-3,-1,-1
2026-02-02,78716.6018088837,-1,82275.42784303751,-1,,-5.1086910704306785,-3,-1,-1
2026-02-03,75684.7660277616,-1,81426.95923591123,-1,,-5.376964728868181,-3,-1,-1
2026-02-04,73095.1914646406,-1,79040.03772091157,-1,,-5.8212278416061185,-3,-1,-1
2026-02-05,63494.6884456458,-1,71725.2009819881,-1,,-6.935545525020731,-3,-1,-1
2026-02-06,70647.6982188778,-1,71725.2009819881,-1,,-5.460077640731044,-3,-1,-1
2026-02-07,69166.2594424313,-1,71725.2009819881,-1,,-4.85911656567195,-3,-1,-1
2026-02-08,70522.5892393337,-1,71725.2009819881,-1,,-4.189859244151119,-3,-1,-1
2026-02-09,70244.1017773232,-1,71725.2009819881,-1,,-3.857334580641645,-3,-1,-1
2026-02-10,68688.793113384,-1,71725.2009819881,-1,,-3.8774583099656814,-3,-1,-1
2026-02-11,66989.7165920514,-1,71725.2009819881,-1,,-4.085539337102157,-3,-1,-1
2026-02-12,66221.5443115137,-1,71725.2009819881,-1,,-4.252969654950667,-3,-1,-1
2026-02-13,68860.8411633548,-1,71725.2009819881,-1,,-3.5566413179217022,-3,-1,-1
2026-02-14,69798.0791253653,-1,71725.2009819881,-1,,-2.9311621530694234,-3,-1,-1
2026-02-15,68629.9599760374,-1,71725.2009819881,-1,,-2.8088843781337447,-3,-1,-1
2026-02-16,68747.4380286383,-1,71725.2009819881,-1,,-2.685614966387842,-3,-1,-1
2026-02-17,67471.0508465809,-1,71725.2009819881,-1,,-2.8484131696487918,-3,-1,-1
2026-02-18,66380.7069611339,-1,71567.4567505079,-1,,-3.1098997303907954,-3,-1,-1
2026-02-19,66932.3522118644,-1,71567.4567505079,-1,,-3.0206091284456225,-3,-1,-1
2026-02-20,67977.3092612507,-1,71567.4567505079,-1,,-2.5950810398431603,-3,-1,-1
2026-02-21,68020.6677612507,-1,71567.4567505079,-1,,-2.3446916620986955,-3,-1,-1
2026-02-22,67550.0240768556,-1,71480.51989331805,-1,,-2.319619290597624,-3,-1,-1
2026-02-23,64689.9123308007,-1,69085.39208943337,-1,BOS-,-2.965250798690656,-3,-1,-1
2026-02-24,64123.7510780245,-1,68249.53123662676,-1,,-3.374300422612052,-3,-1,-1
2026-02-25,68038.5221794272,-1,68249.53123662676,-1,,-2.1637048601293243,-3,-1,-1
2026-02-26,67519.2645292227,-1,68249.53123662676,-1,,-1.6861411229585725,-3,-1,-1
2026-02-27,65864.1358170661,-1,68249.53123662676,-1,,-1.8630973796603572,-3,-1,-1
2026-02-28,66965.6353091759,-1,68249.53123662676,-1,,-1.5583187812603447,-3,-1,-1
2026-03-01,65733.5212597896,-1,68249.53123662676,-1,,-1.722567866964317,-3,-1,-1
2026-03-02,68922.6242974869,1,64015.2773940544,-1,,-0.7804655447662332,-1,0,0
2026-03-03,68431.1740306838,1,64015.2773940544,-1,,-0.45518971936498004,-1,0,0
2026-03-04,72667.4630575687,1,67288.93378568608,-1,,0.8137128054692965,1,1,0
2026-03-05,70987.427176505,1,67288.93378568608,-1,,0.92132441401951,1,1,0
2026-03-06,68226.7053927528,1,67288.93378568608,-1,,0.2228542037609109,1,1,0
2026-03-07,67315.5529135009,1,67288.93378568608,-1,,-0.34797683924361905,-1,0,0
2026-03-08,66202.6978731736,-1,71349.6978505924,-1,,-0.8979130354771006,-3,-1,-1
2026-03-09,68528.5384699007,-1,71349.6978505924,-1,,-0.4894763198554798,-3,-1,-1
2026-03-10,69891.8238576856,-1,71349.6978505924,-1,,0.07599623587739207,-1,0,0
2026-03-11,70298.5753530099,-1,71349.6978505924,-1,,0.4594664558961833,-1,0,0
2026-03-12,70538.1074623027,-1,71349.6978505924,-1,,0.7086534485881828,-1,0,0
2026-03-13,70930.0132793688,-1,71349.6978505924,-1,,0.9366771860746995,-1,0,0
2026-03-14,71136.2179199299,-1,71349.6978505924,-1,,1.1009855062278282,-1,0,0
2026-03-15,72712.1461957919,1,68881.90261154872,1,CHoCH+,1.638398569195654,3,1,1
2026-03-16,74723.9575534775,1,70673.19492035297,1,,2.41852605143468,3,1,1
2026-03-17,74086.013609585,1,70673.19492035297,1,,2.5110998326936405,3,1,1
2026-03-18,71253.9579275278,1,70673.19492035297,1,,1.4814524064264363,3,1,1
2026-03-19,69948.9048267095,-1,74213.1021290241,1,,0.5418792524897998,1,0,0
2026-03-20,70510.4196797194,-1,74213.1021290241,1,,0.26453269106748223,1,0,0
2026-03-21,69707.285009059,-1,73553.8342354446,1,,-0.1432112038159299,-1,-1,0
2026-03-22,68018.1534815897,-1,71986.78724357755,1,,-0.8746250989508244,-1,-1,0
2026-03-23,70726.2110461718,-1,71986.78724357755,1,,-0.2849501982653223,-1,-1,0
2026-03-24,70610.0187121566,-1,71986.78724357755,1,,-0.03257384339836879,-1,-1,0
2026-03-25,71281.2973921683,-1,71986.78724357755,1,,0.3174873772338475,1,0,0
2026-03-26,68722.9718366452,-1,71986.78724357755,1,,-0.3789640941823955,-1,-1,0
2026-03-27,66214.1715134424,-1,70722.55701363934,1,,-1.4167983128744877,-1,-1,0
2026-03-28,66351.0725251315,-1,70449.68977881547,1,,-1.8569601578267152,-1,-1,0
2026-03-29,65966.7523939217,-1,69770.80396160022,-1,CHoCH-,-2.161624424831223,-3,-1,-1
2026-03-30,66651.2320037989,-1,69770.80396160022,-1,,-1.9983925977931878,-3,-1,-1
2026-03-31,68214.8680388662,-1,69770.80396160022,-1,,-1.2727364298090496,-3,-1,-1
2026-04-01,68116.8167933957,-1,69770.80396160022,-1,,-0.9393824447782632,-3,-1,-1
2026-04-02,66908.3179918177,-1,69770.80396160022,-1,,-1.1983970421981958,-3,-1,-1
2026-04-03,66891.7422279369,-1,69770.80396160022,-1,,-1.318553992383317,-3,-1,-1
2026-04-04,67295.1309137931,-1,69770.80396160022,-1,,-1.1741138879597652,-3,-1,-1
2026-04-05,68921.8060911748,-1,69770.80396160022,-1,,-0.37510203788309215,-3,-1,-1
2026-04-06,68742.9133085915,-1,69770.80396160022,-1,,-0.06018950915728252,-3,-1,-1
2026-04-07,72057.1243614845,1,68511.55373281633,1,CHoCH+,1.3156570564387458,3,1,1
2026-04-08,71085.0583702513,1,68511.55373281633,1,,1.5281469785032398,3,1,1
2026-04-09,71788.6797825833,1,68511.55373281633,1,,1.855412144039957,3,1,1
2026-04-10,72945.0707241379,1,69587.24263617312,1,,2.3739910101470882,3,1,1
2026-04-11,73119.1091168907,1,70044.85231989656,1,,2.6595056266695467,3,1,1
2026-04-12,70685.3697019287,1,70044.85231989656,1,,1.6248897906561928,3,1,1
2026-04-13,74632.7455856224,1,70301.2751729093,1,,2.3417220833483627,3,1,1
2026-04-14,74173.5083603156,1,70301.2751729093,1,,2.471979127198134,3,1,1
2026-04-15,74761.964654588,1,70952.94268117583,1,,2.6791763588049804,3,1,1
2026-04-16,75095.7442159556,1,71567.49057147437,1,,2.851122101621497,3,1,1
2026-04-17,77114.481438048,1,73333.43199138717,1,,3.466294174532624,3,1,1
2026-04-18,75792.0637510228,1,73333.43199138717,1,,3.104367544823168,3,1,1
2026-04-19,73905.2041016949,1,73333.43199138717,1,,2.0988035665079696,3,1,1
2026-04-20,75814.1453237873,1,73333.43199138717,1,,2.174040878057445,3,1,1
2026-04-21,76107.4432977791,1,73333.43199138717,1,,2.2746844034244553,3,1,1
2026-04-22,78317.7422720631,1,74205.96984342772,1,,2.9129544763402366,3,1,1
2026-04-23,78233.6837492694,1,74507.87100665945,1,,3.155925125029855,3,1,1
2026-04-24,77444.269277031,1,74507.87100665945,1,,2.8698834401681523,3,1,1
2026-04-25,77624.7114821742,1,74507.87100665945,1,,2.7572480458262563,3,1,1
2026-04-26,78538.7733573933,1,75307.89019332231,1,,2.9669139236668043,3,1,1
2026-04-27,77256.297159848,1,75307.89019332231,1,,2.4009436227607726,3,1,1
2026-04-28,76295.531117183,1,75307.89019332231,1,,1.6558239282900096,3,1,1
2026-04-29,75795.0098530099,1,75307.89019332231,1,,1.0484258410296317,3,1,1
2026-04-30,76299.6161285798,1,75307.89019332231,1,,0.953270882191825,3,1,1
2026-05-01,78132.6437852133,1,75307.89019332231,1,,1.6066231372781186,3,1,1
2026-05-02,78712.5387317358,1,75678.25128430851,1,BOS+,2.1151714678344895,3,1,1
2026-05-03,78649.1732893045,1,75899.30495389055,1,,2.306893275241647,3,1,1
2026-05-04,79826.107817066,1,76998.145956865,1,,2.8079901369744853,3,1,1
2026-05-05,80936.7548252484,1,78058.39504861277,1,,3.3966521925675925,3,1,1
2026-05-06,81364.6201285798,1,78645.73673860832,1,,3.788517789701224,3,1,1
2026-05-07,79988.9987343659,1,78645.73673860832,1,,3.1117621896226053,3,1,1
2026-05-08,80179.6922957335,1,78645.73673860832,1,,2.8228291559367813,3,1,1
2026-05-09,80663.6296519579,1,78645.73673860832,1,,2.8470646907316963,3,1,1
2026-05-10,82256.781137931,1,79517.12627947128,1,,3.4193122478568148,3,1,1
2026-05-11,81714.7420499708,1,79517.12627947128,1,,3.3159259221324406,3,1,1
2026-05-12,80525.563024547,1,79517.12627947128,1,,2.51727003306877,3,1,1
2026-05-13,79291.9110017534,-1,82112.00883564736,1,,1.4424944433350644,1,0,0
2026-05-14,81175.8271116306,-1,82112.00883564736,1,,1.7080954230839094,1,0,0
2026-05-15,79063.4145756868,-1,82112.00883564736,1,,0.8225022770123818,1,0,0
2026-05-16,78164.4952711864,-1,81518.1653828502,1,,0.008537059546479542,1,0,0
2026-05-17,77497.697113384,-1,80716.03966122215,1,,-0.6574407403467973,-1,-1,0
2026-05-18,76975.9111998831,-1,80028.9552669877,1,,-1.1845024331753584,-1,-1,0
2026-05-19,76807.460956166,-1,79605.73568967528,1,,-1.4991025294896154,-1,-1,0
2026-05-20,77408.1722089421,-1,79605.73568967528,1,,-1.3054438082653905,-1,-1,0
2026-05-21,77595.3861717446,-1,79605.73568967528,1,,-1.0924308569330432,-1,-1,0
2026-05-22,75567.5430431093,-1,78412.35886680942,-1,CHoCH-,-1.8667947890537189,-3,-1,-1
2026-05-23,76619.8666090415,-1,78412.35886680942,-1,,-1.634006912993347,-3,-1,-1
