,ret_1w,mom_4w,mom_12w,mom_26w,vol_4w,mvrv,dd_52w,addr_g,hash_g,netflow,vix,vix_chg,price,next_ret
2013-01-06,0.0044143885999354815,0.01176771046049696,0.14766691549203426,0.6866417556218312,0.1587536945257476,1.79112313,-0.018229765735636838,0.12384065567366581,0.021249471931866794,0.06980339404215634,13.83,-2.0700000000000003,13.5044965078901,0.04745405065045283
2013-01-13,0.04745405065045283,0.060245009735507615,0.19453460537582767,0.6187513793890003,0.16203505477408198,1.85333941,-0.004697401980511273,0.356332602128854,0.016413470826638275,5.012394825413901,13.36,-3.6400000000000006,14.1607882670953,0.10443108590674655
2013-01-20,0.10443108590674655,0.16578339664907782,0.3837334970046542,0.6140699115800419,0.2602594264551875,2.01174993,0.0,0.16213845180344544,-0.017900933022635065,12.090157814037838,12.46,-5.379999999999999,15.7195921373466,0.1279148280472322
2013-01-27,0.1279148280472322,0.28421435320436705,0.5035651978476658,0.714034071530103,0.3833234077149318,2.18079976,0.0,0.28605901099486974,-0.052112432844624426,9.888613527991906,12.89,-9.829999999999998,17.8646280148217,0.14144553811919813
2013-02-03,0.14144553811919813,0.4212455027236297,0.6408554251444674,0.6442483542066184,0.4712516544476561,2.32891208,0.0,0.19370657648554618,0.05335138789848853,18.6841551925014,12.9,-0.9299999999999997,20.5789396832262,0.14962235848636452
2013-02-10,0.14962235848636452,0.5234138105595414,0.7172435656480158,0.723527709295936,0.484368962327465,2.57573299,0.0,0.03111120964270192,0.14043633389515917,7.85853390977567,13.02,-0.33999999999999986,23.9002893571011,0.1192482702698725
2013-02-17,0.1192482702698725,0.5382309949226673,0.7650378488678209,1.2350969114085895,0.5709893315794913,2.69341809,-0.015318864915547126,-0.05002859851157454,0.24802371111701754,6.903786665540222,12.46,0.0,26.9272513763881,0.10414585066619342
2013-02-24,0.10414585066619342,0.5144620175416286,0.8717204754760197,1.041582542951271,0.592434850410075,2.78872419,-0.019355320708821844,-0.014791887318417914,0.3352873768967829,5.188877283761015,14.17,1.2799999999999994,29.8828484924021,0.14227483143834485
2013-03-03,0.14227483143834485,0.5152913108607753,0.948304524044902,1.2146146582851225,0.562159130880767,2.95351788,-0.004464988786740176,0.022465399155867517,0.3080753783956299,6.687968643877422,15.36,2.459999999999999,34.451740484512,0.29051646741785797
2013-03-10,0.29051646741785797,0.6561854197922687,1.2398442400873178,1.4265515415619294,0.7286600633365115,3.41442475,-0.01754260925140727,0.020205316198104527,0.36215822624501987,23.296556417120204,12.59,-0.4299999999999997,46.0660384590181,0.027142299836990347
2013-03-17,0.027142299836990347,0.5640794493593866,1.2680938409311318,1.3817803878542376,0.7702738113597202,3.25507816,-0.019504367454880045,0.1376934360018877,0.3606226011344621,20.186646194302806,11.3,-1.1600000000000001,47.3334997837522,0.41513889959574746
2013-03-24,0.41513889959574746,0.8750724982889406,1.6737488690349362,1.7737561473995274,1.0519754113667457,4.02556381,0.0,0.28153505516859184,0.49348490798147543,37.39845487310041,13.57,-0.5999999999999996,71.6904242064758,0.2698650905908222
2013-03-31,0.2698650905908222,1.002662757441418,1.939199571025823,2.025201638416377,1.08876188321162,4.26532297,0.0,0.3173939626692008,0.49464931020974495,31.209495300370833,12.7,-2.66,93.8992384231444,0.5506208548334781
2013-04-07,0.5506208548334781,1.2627671448570381,2.4423663752088483,2.6184922401232558,1.1588013793925798,5.04960835,0.0,0.43502490168112845,0.5139445199562771,13.548135410875817,13.92,1.33,162.852214576856,-0.6057642494361692
2013-04-14,-0.6057642494361692,0.6298605955838785,1.7321710398659325,2.031723091915166,3.445570346795773,2.29456796,-0.6147895914618462,0.6048486850215332,0.48977464225640505,39.25772792335979,12.06,0.7599999999999998,88.8614913997663,0.2876926666072963
2013-04-21,0.2876926666072963,0.5024143625954274,1.8919488784259966,2.318829397755803,3.671574940873523,2.91485166,-0.48638068061500617,0.3015295656542513,0.29895274243542685,32.417139001117604,14.97,1.4000000000000004,118.483243756283,0.1277109623893864
2013-04-28,0.1277109623893864,0.3602602343939916,1.8782143026961848,2.5313081658672694,3.714270557232212,2.9627086,-0.4164131232457796,0.21281568481735708,0.3148590101727571,29.911049135754116,13.61,0.9100000000000001,134.62356956166,-0.14468810160519752
2013-05-05,-0.14468810160519752,-0.33504872204468406,1.5839038426046228,2.3785369370578513,3.754014189186007,2.53233335,-0.4950268658902751,-0.14221126323742544,0.2327140211160486,51.86079902545021,12.85,-1.0700000000000003,116.488715827002,-0.013856900136361539
2013-05-12,-0.013856900136361539,0.25685862725512365,1.4507986721983888,2.360524726099093,2.0146258969199278,2.46930854,-0.501975970463882,-0.18911473022882347,0.2845744770734069,23.983226453749875,12.59,0.5299999999999994,114.885675559614,0.018525958803187415
2013-05-19,0.018525958803187415,-0.012308080548985245,1.3651787803353828,2.3058164669194645,1.358184467251145,2.47744864,-0.49266360389076447,-0.15565355709647338,0.24240181169430552,31.69137408652388,12.45,-2.5200000000000014,117.033880187025,0.10629024826461642
2013-05-26,0.10629024826461642,-0.033728794673755225,1.3291941971616543,2.3406527281340135,1.1618427821434198,2.67740913,-0.4357685526235998,-0.20615338004009684,0.19878315345160819,33.01892561321615,13.99,0.3800000000000008,130.158601110462,-0.059608861276170266
2013-06-02,-0.059608861276170266,0.051350445655272026,0.9790688684676261,2.2835806427998486,0.5650556413609286,2.47023042,-0.46841895285346413,-0.0681820378837846,0.3787107575107873,20.807424133730866,16.3,3.450000000000001,122.626708942139,-0.20493909855845516
2013-06-09,-0.20493909855845516,-0.1397317527668216,0.7469874700721806,2.012950761371931,0.6689985832324626,1.98865953,-0.5669225522491592,-0.20678454892033135,0.42419954893028344,26.714222625301584,15.14,2.5500000000000007,99.9036034482759,-0.00869859400740225
2013-06-16,-0.00869859400740225,-0.16695630557741126,0.3231499764690309,2.0052754159890864,0.6155879172497442,1.97078129,-0.5706733800262234,-0.2249712908548746,0.5048630260407144,11.253814228210056,17.15,4.699999999999999,99.0383512565751,0.012805527537113726
2013-06-23,0.012805527537113726,-0.26044102630491395,0.0660904134153224,2.019188244533024,0.5898711377841115,1.99397986,-0.565140274615267,-0.2036043795345882,0.5098854516385507,9.676861767246503,18.9,4.909999999999998,100.314744593805,-0.1142874088381447
2013-06-30,-0.1142874088381447,-0.3151195738668884,-0.5988178502563004,1.8954169642029361,0.6032189875689836,1.78301213,-0.6121044509640685,-0.18224063801902057,0.3777760820776179,14.095645940943914,16.86,0.5599999999999987,89.4809076563413,-0.2158391729327338
2013-07-07,-0.2158391729327338,-0.326019648241167,-0.20889277375286497,1.6751634026702669,0.9679529257363879,1.46501861,-0.6874085935854342,-0.15987824919795401,0.3498246754309256,35.569980472976596,14.89,-0.25,72.1095223728814,0.22042583798181337
2013-07-14,0.22042583798181337,-0.09689521625195141,-0.2761596023783479,1.8481351900016274,1.0789613961942672,1.80117415,-0.6103212175857358,0.0495621094016209,0.38186955220619173,40.22820241578357,13.84,-3.3099999999999987,89.892269275862,-0.0481751891815243
2013-07-21,-0.0481751891815243,-0.15787593297058944,-0.4520457539492586,1.6955289149133566,1.1056944506221629,1.72424963,-0.6286490487418959,-0.04431539709365615,0.4277472375245473,74.32248623346078,12.54,-6.359999999999999,85.6643502618352,0.07942611630751095
2013-07-28,0.07942611630751095,0.03583759217506621,-0.22793153603655014,1.6470402031736353,1.0910561785698334,1.85884089,-0.5979511124520072,-0.023269455143393295,0.4277229539518134,64.4293311101823,12.72,-4.139999999999999,92.7458421975453,0.03828519633795224
2013-08-04,0.03828519633795224,0.28996196144575226,-0.17578943956223636,1.5438798613923894,0.632395793082735,1.89918712,-0.5822601424694887,0.2169240045171145,0.47346683654501726,45.00621844928822,11.98,-2.91,96.3654821741672,-0.021971141838175612
2013-08-11,-0.021971141838175612,0.04756498162576328,-0.2162865402035994,1.3722863610678493,0.44917992703733217,1.84834368,-0.5913382705229366,0.023729565261941542,0.5702572296428317,40.408338251961666,13.41,-0.4299999999999997,94.271312390415,0.050739689300304924
2013-08-18,0.050739689300304924,0.1464798601075925,-0.2718370991679109,1.3037777800982817,0.3251769581942073,1.91982911,-0.5700678369724804,0.24628736438186047,0.6345902711082743,18.980197946462404,14.37,1.83,99.1780397428405,0.13120158536822313
2013-08-25,0.13120158536822313,0.19825532916830468,-0.08102665252351748,1.3308335148003114,0.3716650510987108,2.15729459,-0.5097923772742521,0.24348003072080365,0.7052619972786897,26.643012315695334,13.98,1.2599999999999998,113.082563413209,0.14353369901686275
2013-09-01,0.14353369901686275,0.3035038318472152,0.2674461450518004,1.3320923823788293,0.41126528473297164,2.42498554,-0.4341309334681961,0.06385151100904006,0.7556642964839912,33.91612620317995,17.01,5.030000000000001,130.536372004676,-0.10048106958314129
2013-09-08,-0.10048106958314129,0.2249939041022495,0.17566366947606138,0.9410948453778301,0.48165379966805094,2.15970205,-0.4882267526645152,0.010467482743562802,0.6356877177546665,58.82821338593125,15.85,2.4399999999999995,118.057386323787,0.057754062556521824
2013-09-15,0.057754062556521824,0.2320082773584664,0.22061220449546948,0.9717066080973615,0.5038114011096565,2.23809743,-0.4577995791794881,-0.12410049448288352,0.7422487602007144,39.599539310558406,14.16,-0.20999999999999908,125.076417884278,-0.015725320988569713
2013-09-22,-0.015725320988569713,0.08508137100167357,0.31917429234504446,0.5408423875130444,0.4382885405896383,2.16687478,-0.46625916565346837,-0.05824075068814507,0.7251434832033324,48.56998533953581,13.12,-0.8600000000000012,123.124935125658,0.03184248451796101
2013-09-29,0.03184248451796101,-0.02660984349722817,0.5668559497957393,0.3028197814401832,0.3447867535483043,2.21364079,-0.4489900446757159,-0.05446304417961967,0.6830097078104139,34.76373524630381,15.46,-1.5500000000000007,127.108627703098,-0.03713299649514834
2013-10-06,-0.03713299649514834,0.03673822959076478,0.30929711531877757,-0.2849340698884433,0.9138243280392963,2.12014896,-0.46907547151143925,0.18654993441710022,0.7114857767282783,27.114171562714024,16.74,0.8899999999999988,122.475261250731,0.07803684386238263
2013-10-13,0.07803684386238263,0.05702101089662559,0.4355091483626845,0.3988670234101086,0.9030261000770047,2.2466238,-0.4259843136419328,0.14782520850761613,0.6643519442736916,37.10651439192072,15.72,1.5600000000000005,132.415658679135,0.22905031233581585
2013-10-20,0.22905031233581585,0.30179664422101116,0.5851333443909894,0.34022466913862814,0.9818172377763755,2.71537286,-0.27822963345135676,0.15859137175522323,0.8932602350027502,59.74214046176539,13.04,-0.08000000000000007,166.500151081239,0.15567310709253768
2013-10-27,0.15567310709253768,0.4256272667955878,0.7025212551455748,0.3681868138417794,1.127634702237421,2.83044183,-0.1566516126350973,0.2249478323243493,0.9176756892965509,80.34139869520834,13.09,-2.370000000000001,194.546133255406,0.07774869351731617
2013-11-03,0.07774869351731617,0.5405089568080523,0.8022410905010666,0.5906236089642931,0.703558510026925,2.92760426,-0.08846605244348738,0.06974708919267507,0.964757657810084,72.58881472855138,13.28,-3.459999999999999,210.275382611748,0.44324911627060093
2013-11-10,0.44324911627060093,0.9057212292162706,1.1947505174713626,1.0477296253712556,0.9191903587069221,3.83414476,-0.018552781519549533,0.4514970517911986,0.7740401561573067,91.6135447151071,12.9,-2.8200000000000003,327.558653499708,0.3931754894524948
2013-11-17,0.3931754894524948,1.0698464063329496,1.4567244215556343,1.422379156020563,0.9717509576443504,4.73725385,0.0,0.3205599228995372,0.6324850228658668,56.633403917094824,12.19,-0.8499999999999996,485.33657685564,0.5086875857486062
2013-11-24,0.5086875857486062,1.422860884989018,1.8218783082873777,1.8247764935045527,1.6301375798038733,5.296892,-0.032516835692471324,0.5598895280482705,0.45712456052183015,37.13591879079406,12.26,-0.8300000000000001,807.166695499708,0.17806489414218607
2013-12-01,0.17806489414218607,1.523177085613888,2.100424272012705,2.062450248922909,1.781863594697133,4.31245878,-0.14550897988411238,0.7068878195094953,0.4096042113038988,73.64056169781578,13.7,0.41999999999999993,964.485793687902,-0.2077304293712059
2013-12-08,-0.2077304293712059,0.8721975399720812,1.8349397800849774,2.0596589181101583,2.1771569870814833,3.17322401,-0.3095857822973591,0.295795065511943,0.5366591945578854,78.44069061010336,13.79,0.8899999999999988,783.573348334307,0.09777945585529757
2013-12-15,0.09777945585529757,0.5768015063748839,1.9484445569288447,2.166136967972858,2.2391155329952284,3.34036895,-0.23866673767423596,0.22693571463878834,0.4796623891037992,106.92437992825441,15.76,3.5700000000000003,864.0616578609,-0.3400006663769988
2013-12-22,-0.3400006663769988,-0.271886745750721,1.5766014060338849,1.8133307740587457,2.357067460023259,2.38571042,-0.4581059392503387,-0.0769149917256502,0.6159532830238905,130.72209630194442,13.79,1.5299999999999994,615.013035271771,0.16765600625280452
2013-12-29,0.16765600625280452,-0.2822956336401026,1.7813904087818377,2.095274189149695,2.25413251063106,2.70995202,-0.35919414757118817,-0.3163317141406139,0.5699147734532253,64.868381401084,12.46,-1.2399999999999984,727.271215663355,0.21585523762263215
2014-01-05,0.21585523762263215,0.14129003335373547,1.9192088025420873,2.526968599705061,1.957012211630865,3.23751863,-0.20480945407940299,-0.24877511409688347,0.5270737561215172,76.37171559811313,13.76,-0.02999999999999936,902.487380263004,-0.06559167663129895
2014-01-12,-0.06559167663129895,-0.02208109913286105,1.6245668135749725,2.2409510850919485,1.9029914617199102,2.92251348,-0.2552935680050701,-0.05336534993225927,0.5935977470950188,54.6059513495547,12.14,-3.619999999999999,845.191332220924,-0.008033754215121647
2014-01-19,-0.008033754215121647,0.3098858130290161,1.4608599522673131,2.281092520058351,0.8566830689868603,2.83776277,-0.26125238854324206,-0.19257496017717715,0.5035704090301023,24.931589274779153,12.44,-1.3499999999999996,838.428474734073,-0.0289556076498787
2014-01-26,-0.0289556076498787,0.11327419912633285,1.3541556511001183,2.1727107961009615,0.7514337532286012,2.7159709,-0.2823365490854768,0.13455767661783483,0.5280198824527725,58.39394473143339,18.14,5.68,814.499381373466,-1.0449352665808931e-05
2014-02-02,-1.0449352665808931e-05,-0.1025914878489651,0.9108960854768515,2.1344151504103435,0.7601775446485997,2.68024654,-0.2823440481647904,0.14423908766011279,0.5386500159418725,2.732797489818703,18.41,4.65,814.490870426651,-0.1696380468577292
2014-02-09,-0.1696380468577292,-0.20663785807539536,0.3480825491666275,1.9867482453907899,0.6133393376053878,2.18797536,-0.3943197348107712,0.12373866575197079,0.4071741830014241,-14.90638584901308,15.29,3.1499999999999986,687.406054576271,-0.09797693334687096
2014-02-16,-0.09797693334687096,-0.2965810372071447,-0.25858196992884963,1.838031622743614,0.7054521569205936,1.98508729,-0.45084798458783937,0.26930176362503305,0.4302349533270019,16.562612472432992,13.57,1.1300000000000008,623.250321948568,-0.021354333944912263
2014-02-23,-0.021354333944912263,-0.28897976350217824,-0.45800119801594796,1.6854757034304786,0.801626276240916,1.94857991,-0.46245043788314644,0.1332281863638198,0.45582789430561876,5.166359424228525,14.68,-3.460000000000001,610.082323746347,-0.08828967779477814
2014-03-02,-0.08828967779477814,-0.3772589919442906,-0.3385604464395202,1.4536523266188377,0.9075538758842517,1.80787101,-0.5078757198397259,0.2611575617294647,0.3997807168255748,40.62634627356052,14.0,-4.41,558.527707156633,0.1370680548646721
2014-03-09,0.1370680548646721,-0.07055289022188926,-0.2992718474301457,1.691201451066651,1.1511578304531709,1.95221351,-0.4355796126957996,0.22971050168116042,0.39990145552441475,45.8280680448424,14.11,-1.1799999999999997,640.578889322034,-0.010056957818105339
2014-03-16,-0.010056957818105339,0.017367085306876362,0.030671861128747757,1.623390430692024,1.064359249603566,1.91927821,-0.44122751675269867,0.0878402803364558,0.3358113199417733,25.410679998867842,17.82,4.25,634.168900970894,-0.1262394465083183
2014-03-23,-0.1262394465083183,-0.08751802725652968,-0.2632235916323751,1.5128763051722753,0.9963138642047497,1.68536505,-0.5074958253199999,-0.009648256166363813,0.32184813485298697,34.40836802044727,15.0,0.3200000000000003,558.958861691408,-0.19709902927264622
2014-03-30,-0.19709902927264622,-0.19632737873439776,-0.6761778585276534,1.283934791381668,1.0703952322122186,1.38999605,-0.5956002342830591,-0.11527255839061416,0.3608661304647332,46.935031669864685,14.41,0.41000000000000014,458.966328275862,-0.0007254747499425562
2014-04-06,-0.0007254747499425562,-0.3341209083490124,-0.611311656646297,1.320342313126874,0.8434790730753383,1.40141439,-0.5958935097071488,-0.13326811772560626,0.421102289911108,50.03841818873561,13.96,-0.14999999999999858,458.633480544535,-0.09669552703827033
2014-04-13,-0.09669552703827033,-0.4207594775691774,-0.6999734294694457,1.145609942226221,1.1928791296166117,1.28401659,-0.633139045378863,-0.09673567444057142,0.4007284247572077,50.55633976726815,17.03,-0.7899999999999991,416.362321654004,0.18616178101397196
2014-04-20,0.18616178101397196,-0.10835825004688715,-0.4848560408055951,1.102721410904377,1.379589504107258,1.53703688,-0.5580730101773872,0.004344619280498043,0.41453598582725126,40.14076893656141,13.36,-1.6400000000000006,501.55718444916,-0.13388047553673577
2014-04-27,-0.13388047553673577,-0.045139696310976696,-0.618726066989665,0.8131678282751036,1.217943360204963,1.34395279,-0.6134488458629054,-0.06225491193359025,0.35283802254433294,9.983063660727236,14.06,-0.34999999999999964,438.709363717287,-0.004647027959133965
2014-05-04,-0.004647027959133965,-0.049061249520168104,-0.4537350480910698,0.7307721067986535,1.1643283051948181,1.34079342,-0.6152409925807669,-0.12245102798016465,0.23833889320655516,10.74965617322091,12.91,-1.0500000000000007,436.675398644705,0.005570020319403568
2014-05-11,0.005570020319403568,0.0532042978375058,-0.35018809442479526,0.2930930108474561,0.7988687730681581,1.3505933,-0.6130918973957702,-0.05039695420142455,0.292769457449356,11.228425541910925,12.92,-4.110000000000001,439.114476037405,0.017714870376168257
2014-05-18,0.017714870376168257,-0.1152426128002979,-0.31111889010371474,-0.08236760822887046,0.4398625756714294,1.37668474,-0.60617680133386,-0.048653918397473454,0.2775252113201381,13.02784592630233,12.44,-0.9199999999999999,446.962641437756,0.24895585648086893
2014-05-25,0.24895585648086893,0.2675937192173068,0.026126644171932334,-0.3420993374966077,0.5536966126219708,1.7510962,-0.4948487291199186,0.04466629566926607,0.28187100927355957,22.116530333953598,11.36,-2.700000000000001,573.312458796026,0.09440791477546284
2014-06-01,0.09440791477546284,0.3666486619519036,-0.01653349591727693,-0.42575631686333093,0.6015158620746159,1.88300736,-0.44483473427946274,0.10237350887777547,0.30735318073606543,38.939315234974224,11.4,-1.5099999999999998,630.074953535944,0.04309251329143304
2014-06-08,0.04309251329143304,0.4041711549239331,0.03661597519226145,-0.174933374200692,0.6184989118561799,1.94276934,-0.4203883219057156,0.08926637995583621,0.3052626099875454,36.21224135337373,10.73,-2.1899999999999995,657.819974868498,-0.10927557251324505
2014-06-15,-0.10927557251324505,0.27718071203451977,0.053579849187334716,-0.3819884025692346,0.7207411112546067,1.70763012,-0.48038778849024044,0.06051883708836259,0.29017023961769767,37.09590956367512,12.18,-0.2599999999999998,589.724646405611,0.016664798693599714
2014-06-22,0.016664798693599714,0.044889654247250554,0.26734367715358065,-0.025322937498636122,0.5583877193714123,1.73072722,-0.47165600092415383,-0.0039340736419203005,0.40570398675479036,30.86169339946018,10.85,-0.5099999999999998,599.634633547633,0.002009013291577766
2014-06-29,0.002009013291577766,-0.04750924723663452,0.27007816519510097,-0.19096993045986288,0.5011377669422981,1.72411286,-0.47059348385940447,-0.030627218918590257,0.4124000555548342,22.12263600728017,11.26,-0.14000000000000057,600.840518410286,0.05477985375965311
2014-07-06,0.05477985375965311,-0.03582190676841446,0.4215535459930244,-0.3520453143228419,0.48568015613668913,1.80217443,-0.4407836369554956,-0.03706884163048374,0.3023858935299027,36.398633243317526,10.32,-0.41000000000000014,634.67267445938,-0.0075868142899340185
2014-07-13,-0.0075868142899340185,0.06586685145489657,0.22780495068911844,-0.294040451981477,0.3932179160152005,1.77957268,-0.44501025409657835,0.06118711544966768,0.288495478649152,44.263812100205506,12.08,-0.09999999999999964,629.87575043834,-0.007373125865653307
2014-07-20,-0.007373125865653307,0.04182892689564355,0.3543123003602009,-0.29337982363200865,0.38033225986527314,1.76080313,-0.44908721490504633,0.0116546047252309,0.17929972690335347,41.70215080356427,12.06,1.2100000000000009,625.248676212741,-0.055360230030913726
2014-07-27,-0.055360230030913726,-0.015540316426847944,0.30359909828842113,-0.3197844460130437,0.324689171457462,1.65995112,-0.4787570322840947,0.02155084131382603,0.06311741674189957,41.60929505336918,12.69,1.4299999999999997,591.575444184687,-0.008184019324326997
2014-08-03,-0.008184019324326997,-0.07850418951082805,0.28984505864469057,-0.32795801598470486,0.2897265173336682,1.64362281,-0.4830054863765746,0.027462030016060908,0.2013943748287279,26.56672916945221,17.03,6.710000000000001,586.753736703682,0.004454908598819252
2014-08-10,0.004454908598819252,-0.06646246662207478,0.27658509686734156,-0.1538650605281564,0.260286932161867,1.63601768,-0.48069718525461747,0.009935363760158418,0.1410945069631101,20.7258310633844,15.77,3.6899999999999995,589.373502045587,-0.16893271880584937
2014-08-17,-0.16893271880584937,-0.22802205956227084,-0.14130347841937674,-0.2248208459871348,0.45816812290792946,1.38521881,-0.5614146418401247,0.13836022874453005,0.18177840606702916,22.911221513756022,13.15,1.0899999999999999,497.764658971362,0.021201612570743933
2014-08-24,0.021201612570743933,-0.15146021696061318,-0.21450978062409565,-0.18226489947147861,0.5900909736916314,1.41936719,-0.552016650751218,0.09782502399275367,0.3754599965617878,23.101251802838302,11.47,-1.2199999999999989,508.430741963764,-0.060648917237597466
2014-08-31,-0.060648917237597466,-0.20392511487388365,-0.31825121115312616,-0.15462413891429794,0.5795218768233451,1.34266216,-0.5783788560594332,0.06666490217115595,0.32333047965819967,71.78749500229063,11.98,-5.050000000000001,478.511425482174,-0.0003050018296093526
2014-09-07,-0.0003050018296093526,-0.20868502530231225,-0.20928064046949046,-0.2919971956085794,0.5958304855141191,1.34317011,-0.5785074316708421,0.020317967692851043,0.3441348633325583,71.71439534645027,12.09,-3.6799999999999997,478.36550087668,-0.005696867064456157
2014-09-14,-0.005696867064456157,-0.04544917356091904,-0.23164230622754634,-0.2876371048549302,0.45814462777594533,1.33870825,-0.5809017921489923,0.01668622982600534,0.28835917568559266,84.29909135591778,13.31,0.16000000000000014,475.648063997662,-0.1722028566483882
2014-09-21,-0.1722028566483882,-0.23885364278005117,-0.4058541761675123,-0.3336005149950001,0.486090995443791,1.1367134,-0.6471996126408414,0.02757874926459232,0.2949323304885124,96.62630191666655,12.11,0.6399999999999988,400.404530683811,-0.06408377187371439
2014-09-28,-0.06408377187371439,-0.2422884974161681,-0.5247178018008798,-0.20058525759606827,0.6276121048492128,1.07103907,-0.6690991941623681,0.0760690069850031,0.15407358410772654,52.57825583404823,14.85,2.869999999999999,375.549989772063,-0.15127730234939474
2014-10-05,-0.15127730234939474,-0.3932607979359535,-0.6684082898603405,-0.35113708519552045,0.6975897753639061,0.93172895,-0.7155545919334194,0.0768191488838512,0.19947330285832782,121.05303985240103,14.55,2.460000000000001,322.826261542957,0.15743922395864107
2014-10-12,0.15743922395864107,-0.23012470691285625,-0.5035959400360461,-0.09700233419860904,0.7849227191496875,1.10393506,-0.6670539143809981,-0.005503750577911498,0.15285386508161933,112.83741206751064,21.24,7.929999999999998,377.871243717124,0.028214442782081406
2014-10-19,0.028214442782081406,-0.02970740748238665,-0.420021267223051,-0.2549496724304996,0.7077155728050315,1.13688775,-0.6575262492543985,0.05289912988318887,-0.0018736322689370834,96.48752382325313,21.99,9.879999999999999,388.684497954413,-0.09606775486099917
2014-10-26,-0.09606775486099917,-0.061691390469671425,-0.5079050027597232,-0.217136951754763,0.6190545897479909,1.03785791,-0.6888960005218906,0.03313215077475059,0.10594864896232385,108.51167907319085,16.11,1.2599999999999998,353.081956165985,-0.08518979781864289
2014-11-02,-0.08518979781864289,0.004396114061080425,-0.5975497091771853,-0.2976797216142719,0.5644356693235772,0.95980572,-0.7143013848730889,0.04854075502865877,0.10369319073679827,39.1190030644175,14.03,-0.5200000000000014,324.248566627703,0.11457160431793678
2014-11-09,0.11457160431793678,-0.038471505579623866,-0.31404538605339916,-0.1886781376157387,0.544444004333422,1.07917955,-0.6796195915244017,0.07302779014494518,0.13825343337639423,62.69696629820706,13.12,-8.12,363.610051724138,0.0705923455355677
2014-11-16,0.0705923455355677,0.00390639717386243,-0.2646546530885754,-0.13580066245633926,0.7771853177255336,1.15327838,-0.6561857942922302,0.062447242066590004,0.11073868037421333,95.19993646713735,13.31,-8.679999999999998,390.205823495032,-0.059207793738274894
2014-11-23,-0.059207793738274894,0.0407663582965867,-0.2632135295892528,-0.4439643126754831,0.7829358169854043,1.09252099,-0.6759513632209424,0.029894525092148422,0.0833131856195721,86.67898727993683,12.9,-3.209999999999999,367.773242255991,0.02925241841844617
2014-11-30,0.02925241841844617,0.15520857453367576,-0.2336561093411973,-0.5091198090324998,0.7293420728981361,1.13677757,-0.6663321502115087,0.01600578921741541,0.01809998445945549,95.1467438221745,13.33,-0.6999999999999993,378.690397136178,-0.0054297023928375765
2014-12-07,-0.0054297023928375765,0.0352072678229014,-0.2333889446695787,-0.5576420247167704,0.7039458227307517,1.13597735,-0.6145587986474148,0.07634352511659116,-0.07065262828144016,100.2399993094569,11.82,-1.299999999999999,376.639793103448,-0.056134632148149954
2014-12-14,-0.056134632148149954,-0.09151970986081626,-0.11732072016934048,-0.5045010843516753,0.42295124131074097,1.08689147,-0.6106120150080973,0.05608895905774383,0.021932453104136863,59.49454196704102,21.08,7.769999999999998,356.07972150789,-0.10373635438680928
2014-12-21,-0.10373635438680928,-0.13604827050935064,-0.15697330268243537,-0.6249022374320843,0.42002271462171814,0.98778637,-0.6489811650358568,0.14513398628151722,-0.06947512193506603,62.962633834851246,16.49,3.589999999999998,320.992670075979,-0.01248345361988612
2014-12-28,-0.01248345361988612,-0.17778414254768293,-0.01817945395292675,-0.6393947043435482,0.471358932926049,0.98276009,-0.6533358550449273,0.013689820731219538,0.05060511464273032,13.31869153506512,14.5,1.17,317.010480420807,-0.1855094633447436
2015-01-04,-0.1855094633447436,-0.35786390349958896,-0.36112814125631143,-0.8796840214479449,0.6351706023228783,0.826303,-0.7120326902364364,-0.12249573894679676,0.1729249124288749,-28.154561691086723,17.79,5.969999999999999,263.334574810053,0.020376730727000414
2015-01-11,0.020376730727000414,-0.2813525406244386,-0.3689658533113924,-0.8517204764310105,0.7379329085593408,0.85069708,-0.6804675349073048,0.039193665309087695,0.0340947583602281,-56.62732881048961,17.55,-3.5299999999999976,268.755515488019,-0.24131611630393301
2015-01-18,-0.24131611630393301,-0.41893230254156233,-0.5142142147543263,-1.0856634668692902,1.4842718654421618,0.68000493,-0.7452813559901512,0.03720042128084238,0.14767782721731296,-66.95228155610421,20.95,4.460000000000001,211.132518410286,0.1868853439519036
2015-01-25,0.1868853439519036,-0.21956350496977262,-0.2421390729837798,-0.8434178928864728,1.5330349581433658,0.8258294,-0.6875128371554404,0.09193123365821987,-0.0674686884036321,-44.9581053909634,16.66,2.16,254.51794126242,-0.11393111827426505
2015-02-01,-0.11393111827426505,-0.14798515989929406,-0.4706417955759816,-0.9491649918364109,1.5668215628477602,0.74387279,-0.718572459711783,0.14757366693432517,-0.029838555327156163,-48.11804268384864,20.97,3.1799999999999997,227.111301285798,-0.013633507689728042
2015-02-08,-0.013633507689728042,-0.18199539831602252,-0.5548676488012774,-0.9672534081249582,1.5550367915985077,0.73731062,-0.6731584536232809,-0.011601198503137067,0.04285406196357891,-7.551770622601495,17.29,-0.26000000000000156,224.035988895383,0.04541774040947821
2015-02-15,0.04541774040947821,0.10473845839738871,-0.45024211465352426,-0.7529029489096306,0.9501210653850589,0.7743708,-0.6534459477896144,0.04777261206104372,0.045654462061899624,-5.499899122521285,14.69,-6.26,234.445803039158,0.009529647601877578
2015-02-22,0.009529647601877578,-0.0726172379526373,-0.46996488547009285,-0.764574913878497,0.8976532830875086,0.78366869,-0.6501276236798861,0.06725160443949649,0.17969031285995263,4.887730507833882,14.3,-2.3599999999999994,236.690668322618,0.09642952522833159
2015-03-01,0.09642952522833159,0.13774340554995934,-0.3681056578489237,-0.6074964714125679,0.7350723293134092,0.86514949,-0.6147093540082464,0.05581697519554876,0.06287316061374391,19.41365273985275,13.34,-7.629999999999999,260.651330800701,0.05481594007594559
2015-03-08,0.05481594007594559,0.20619285331563297,-0.25715508562482814,-0.552375529507013,0.6871618822628405,0.91749265,-0.5905071535775411,0.10141242642956672,0.08573184844278173,-8.863905164692119,15.2,-2.09,275.338033898305,0.04242347747530317
2015-03-15,0.04242347747530317,0.20319859038145793,-0.11099525376271568,-0.5042551849672536,0.5075183717897291,0.95476771,-0.5727612837087869,-0.046544022715588815,0.04480877313652968,-13.93500018136806,16.0,1.3100000000000005,287.270142022209,-0.0660856435908217
2015-03-22,-0.0660856435908217,0.12758329918875866,-0.16459744373365126,-0.39813797190968714,0.6135886447556507,0.89689624,-0.6000829030623804,-0.015382091791121842,-0.035942274652729055,0.2893643732505429,13.02,-1.2800000000000011,268.899415838691,-0.10140923105026456
2015-03-29,-0.10140923105026456,-0.07025545708983749,-0.08049721143917221,-0.4354634310862373,0.644704914442217,0.81383575,-0.6386496317148046,-0.03373643253161678,0.08211760965036217,4.018951881453703,15.07,1.7300000000000004,242.967614260666,0.07202179576988765
2015-04-05,0.07202179576988765,-0.05304960139589543,-0.028852146396284972,-0.21216433296695492,0.6117989202444123,0.87790912,-0.6116644316624408,-0.004166489334465283,0.012172465357178044,25.037857107405188,14.67,-0.5299999999999994,261.112136177674,-0.0962948759595994
2015-04-12,-0.0962948759595994,-0.191767954830798,0.11616909394804864,-0.4658984328851954,0.5807477664222969,0.80176151,-0.647315123631898,0.017499102495358694,-0.004311187842452245,25.345508643458633,12.58,-3.42,237.141042372881,-0.060209969868995294
2015-04-19,-0.060209969868995294,-0.1858922811089716,-0.13092621987285025,-0.5543228455362721,0.48091656087320245,0.76035314,-0.6679236252585723,-0.011085735091183805,0.035834721150198194,25.250991360288065,13.89,0.870000000000001,223.284135300994,-0.012531964737078738
2015-04-26,-0.012531964737078738,-0.09701501479578578,-0.029527066335663932,-0.47078705541235166,0.42020886367713484,0.75294572,-0.6720592269450045,0.07455330944601912,-0.05657276180758188,13.845752292855494,12.29,-2.780000000000001,220.503406779661,0.08665828057900526
2015-05-03,0.08665828057900526,-0.08237852998666817,0.07076472193306937,-0.2989389770147035,0.4474911922451632,0.8223728,-0.6423727285970096,-0.0309843717427373,-0.037637766890549776,8.27083092247633,12.7,-1.9700000000000006,240.464248977206,0.0011107121677174092
2015-05-10,0.0011107121677174092,0.015027058140648641,0.02645769369130857,-0.4123998691649229,0.4539418702915742,0.82457424,-0.64197528695438,0.03221058198430366,-0.0001798031225221863,18.222730400990766,12.86,0.27999999999999936,240.731483927528,-0.01577524493453808
2015-05-17,-0.01577524493453808,0.059461783075105856,0.001152801154892913,-0.49876745963502866,0.38868444109297434,0.81389832,-0.6475788991098319,0.030764940579803057,0.05636926593759196,21.85299415737092,12.38,-1.5099999999999998,236.963682933957,0.01569330132272828
2015-05-24,0.01569330132272828,0.08768704913491288,-0.0795834227507104,-0.4238663645740255,0.33572876740110175,0.82826864,-0.6420046235904929,-0.04374311605296743,-0.025432786717286538,17.20701225861007,12.13,-0.15999999999999837,240.711758328463,-0.04791266531850891
2015-05-31,-0.04791266531850891,-0.046883896762601296,-0.1823120281451649,-0.5010314483109806,0.2685878427616553,0.79414393,-0.65875270970453,0.10874237529673521,0.029905669249308063,18.56155126610399,13.84,1.1400000000000006,229.45054792519,-0.026671334450115936
2015-06-07,-0.026671334450115936,-0.07466594338043464,-0.251406840070584,-0.5222730803682589,0.20500981363289736,0.77660755,-0.6569748923391536,0.06337062832118413,0.03646096908708343,5.761490259103678,14.21,1.3500000000000014,223.411685856225,0.03990460526798412
2015-06-14,0.03990460526798412,-0.018986093177912444,-0.1454165912117782,-0.42623384295212485,0.21478678217661615,0.80992401,-0.6430098287341922,0.13148065078489551,-0.010681321335409569,6.620349467210509,13.78,1.3999999999999986,232.507108708358,0.0494772432135937
2015-06-21,0.0494772432135937,0.014797848712952977,0.005469883052080071,-0.27302024535172187,0.3067528234141485,0.85070324,-0.6249026871849932,0.15803580283138538,0.02924438914549457,41.400223642835904,13.96,1.83,244.300260081824,0.019288905718218174
2015-06-28,0.019288905718218174,0.08199941974968006,-0.04726300699958941,-0.24124788601361757,0.32596312150815066,0.86825845,-0.6175972399465759,-0.013120890430544225,0.05005322460033719,52.568628157066335,14.02,0.17999999999999972,249.058285797779,0.08554733190324626
2015-07-05,0.08554733190324626,0.19421808610304225,0.13457920086325625,0.029808909234372294,0.36908969284002496,0.94652746,-0.5740426234061449,0.06676129938703484,0.03640580197224055,63.11727705990023,16.79,2.5799999999999983,271.302458211572,0.1381068855685772
2015-07-12,0.1381068855685772,0.29242036640363533,0.33289605630082875,0.14753906407594908,0.4570949249925457,1.08367916,-0.5061723176755333,0.10654975714614477,0.023679110185081512,54.6844078951579,16.83,3.049999999999999,311.481879894798,-0.12354517747662541
2015-07-19,-0.12354517747662541,0.11939794571341622,0.22188284356128207,0.2653100029032567,0.5015992653283186,0.95860718,-0.5569296196668474,-0.052498481627008424,0.07329491232080994,43.09084388992391,11.95,-2.0100000000000016,275.281989479836,0.06345059227010985
2015-07-26,0.06345059227010985,0.1635596322653079,0.19867515525238666,0.14187525122146294,0.5031290748669773,1.02127006,-0.5082790961617152,0.01728143035708902,0.0513037446882935,36.873195523436884,13.74,-0.27999999999999936,293.314842781999,-0.037840611021297654
2015-08-02,-0.037840611021297654,0.04017168934076398,0.1597238320633716,0.21796575847443034,0.4653359698917506,0.98353023,-0.520808103098018,-0.01750153551132485,0.05561796243818664,35.51218728956908,12.12,-4.67,282.423006428989,-0.05862469577793128
2015-08-09,-0.05862469577793128,-0.1565598920057445,0.1168743812199784,0.1729745703862271,0.4108341956841607,0.93317694,-0.5355375780773919,-0.1225282344000676,0.01724140145161829,8.00193811024483,13.39,-3.4399999999999977,266.342020455874,-0.02822036235443015
2015-08-16,-0.02822036235443015,-0.06123507688354923,0.07296071754281996,0.09933646762231874,0.3588737154915591,0.90950511,-0.5013924470308431,0.001074314619768915,0.023470397231392992,-33.185738574116776,12.83,0.8800000000000008,258.930817389831,-0.12426755291116898
2015-08-23,-0.12426755291116898,-0.24895322206482806,-0.003394170049840106,-0.03446073289072782,0.7068079994687614,0.8092317,-0.5532440428222154,0.02607308206451385,0.041267633830483784,-13.63812714598363,28.03,14.290000000000001,228.673073933372,0.001514110431022786
2015-08-30,0.001514110431022786,-0.20959850061250762,0.024791274831298615,-0.12937614768803662,0.7926523359989298,0.81927215,-0.53218846037508,-0.022945841248960156,0.061171805396318425,-63.30414467917511,26.05,13.930000000000001,229.019572472238,0.05018196920618401
2015-09-06,0.05018196920618401,-0.10079183562839233,0.035068638769498506,-0.1340101185577982,0.7713631255746869,0.86322379,-0.49618172750108414,0.031820054058392146,0.10653985410439726,-45.23608042089784,27.8,14.41,240.805472238457,-0.04352672286159187
2015-09-13,-0.04352672286159187,-0.11609819613555405,-0.05793532730568707,-0.21996031889469325,0.7737411247765671,0.82782905,-0.5122266131899396,0.10619019755283167,0.10956687697196725,-25.56842065765482,23.2,10.37,230.548837317358,0.0035222673944046434
2015-09-20,0.0035222673944046434,0.011691624170019566,-0.0737019656295006,-0.1503524079094669,0.4229795870350878,0.83222368,-0.47236795930273023,0.0809494169165337,0.035480868253187324,-61.38499040709381,22.28,-5.75,231.362323787259,0.008097173664709523
2015-09-27,0.008097173664709523,0.018274687403706302,-0.15115212386803734,-0.04084600319449283,0.25337241326046,0.84044962,-0.44806425563402597,0.09723447341291477,0.08376576636359781,-31.929150335991956,23.62,-2.4299999999999997,233.243309760374,0.026541925368797514
2015-10-04,0.026541925368797514,-0.005365356433680191,-0.262717084067817,-0.08632587359558297,0.24142436020951707,0.86381713,-0.4332186746642881,0.03220189317447652,0.06999250132211005,-24.373811913617796,20.94,-6.859999999999999,239.516924897721,0.03693209877978276
2015-10-11,0.03693209877978276,0.07509346520769444,-0.10223980781140884,0.046901101143799195,0.2123096261084823,0.89733993,-0.411894908766824,-0.012233826372496133,0.014806169550547173,-38.30549887691883,17.08,-6.120000000000001,248.528165400351,0.05842764924487476
2015-10-18,0.05842764924487476,0.12999884705816456,-0.10726275083664394,0.16553872025766925,0.29039517625319844,0.9516082,-0.3765096375890059,0.07090652623702101,0.07214324501769145,-6.870258149258663,15.05,-7.23,263.481677381648,0.08218171905238325
2015-10-25,0.08218171905238325,0.20408339244583829,0.012759579237036967,0.26025240404713124,0.29009894705313377,1.02981363,-0.3231057703457394,0.13812873561591196,0.013268121573024306,15.030693502668507,14.46,-9.16,286.04969345412,0.14248527339442063
2015-11-01,0.14248527339442063,0.3200267404714614,0.21386954840938888,0.3160793968625466,0.40494887042160393,1.17301764,-0.21944882854580128,0.19037567737547048,0.04711993098221273,16.306125502961237,15.07,-5.870000000000001,329.854227644652,0.12131807135800798
2015-11-08,0.12131807135800798,0.4044127130496866,0.363407982121827,0.4362867560528372,0.6834021782360336,1.29084893,-0.11877025314899126,0.3361780577647389,0.06743212784085677,107.12917470847464,14.33,-2.7499999999999982,372.400129748685,-0.15187285574488119
2015-11-15,-0.15187285574488119,0.19411220805993068,0.3358026792881148,0.30018914524249407,0.9557004203053903,1.113692,-0.21099266318835208,0.14666092886751608,0.12108339633822222,90.60925396884261,20.08,5.029999999999998,319.928021624781,0.011773534530560958
2015-11-22,0.011773534530560958,0.12370402353810839,0.346062103387653,0.29626937845032675,0.9656804074002769,1.12503742,-0.20164835825415262,0.03576012351195922,0.1618443583517241,62.17470747722895,15.47,1.0099999999999998,323.716966101695,0.13823798473845095
2015-11-29,0.13823798473845095,0.1194567348821387,0.4341181189199199,0.4824200285072866,0.9655837579931251,1.28597204,-0.08329369860270908,-0.008543705278389485,0.15632326932714175,7.68466618291785,15.12,0.049999999999998934,371.707612507306,0.05651375999202912
2015-12-06,0.05651375999202912,0.05465242351615984,0.5341586017735409,0.5656051229494317,0.8277875573895092,1.35140208,-0.029995317371577013,0.005966854967600806,0.22455603589794793,-18.245498563881284,14.81,0.4800000000000004,393.319129748685,0.09935243098490698
2015-12-13,0.09935243098490698,0.305877710245948,0.6299887653640432,0.6250529486663545,0.6018388040390985,1.46917519,-0.042872141802264285,0.2125615598805747,0.2765108537198148,-8.138457350995196,24.39,4.310000000000002,434.403466393922,0.01768446689720804
2015-12-20,0.01768446689720804,0.3117886426125951,0.6395760585965418,0.5932601723499689,0.6297413042462204,1.47646827,-0.04834915532922479,0.24595775041287055,0.2900215687663586,-20.385525340048126,20.7,5.229999999999999,442.15399006429,-0.044981562845079814
2015-12-27,-0.044981562845079814,0.12856909502906433,0.5680525703826644,0.5289897037866709,0.6568185051975406,1.40524438,-0.09020741507819408,0.1886578980736993,0.31398137903478995,7.655397826674354,15.74,0.620000000000001,422.705894506137,0.01742520388288149
2016-01-03,0.01742520388288149,0.0894805389199167,0.5485456754857632,0.4608675757663061,0.5969377658994707,1.42578556,-0.07421516433207853,-0.09260788513812697,0.23175183559658916,-42.83497382786214,18.21,3.4000000000000004,430.136180011689,0.041985663765373715
2016-01-10,0.041985663765373715,0.03211377170038343,0.5321036900062621,0.3647463539631026,0.5129478042350755,1.47362064,-0.034517947847186314,-0.12407839679350133,0.2332759802961259,-57.39543400363535,27.01,2.620000000000001,448.580216247808,-0.15940570052857783
2016-01-17,-0.15940570052857783,-0.14497639572540244,0.29051627042530104,0.3288858309111502,0.7500110957281262,1.25902054,-0.1767813728529144,-0.0565927324212868,0.14023163531800764,-8.013815118218426,27.02,6.32,382.482086499123,0.0533631271077315
2016-01-24,0.0533631271077315,-0.046631705772591125,0.2013941241386119,0.31879836574877185,0.8473151185454162,1.33208711,-0.1316586140690399,0.11680952472623131,0.18334116427726777,37.10528381849986,22.34,6.6,403.446926651081,-0.09647847599842141
2016-01-31,-0.09647847599842141,-0.16053538565389402,-0.016402423217817486,0.2601605007716481,0.8596138124915045,1.21190019,-0.21152045602689806,0.2796540700150864,0.29296605449015645,55.939217179249866,20.2,1.9899999999999984,366.341687609585,0.023769918075069896
2016-02-07,0.023769918075069896,-0.17875113134419784,0.1592403506021336,0.34255511462464927,0.8583423325516039,1.24380766,-0.1925538373947162,0.2538969816362096,0.27586847516950513,45.59438083162903,23.38,-3.6300000000000026,375.153917592051,0.07938780920824406
2016-02-14,0.07938780920824406,0.06004237839262405,0.2268546252798167,0.4501632861873235,0.6374422126462401,1.34395157,-0.12583933115923973,0.056340553250185436,0.39568632155733474,61.68510871023985,25.4,-1.620000000000001,406.150669491525,0.07713403629268356
2016-02-21,0.07713403629268356,0.08381328757757611,0.16575067683404932,0.651564875391176,0.43396176951427934,1.43896168,-0.05574313991736635,0.016862276158833282,0.20634226617015253,57.11957315314068,20.53,-1.8099999999999987,438.718612681473,-0.012884361510317355
2016-02-28,-0.012884361510317355,0.16740740206568017,0.09635255533170284,0.6371664034498359,0.39973933502245446,1.41489813,-0.06783124567384258,-0.022401388182112993,0.12829674139682629,64.8124279817783,19.81,-0.39000000000000057,433.102262711864,-0.07028899508847974
2016-03-06,-0.07028899508847974,0.07334848890213053,-0.07328887074168389,0.5166954391551721,0.380251687972198,1.31351951,-0.13110275768013457,-0.027703774104087985,0.06928545295549712,108.0382586935805,16.86,-6.52,403.705187463472,0.019867201682682634
2016-03-13,0.019867201682682634,0.013827881376569096,-0.0711061359562093,0.5800893636994466,0.3572844855284629,1.33700014,-0.11366758030939506,-0.10266120949417513,-0.018962070581368184,42.86461627276903,16.5,-8.899999999999999,411.805882466394,0.0006094979855602034
2016-03-20,0.0006094979855602034,-0.06269665693055426,-0.025515075125569275,0.5771765942906022,0.2944534234257221,1.33522284,-0.11312719782076708,-0.1311304765435584,0.05362500382734681,22.825460426340932,14.02,-6.510000000000002,412.056953828171,0.03199751287202712
2016-03-27,0.03199751287202712,-0.017814782548209784,-0.010942766136423643,0.6010769334979198,0.263924903923699,1.37287033,-0.08429058426027325,-0.1476832391670413,0.07888149725769554,1.1025953267726973,14.74,-5.0699999999999985,425.454959848042,-0.012729206320778452
2016-04-03,-0.012729206320778452,0.03974500621949151,-0.06565763622257581,0.5618058018083438,0.2027935365916525,1.35223224,-0.09587296469471662,-0.046877840678218964,0.03745758126139172,-25.769661470369382,13.1,-3.76,420.073578901227,0.004467577375775633
2016-04-10,0.004467577375775633,0.024345381912584507,0.09821564168177765,0.5293412804043367,0.16491431390820532,1.35084023,-0.09182467090749857,0.0398503723244646,0.09754732592335814,-14.29936761488315,15.36,-1.1400000000000006,421.954488544711,0.01735161182761047
2016-04-17,0.01735161182761047,0.04108749575463477,0.06220412640165662,0.4882652429870724,0.1475403816844022,1.37038391,-0.07592885493338586,0.04931118866821768,0.11016076953090587,-25.370720226890608,13.62,-0.40000000000000036,429.339968731736,0.07630457547847058
2016-04-24,0.07630457547847058,0.08539455836107823,0.23498717787854861,0.48238809941315974,0.17625671667622078,1.46984701,-0.002658098982880608,0.057703404313274365,0.07271722094859664,-7.656026338476443,13.22,-1.5199999999999996,463.382871420222,-0.01823264485482845
2016-05-01,-0.01823264485482845,0.07989111982702823,0.19298461494865027,0.32167018116391066,0.2691553272796776,1.43481218,-0.031085521555593187,-0.057632200124839814,0.042893731074168384,-23.28663080514797,15.7,2.5999999999999996,455.010731151374,0.01389855064316059
2016-05-08,0.01389855064316059,0.08932209309441319,0.1274953563835668,0.21425066044906327,0.30012841251870437,1.44965118,-0.017524997079463978,0.010703139238066397,0.08106895577399958,-15.36400614879854,14.72,-0.6399999999999988,461.378872296902,-0.0011301909405068145
2016-05-15,-0.0011301909405068145,0.07084029032629591,0.04923112915037642,0.36499332525343764,0.3140425932311203,1.44303466,-0.018634754190195557,-0.005680331506115967,0.061694805937534784,9.575812463323956,15.04,1.42,460.85772063121,-0.045045739872383805
2016-05-22,-0.045045739872383805,-0.05051002502455848,0.017069750788309968,0.3081740508504929,0.3198169685772875,1.37324466,-0.061860207623060215,0.04091905401788391,0.09334948123612846,-16.514035783049902,15.2,1.9799999999999986,440.558668848627,0.18019947906779787
2016-05-29,0.18019947906779787,0.14792209889806784,0.2675582249445876,0.3501355451798398,0.5069572094576869,1.61944736,-0.006330416948590711,0.02984091709762397,0.11949179277323115,35.453450532057815,13.12,-2.58,527.54971244886,0.08636628015195669
2016-06-05,0.08636628015195669,0.22038982840686394,0.33405730341386164,0.37998806533976737,0.5214205813071635,1.73449123,0.0,0.05297179527322246,-0.012114803045581582,59.42185590877648,13.47,-1.25,575.137638047925,0.15325379164479536
2016-06-12,0.15325379164479536,0.3747738109921661,0.4867015970730968,0.43388942599965574,0.6252585768036131,1.97978904,0.0,0.08013057349872546,0.06982532004851362,104.40767605445697,17.03,1.990000000000002,670.39237434249,0.1343199729623583
2016-06-19,0.1343199729623583,0.5541395238269082,0.589024057163428,0.550524932064806,0.6900174619547021,2.15941186,-0.0008507708565189676,0.15925312772582503,0.055777209433153396,107.42192256213295,19.41,4.210000000000001,766.767132670952,-0.19577429209553454
2016-06-26,-0.19577429209553454,0.17816575266357582,0.4059789713886719,0.3997322028143513,0.9182650133412646,1.7731205,-0.1785017116412465,0.10461183034603184,0.04505501949450935,83.55884774555264,25.76,12.640000000000002,630.4342421391,0.0496873012008221
2016-07-03,0.0496873012008221,0.14148677371244123,0.45119869521371836,0.4319943001322919,0.9616262076214452,1.84470645,-0.13665260363386966,-0.0029095091299696243,0.1146118409897726,80.38481468318427,14.77,1.299999999999999,662.55008591467,-0.019186347803716863
2016-07-10,-0.019186347803716863,-0.030953365736070992,0.414660735582391,0.3708222885632013,0.9186853629113702,1.79645545,-0.15305919250498523,-0.08968919132465769,0.0369453081670191,28.61526390618172,13.2,-3.830000000000002,649.959340970193,0.04678406305151306
2016-07-17,0.04678406305151306,-0.11848927564691625,0.3851402231554335,0.5770120521432922,0.8204716916053012,1.86895135,-0.1124943652284518,-0.18831119158380727,0.006623323830062085,49.58756728173834,12.67,-6.74,681.089601987142,-0.029344173277374708
2016-07-24,-0.029344173277374708,0.047940843171243586,0.37402869473288725,0.494304751758186,0.4961095855408734,1.80565737,-0.13815908773802632,-0.16493594023762745,-0.046226188846663206,31.25905606987623,12.02,-13.740000000000002,661.393979836353,-0.05691091812871729
2016-07-31,-0.05691091812871729,-0.058657376158295804,0.30321922596100936,0.5338723096278901,0.3921523119719955,1.7008979,-0.185837661665608,-0.0007315826182465188,-0.08636486152325434,33.204464422668465,11.87,-2.9000000000000004,624.804487142022,-0.04932735149872158
2016-08-07,-0.04932735149872158,-0.08879837985330052,0.2550220654027946,0.46077504005409864,0.6644770533452322,1.62732927,-0.22502371610216443,0.052941434620350135,0.041602029313470956,-58.07777009077326,11.39,-1.8099999999999987,594.73232402104,-0.040044580879168734
2016-08-14,-0.040044580879168734,-0.17562702378398232,0.26002322439600967,0.34134264996668584,0.6439612196048182,1.56450982,-0.25544416453107865,0.06905296007889901,-0.00553630953172032,-130.32269476923764,11.55,-1.1199999999999992,571.387062536528,0.01632617304109374
2016-08-21,0.01632617304109374,-0.12995667746551387,0.09614991836930553,0.280534786715096,0.6471013887414437,1.5862522,-0.24318864648658778,0.09221122669328082,0.09758545615972138,-169.25149297250485,11.34,-0.6799999999999997,580.79219257744,-0.009839983698290311
2016-08-28,-0.009839983698290311,-0.08288574303508689,-5.634548094146652e-05,0.28357916452712306,0.6304322500173046,1.56720759,-0.2505991385139844,0.002122387012843123,0.09054221041860455,-193.1413530632666,13.65,1.7800000000000011,575.105232554062,0.05978899442043417
2016-09-04,0.05978899442043417,0.026230602884068865,-0.09352114270530265,0.413657154036037,0.22921957236414017,1.65865731,-0.20442666538617194,0.0033665374589447387,0.014717127014103408,-109.14199140589535,11.98,0.5899999999999999,610.538913325541,-0.003761514950602951
2016-09-11,-0.003761514950602951,0.06251366881263465,-0.23160263061826392,0.3900284374027514,0.2506665740978218,1.64409449,-0.20741360514748974,-0.001609592473885326,0.07490230969963008,-49.578609410677366,17.5,5.949999999999999,608.246675920514,0.005389155393312528
2016-09-18,0.005389155393312528,0.05157665116485344,-0.030439183129416847,0.3948080948105037,0.23263197764510943,1.64735892,-0.20313070365785946,-0.021367623140579543,0.0982157269424316,-21.07221784627827,15.37,4.029999999999999,611.533460315605,-0.01802377525178489
2016-09-25,-0.01802377525178489,0.04339285961135886,-0.09815025958202384,0.3447868066866917,0.23534227128685498,1.61373559,-0.21736463682398444,0.023708950790281076,0.105445202909473,-5.144628029345343,12.29,-1.3600000000000012,600.610054880187,0.018375481557596274
2016-10-02,0.018375481557596274,0.0019793467485209604,-0.0605884302207107,0.37589149456506643,0.1823196187446756,1.63963562,-0.20285039041034947,0.08242424663908347,0.09582923664979531,-11.390610151186106,13.29,1.3099999999999987,611.748578316774,0.008711394409313122
2016-10-09,0.008711394409313122,0.014452256108437034,-0.09866109886291063,0.3801353115986039,0.11833996698853867,1.6471487,-0.19587577053335037,0.15669366577052374,0.17608837713858533,-21.328586216896113,13.48,-4.02,617.101041320865,0.04097670522947272
2016-10-16,0.04097670522947272,0.050039805944597227,-0.028340220356063206,0.40376040500046617,0.19045829568777434,1.70485941,-0.16224099404114134,0.06698774365044903,-0.004355054993883156,6.112466669701041,16.12,0.7500000000000018,642.913042548217,0.013976733684308407
2016-10-23,0.013976733684308407,0.08204031488069052,0.04254743145696249,0.341432563206304,0.21877246694427596,1.71807394,-0.15044964923187643,0.10180452985458678,0.04560034259425416,-2.3168228335544185,13.34,1.0500000000000007,651.961956750438,0.07014139964668864
2016-10-30,0.07014139964668864,0.1338062329697829,0.16201618260237272,0.4298066077078211,0.2817939745731433,1.8226058,-0.0887214530587842,0.10509385658375385,0.0500909415194624,2.988873624294052,16.19,2.900000000000002,699.333410987726,0.02340852260310733
2016-11-06,0.02340852260310733,0.1485033611635771,0.22546928608464878,0.4393165796677678,0.42489606785180445,1.84962453,-0.06713813738378327,-0.019073328155600033,-0.07396606513131689,13.846124427905059,22.51,9.030000000000001,715.896879777908,-0.01728855028332532
2016-11-13,-0.01728855028332532,0.09023810565077905,0.19185456276022972,0.4231582203249493,0.4176498220022039,1.80498214,-0.08312735316778552,0.11710185241809265,0.14151201823379658,1.6320274424964616,14.17,-1.950000000000001,703.626435300994,0.037277401658462495
2016-11-20,0.037277401658462495,0.11353877362493314,0.23897194811698252,0.5054813618557956,0.43837972073098447,1.85356329,-0.04830368786339223,0.11668925446600312,0.1017045241841442,7.999250502884207,12.85,-0.4900000000000002,730.350813617767,-0.0035796104662422223
2016-11-27,-0.0035796104662422223,0.03981776351200228,0.17560334323030613,0.3217022723217555,0.4053408338574995,1.82681448,-0.05170429987864433,0.09417530417294068,0.08615779691195832,10.542013486514715,12.34,-3.8500000000000014,727.741115838691,0.051732936944568486
2016-12-04,0.051732936944568486,0.06814217785346344,0.23109779512547757,0.2870689291143673,0.26973397577249175,1.89327742,-0.0076682964624894545,0.153715172898171,0.17902929435943854,-3.5266802973914206,14.12,-8.390000000000002,766.380139099942,0.005356346851796978
2016-12-11,0.005356346851796978,0.09078707498858574,0.23106498658396202,0.13917148432136894,0.2591457569487857,1.8880226,-0.006419824789591244,0.0978314725963826,0.10428063366332943,-8.198090600591605,11.75,-2.42,770.496150496786,0.025799189466455097
2016-12-18,0.025799189466455097,0.07930886279657834,0.274887951302202,0.030650700825465726,0.1757834600157269,1.91892195,0.0,0.005111087537447758,0.06959377553037609,-22.691534730648755,12.2,-0.6500000000000004,790.632966526008,0.1251102248092657
2016-12-25,0.1251102248092657,0.20799869807208626,0.38162269455387143,0.35153521773026597,0.3278893885018893,2.12388831,-0.021362998535923272,-0.03505007835213496,0.12455028345075939,-43.816303922673946,11.44,-0.9000000000000004,896.003279310345,0.1070647961135105
2017-01-01,0.1070647961135105,0.2633305572410283,0.4799760962580688,0.40891271264295437,0.38387123843924353,2.30193946,0.0,-0.09657172100885782,0.11163791848850038,-29.04553812201449,14.04,-0.08000000000000007,997.257357977791,-0.08883722526349214
2017-01-08,-0.08883722526349214,0.16913698512573916,0.35016216576510395,0.3392618351831791,0.8251649870253276,2.04304794,-0.1956916208817766,0.011148582745327757,0.0977948625245785,-13.889608246831918,11.32,-0.4299999999999997,912.484997077732,-0.10133742010968838
2017-01-15,-0.10133742010968838,0.04200037554959568,0.23484801197110716,0.19114035202197766,0.9859845693840552,1.84823542,-0.27320436432960227,-0.010227498356980723,0.1910067800928077,-22.109486935957737,11.23,-0.9699999999999989,824.547065166569,0.11221746314951009
2017-01-22,0.11221746314951009,0.029107613889840067,0.2769240754739286,0.33270198844886245,1.0027682049806925,2.04635127,-0.1868929328428689,0.028427788611491214,0.2034604688791278,-25.138095437980457,11.54,0.09999999999999964,922.467077381648,-0.007437124298328435
2017-01-29,-0.007437124298328435,-0.08539430652199886,0.24607842857249285,0.3821757822792513,0.9802236468975337,2.00928142,-0.19291768000296927,0.11144786373919893,0.2283628496739818,-48.20357944057748,10.58,-3.459999999999999,915.63202314436,0.10260350013724295
2017-02-05,0.10260350013724295,0.10604641887873623,0.3659704789930611,0.5341066339152158,0.7025475102622591,2.18915215,-0.10571083770212397,0.03269705747710157,0.23133479328682902,-65.54427270466769,10.97,-0.34999999999999964,1014.56787574518,-0.008186058702251309
2017-02-12,-0.008186058702251309,0.1991977802861733,0.3205070186323473,0.5659651560921333,0.5288942426462195,2.14002159,-0.11300165902176418,0.06770165241452947,0.15240110504277765,-46.08433916699745,10.85,-0.3800000000000008,1006.29646487434,0.050846621932451264
2017-02-19,0.050846621932451264,0.13782693906911447,0.3749332510310408,0.6004856049834908,0.4122786921648052,2.22135058,-0.06673449292238487,0.03107549134502483,0.11142087048115672,-32.82892994393193,11.49,-0.049999999999998934,1058.78640035067,0.10983992784636154
2017-02-26,0.10983992784636154,0.25510399121380445,0.43304024193283386,0.7201655165281426,0.4535741837103882,2.41199874,-0.006014929342353481,0.012821667134381737,0.1166796749037718,-5.103410721524352,11.47,0.8900000000000006,1181.71086586791,0.07698137224593538
2017-03-05,0.07698137224593538,0.22948186332249687,0.5046652673269723,0.7373578943536439,0.4385189261192946,2.53213829,-0.010151917064591731,0.004018323301168945,0.05896190623934447,38.19546201321668,10.96,-0.009999999999999787,1276.27368293396,-0.03551005871295576
2017-03-12,-0.03551005871295576,0.20215786331179242,0.4433560191475614,0.705609350591291,0.6342435468665626,2.41252703,-0.04468472101555654,0.05112270678720323,0.11464795901902163,54.50860463265471,11.66,0.8100000000000005,1231.74835663355,-0.18841604944420887
2017-03-19,-0.18841604944420887,-0.03710480806486771,0.12982974489408683,0.5118041457537696,0.8889570034655221,1.97134108,-0.2087409811562484,0.05463673862715257,0.1039117949411425,115.12880956479736,11.28,-0.21000000000000085,1020.22025353594,-0.05776396397925865
2017-03-26,-0.05776396397925865,-0.2047086998904879,-0.034999015198682315,0.4720639570262959,0.9798030109512866,1.85054884,-0.2531522062808026,-0.028025636077771445,0.05571040990207136,99.23103862285748,12.96,1.4900000000000002,962.95805458796,0.13810009261580358
2017-04-02,0.13810009261580358,-0.1435899795206197,0.1919383026806134,0.5917885680845032,1.0230868681747405,2.09581972,-0.14255117303318443,-0.04093642117415496,0.07200815673946404,48.48813673700564,12.37,1.4099999999999984,1105.56295575687,0.09326461221143134
2017-04-09,0.09326461221143134,-0.01481530859623259,0.3865403350017331,0.6763417858866214,0.9112354470702814,2.2586269,-0.058733684842868006,-0.012309861283076377,0.10275293798213245,20.93363414340146,12.87,1.209999999999999,1213.63413980129,-0.0334654719612173
2017-04-16,-0.0334654719612173,0.14013526888675898,0.24085739989100574,0.6018996086959314,0.6778829577172473,2.16125164,-0.08971235724618687,-0.03897262363234928,0.03924224391996231,-27.94054736031739,15.96,4.6800000000000015,1173.6913798948,0.06299093018292634
2017-04-23,0.06299093018292634,0.26089016304894397,0.3112854543722605,0.6509138051945493,0.41887356818141297,2.26874872,-0.030528022019964185,0.037475179151569574,0.06187443955856502,-53.98845272680083,14.63,1.67,1250.00148322618,0.10035541842661022
2017-04-30,0.10035541842661022,0.2231454888597506,0.3090373726616278,0.6811278239744709,0.31942238429016184,2.44637619,0.0,0.09873772199002279,0.08598420110512867,-27.43679824815546,10.82,-1.549999999999999,1381.9563722969,0.0993252340915678
2017-05-07,0.0993252340915678,0.22920611073988706,0.4165486654554469,0.7570445354629314,0.3330058601205413,2.58516798,-0.029885063845365156,0.11372875225969707,0.047477402853614896,2.2850310259634337,10.57,-2.299999999999999,1526.26777171245,0.1619531716564433
2017-05-14,0.1619531716564433,0.42462475435754765,0.5276552151794389,0.9362862574027,0.5418633121584175,2.87984317,-0.02227963774633357,0.16497284063826628,0.1415257132654577,-7.29271568795587,10.4,-5.5600000000000005,1794.59355055523,0.13072802011972584
2017-05-21,0.13072802011972584,0.49236184429434715,0.5485433074528032,1.0297368758639633,0.5905807179829429,3.12275546,-0.0014135832450132835,0.11320688372768536,0.11526377401683154,34.701356786664995,12.04,-2.5900000000000016,2045.22249316189,0.08456528006567599
2017-05-28,0.08456528006567599,0.4765717059334129,0.5561272152725438,1.1178817663958815,0.8753085495199949,3.1100624,-0.07838749215085927,0.1355773540036974,0.20194264406609447,69.0582948674816,9.81,-1.0099999999999998,2225.7008666277,0.1261667583105135
2017-06-04,0.1261667583105135,0.5034132301523586,0.7178040322960131,1.1923155877618266,0.9102722061717414,3.33016911,-0.009632326949569725,0.04792765114220465,0.22206258414351504,16.711597712320042,9.75,-0.8200000000000003,2524.99383354763,0.1637413698622927
2017-06-11,0.1637413698622927,0.505201428358208,1.0699614516025147,1.3507006107723223,0.8727173119250755,3.64019441,0.0,-0.028928008524330036,0.20416130010776268,37.67988794795333,10.7,0.29999999999999893,2974.21455920514,-0.1704089616456841
2017-06-18,-0.1704089616456841,0.2040644465927981,0.9573164539360892,1.154492459660183,1.092402395635254,2.93677553,-0.15668013941372105,-0.07136438268326159,0.14619086342484414,34.0211329987249,10.38,-1.6599999999999984,2508.21420742256,-0.004189133222354258
2017-06-25,-0.004189133222354258,0.11531003330476786,0.8150272280979314,1.0251931016285631,0.9375356913468178,2.82389576,-0.16020552933920507,-0.19080275430342403,0.07353060494063386,0.8797170804474518,10.02,0.20999999999999908,2497.72894137931,0.008429361093932108
2017-07-02,0.008429361093932108,-0.0024273639118135293,0.7301919769804321,0.9265576666089848,0.9078977972276677,2.78455696,-0.15309667906105284,-0.17245039404880275,0.07216503803892166,18.220992221514933,11.18,1.4299999999999997,2518.8721873758,-0.005054283031102003
2017-07-09,-0.005054283031102003,-0.17122301680520824,0.7586031659105474,1.0103406088413749,0.8074499825268643,2.70314378,-0.1573663689451188,-0.16484144676286,0.026347174497137374,-6.457625375893452,11.19,0.4900000000000002,2506.17321355932,-0.2712613783801885
2017-07-16,-0.2712613783801885,-0.27207543353971264,0.4243508573474326,0.8404166505708748,0.718305936019481,2.0725336,-0.3575616339785054,-0.03797119817301393,0.1853055770189838,10.700059636334865,9.51,-0.870000000000001,1910.74954161309,0.36528420851846555
2017-07-23,0.36528420851846555,0.09739790820110716,0.6892796474392879,1.0934833959398302,1.2403167293296486,2.86830102,-0.07429547864610164,-0.01237596592176145,0.2309677822261073,-12.3219944217733,9.36,-0.6600000000000001,2753.24386493279,-0.0014027252386039635
2017-07-30,-0.0014027252386039635,0.08756582186857109,0.5885516881091162,1.0995177949995547,1.2728127493175627,2.63429117,-0.07559307744163757,-0.022713603655965347,0.18119771107311514,-73.25230927023131,10.29,-0.8900000000000006,2749.3845277031,0.16114119085947198
2017-08-06,0.16114119085947198,0.2537612957591451,0.5877397073121449,1.1580554857217837,1.3563574392635034,2.74360243,-0.002256935078994493,-0.08257526402374042,0.20780160971044315,-58.512286139111204,10.03,-1.1600000000000001,3230.11670894214,0.229600486133144
2017-08-13,0.229600486133144,0.7546231602724776,0.686612173325563,1.395842030557179,1.2092807679159692,3.12865374,0.0,0.04047936347666405,0.08557433740613314,-47.57118475468787,15.51,6.0,4063.80105271771,0.005401336067428986
2017-08-20,0.005401336067428986,0.394740287821441,0.607448229327316,1.3503967446921568,0.8301173326184978,2.88932289,-0.06389203134557464,0.06585535088258808,0.05405195535387271,-13.905154718429321,14.26,4.9,4085.8103943308,0.061483444741156745
2017-08-27,0.061483444741156745,0.4576264578012017,0.5427649157579593,1.302040261586952,0.7349072548113715,2.93116239,-0.004530718477301465,-0.026280487589031176,-0.18832148258052897,63.20040935088539,11.28,0.9900000000000002,4344.90344476914,0.06253690057533845
2017-09-03,0.06253690057533845,0.35902216751706817,0.441560446471005,1.287595789916355,0.6470589638215904,2.92473488,-0.05954860325320632,0.19384729929326971,0.051232595315616705,60.07339666631405,10.13,0.10000000000000142,4625.296314436,-0.0818386188089768
2017-09-10,-0.0818386188089768,0.04758306257494738,0.5301307893077123,1.241267229820334,0.6511857673907561,2.59879339,-0.13344866585755455,0.0074534550535211835,0.17119472126357677,32.872174657045626,12.12,-3.3900000000000006,4261.84352104033,-0.13816974206917543
2017-09-17,-0.13816974206917543,-0.09598801556165704,0.3961501804608911,1.2915135371953674,1.0118379872284868,2.26478555,-0.24527638571918664,-0.02694792500630767,0.20260990100619616,6.918040566125678,10.17,-4.09,3711.85620397428,-0.009462901239620791
2017-09-24,-0.009462901239620791,-0.16693436154243457,0.3782579181273382,1.3398145999350053,1.1060386318996454,2.22242941,-0.25238457565195715,0.009220634466407642,0.41261177020449813,-1.4924412132316434,9.59,-1.6899999999999995,3676.89694418469,0.17545589686999996
2017-10-01,0.17545589686999996,-0.05401536524777306,0.5587680980284402,1.3771704041892017,1.1276084209086268,2.56194858,-0.10899984266099016,-0.05648445175324756,0.14453918816168032,-7.850205288468766,9.51,-0.620000000000001,4382.08689801286,0.04869204426356433
2017-10-08,0.04869204426356433,0.07651529782476807,0.878721520672193,1.3325978362413347,1.0902035372519536,2.61523452,-0.06454162638481853,0.007077832451945978,0.12315113137190216,-13.416610183168512,9.65,-2.469999999999999,4600.73979661017,0.2124694165851757
2017-10-15,0.2124694165851757,0.4271544564791192,0.7259067287389032,1.5785327247877277,0.7772732164697144,3.05072713,-0.016570617298280133,0.12251525587872322,0.0645347191770663,25.171082252529096,9.61,-0.5600000000000005,5689.86505961426,0.05250579907126074
2017-10-22,0.05250579907126074,0.48912315679000073,0.7798152530487679,1.568047593676062,0.6172348272208433,3.04834116,-0.005573564716641499,0.27949367258073904,0.2269015827833402,36.01692847100731,9.97,0.3800000000000008,5996.59813880772,0.029272638210565916
2017-10-29,0.029272638210565916,0.3429398981305667,0.6479467003998618,1.4969648134600178,0.6616065715142522,2.99284618,0.0,0.1499801467431625,0.17616223166827907,15.523513857279715,9.8,0.2900000000000009,6174.72884482758,0.17710727397755655
2017-11-05,0.17710727397755655,0.4713551278445589,0.5954534882442744,1.5747468533460065,0.6753058627519452,3.31955857,-0.006651716404880825,0.15964187027262466,0.15047047161267788,29.041847313228875,9.14,-0.5099999999999998,7371.13902980713,-0.23471000192539826
2017-11-12,-0.23471000192539826,0.02417570933398494,0.3553421502514471,1.178083679764165,0.788194862398158,2.4696982,-0.2176981124454257,-0.015557241519527884,0.007084897800605753,55.76227462007957,11.29,1.6799999999999997,5829.09782758621,0.3188667676568837
2017-11-19,0.3188667676568837,0.2905366779196079,0.6127254731671741,1.3662224273013228,0.9567045914506087,3.12664738,0.0,0.05155271910212828,-0.0008743789939860876,54.95774918949057,11.43,1.459999999999999,8018.32068848626,0.1504232451973717
2017-11-26,0.1504232451973717,0.4116872849064137,0.7006118177892073,1.4320803924330185,0.9221761717800002,3.34857257,0.0,0.15505920007110524,0.11380390855818692,67.00278561346222,9.67,-0.13000000000000078,9319.90331472823,0.18500562934518072
2017-12-03,0.18500562934518072,0.4195856402740379,0.9674560659433649,1.4909192634676858,0.9321189946294904,3.59996863,0.0,0.2014519718198683,0.11412996994297299,68.23100895422166,11.43,2.289999999999999,11213.9426554646,0.32206790502261384
2017-12-10,0.32206790502261384,0.97636354722205,1.4276937130351541,1.649245798628007,1.1308147900881984,4.00840979,-0.09143183473444516,0.36451357722346184,0.3599072184210924,38.52982100682867,9.58,-1.709999999999999,15474.9995432496,0.21830956493090348
2017-12-17,0.21830956493090348,0.8758063444960698,1.6554661792056784,2.0379643252045945,1.1585772354816717,4.25193445,-0.01985926819064221,0.2698603769181693,0.32047243717248447,70.4733487344684,9.42,-2.01,19250.467650789,-0.3165978739505295
2017-12-24,-0.3165978739505295,0.4087852253481685,1.163412408385149,1.7255555844764192,1.3595316003288933,2.92511724,-0.2858462385745426,0.11875198315852077,0.23691872690498877,118.19449101888446,9.9,0.23000000000000043,14026.3468661601,-0.007504462866670281
2017-12-31,-0.007504462866670281,0.21627513313631752,1.1072159012549143,1.7096217605158168,1.511849947266676,2.78726716,-0.2911855196821985,-0.062074571327665404,0.21456518224750834,120.29122514491095,11.04,-0.39000000000000057,13921.4806414378,0.15353279509762174
2018-01-07,0.15353279509762174,0.04774002321132542,1.0482792797673604,1.8682088386445406,1.2626591093665787,3.04278121,-0.17356057505536282,-0.014465140482067032,0.20036507235739184,98.04490609150584,9.22,-0.35999999999999943,16231.6949994155,-0.17095301851924916
2018-01-14,-0.17095301851924916,-0.3415225602388272,0.8248204621768505,1.96851719850548,1.2287305581607957,2.52606465,-0.3034262981939654,-0.07289671154062892,0.18416104402833172,71.6084328234584,10.16,0.7400000000000002,13681.0654611338,-0.18043695659796377
2018-01-21,-0.18043695659796377,-0.20536164288626146,0.6151108673683208,1.4227960333890506,1.3922951283573584,2.12617327,-0.4184269145540973,-0.04266047977216283,0.31664966626906615,68.89919393062843,11.27,1.3699999999999992,11422.3942589129,0.016804066457027034
2018-01-28,0.016804066457027034,-0.18105311356256415,0.45480765984779126,1.4410028250846816,1.2332458963333595,2.15410037,-0.40857154857354194,-0.13275725295476348,0.3367442961125404,50.72931660322075,11.08,0.040000000000000924,11615.95871128,-0.3421028391213419
2018-02-04,-0.3421028391213419,-0.6766887477815278,0.34741482265184764,0.9377587951038677,1.2105020653512475,1.56184746,-0.5799230638797126,-0.37220879433119236,0.27295072723317987,82.3902686786524,17.31,8.089999999999998,8250.52689596727,-0.018816975590549845
2018-02-11,-0.018816975590549845,-0.5245527048528285,0.00973107940441409,0.6893413333801739,1.4303179897251042,1.55971533,-0.587753735499754,-0.2833491667512817,0.22912382588598262,72.71241181178867,29.06,18.9,8096.72848129749,0.25534205868744486
2018-02-18,0.25534205868744486,-0.08877368956741982,0.11464989289448724,0.9392820560001898,1.3876291337190558,1.99108492,-0.4678300150771756,-0.20512465924220327,0.19279338997677936,36.38680983292029,19.46,8.190000000000001,10452.0919772063,-0.08470291003649244
2018-02-25,-0.08470291003649244,-0.1902806660609393,-0.15505864648718592,0.7930957012225406,1.42717603601494,1.7940982,-0.5110500909238238,-0.2048993912089409,0.154747361623468,52.33081958416286,16.49,5.409999999999998,9603.22747749854,0.17698885824807853
2018-03-04,0.17698885824807853,0.3288110313084811,-0.30013769326172124,0.9075476588952807,1.284340241989188,2.11715719,-0.41638068812280393,0.015509670657494715,0.15255437775206757,20.592518459674913,19.59,2.280000000000001,11462.5831975453,-0.18637253229872996
2018-03-11,-0.18637253229872996,0.16125547460030099,-0.7048197904913547,0.8030137454055275,1.09382776088137,1.76958222,-0.5156167778376586,0.04912170250129545,0.17125087628448374,19.13878291288294,14.64,-14.419999999999998,9513.53539976622,-0.14992173154687194
2018-03-18,-0.14992173154687194,-0.24400831563401582,-0.5381436480876971,0.791261755927831,0.9653067294627363,1.5372127,-0.5830548646646795,-0.27609407927151347,0.09784027621291856,40.77135032080571,15.8,-3.66,8189.01671917008,0.030260858229857135
2018-03-25,0.030260858229857135,-0.12904454736766624,-0.5003783269911697,0.8309855153973089,0.8949328229563474,1.58785272,-0.5702449043508377,-0.2274590678867508,0.06847851469521139,27.566607813335104,24.87,8.380000000000003,8440.61092255991,-0.2154668758637701
2018-04-01,-0.2154668758637701,-0.5215002814795149,-0.8693779979525615,0.44006274266353884,0.863302063547676,1.29804435,-0.653546494775732,-0.37980596991598703,0.08276200677964672,28.59402692834519,19.97,0.379999999999999,6804.52487931035,0.029749331001189816
2018-04-08,0.029749331001189816,-0.3053784181795951,-0.6686756484321226,0.42112002940116433,0.8367063362489415,1.34758367,-0.6430848935042777,-0.48919223973570547,0.10199643612072178,34.79448848806911,21.49,6.849999999999998,7009.99610432496,0.17399834830147043
2018-04-15,0.17399834830147043,0.018541661668747267,-0.31424034353268837,0.38264896111745905,0.878846355379893,1.60406337,-0.5752518925458019,-0.08970814541259275,0.11097321862194459,27.555566299924035,17.41,1.6099999999999994,8342.27110140269,0.05352520909736924
2018-04-22,0.05352520909736924,0.041806012536259374,-0.27751920089234616,0.38366837114356755,0.9005815358907698,1.68092587,-0.5518977181894713,0.09936656785032959,0.19487102647557425,6.6639918735784045,16.88,-7.990000000000002,8800.95908708358,0.06552953445192244
2018-04-29,0.06552953445192244,0.32280242285195193,0.13011317268091815,0.4199252673849241,0.8820805440271346,1.78054751,-0.5215503175968204,0.18880281317978148,0.0830906470874995,-7.5991032185217415,15.41,-4.559999999999999,9396.99762974869,0.020860940653335547
2018-05-06,0.020860940653335547,0.31391403250409766,0.16979108892480355,0.2636789340607031,0.8020379774083963,1.80577797,-0.5114645738718265,0.1776657855177662,0.07887772108423009,-0.7891095818240627,14.77,-6.719999999999999,9595.08681940386,-0.09840722162933702
2018-05-13,-0.09840722162933702,0.04150846257329022,-0.18395819139197833,0.39998171435676433,0.7153905132574516,1.63680889,-0.5572502254559759,0.09322752724350447,0.07925333825918411,-6.392601117302061,12.65,-4.76,8695.83309380479,-0.02143177777647587
2018-05-20,-0.02143177777647587,-0.033448524300554894,-0.12068705913196176,0.05968316892340475,0.6778833505728464,1.59036292,-0.566638180612504,-0.03402003342391596,0.01815996446372516,-1.123845518625104,13.42,-3.459999999999999,8511.44883021625,-0.14831954532872338
2018-05-27,-0.14831954532872338,-0.24729760408120072,-0.44599546270876367,-0.23905962160269034,0.5278252474185771,1.37644815,-0.6263746922314446,-0.1438420038955324,0.18373946230554336,2.4858424384370505,13.22,-2.1899999999999995,7338.19304441847,0.04840790756120761
2018-06-03,0.04840790756120761,-0.21975063717332866,-0.2112150228488261,-0.37565734338666346,0.5226713158015472,1.44919617,-0.6078433599647675,-0.0697696733630837,0.14254386090163537,-8.443949560391703,13.46,-1.3099999999999987,7702.15793308007,-0.13273822136150848
2018-06-10,-0.13273822136150848,-0.2540816369055001,-0.19403151266346264,-0.8304634697707858,0.5963538968515552,1.27551954,-0.6565906655480309,-0.01825521743731922,0.17228399598892313,-5.151289950462541,12.18,-0.47000000000000064,6744.73580099357,-0.04457460157877513
2018-06-17,-0.04457460157877513,-0.2772244607077994,-0.2688669724720949,-1.0933476362804644,0.6370055945692963,1.23172728,-0.6715618536705147,-0.053985803038910055,0.19690911163135313,5.223326338761081,11.98,-1.4399999999999995,6450.69397282291,-0.048306986895861215
2018-06-24,-0.048306986895861215,-0.17721190227493722,-0.101707083504186,-0.8250567492257961,0.7094956274167707,1.17963703,-0.6870505918834562,-0.009584872006577207,0.18772866823940393,2.3633359800878315,13.77,0.5499999999999989,6146.48719491526,0.03436814720906334
2018-07-01,0.03436814720906334,-0.1912516626270815,-0.09708826729631248,-0.7831841391500625,0.7395125761656455,1.23860628,-0.6761081417405133,-0.04074958928290333,0.07106286830177491,16.543572410496555,16.09,2.629999999999999,6361.40253886616,0.05259270428534535
2018-07-08,0.05259270428534535,-0.005920736980227659,-0.21849391131243756,-0.8841242299623389,0.6381215598300295,1.30865599,-0.6586178946267282,-0.05739638793603789,0.058050859007051904,-4.9103578318386925,13.37,1.1899999999999995,6704.91998012858,-0.05476412030150968
2018-07-15,-0.05476412030150968,-0.016110255702962206,-0.3267832407113165,-0.7679353317445994,0.6047718352821018,1.24480827,-0.6768106826786779,0.24622116618263146,-0.003751904943057439,-15.681539721483428,12.18,0.1999999999999993,6347.60427381648,0.15333277184558547
2018-07-22,0.15333277184558547,0.18552950303848448,-0.23898000331765346,-0.43416560330105014,0.5763537641396679,1.44583406,-0.6232540660158064,0.09678967644551065,0.0032129035497709874,2.4580627939891566,12.86,-0.9100000000000001,7399.48374693162,0.10632788646052127
2018-07-29,0.10632788646052127,0.2574892422899424,-0.15351305751046773,-0.3446417832975559,0.6152125653199985,1.59809411,-0.580988262957529,0.1418751960698633,0.15130555290387046,0.17553769208185596,13.03,-3.0600000000000005,8229.60583869083,-0.15732558635683347
2018-08-05,-0.15732558635683347,0.04757095164776359,-0.21243142223796418,-0.1598645305330475,0.686798361504191,1.36894032,-0.6419855512555965,0.07631644315352656,0.188900242728879,25.10261539886518,11.64,-1.7299999999999986,7031.58775102279,-0.1075336066169097
2018-08-12,-0.1075336066169097,-0.005198534667636423,-0.298533251078398,-0.24858116155940735,0.7679678726156015,1.237715,-0.6784864340492887,-0.16945304493734958,0.23659717521700163,38.60209949787615,13.16,0.9800000000000004,6314.69165575687,0.027493940455093124
2018-08-19,0.027493940455093124,-0.13103736605812877,-0.1227197652945815,-0.4764292797917591,0.6851464707644411,1.27574994,-0.6695241190911989,-0.016944903990372233,0.1733317051065581,24.303552796163647,12.64,-0.21999999999999886,6490.71612711865,0.030221474490788935
2018-08-26,0.030221474490788935,-0.2071437780278611,-0.14090619836500018,-0.3615048952644777,0.5910212389080038,1.31333891,-0.6593842007977078,-0.11829915106245273,0.13584452503108688,24.41244389925524,11.99,-1.0399999999999991,6689.86933313852,0.08545200610729431
2018-09-02,0.08545200610729431,0.035633814436266675,0.07728402910380261,-0.45304174740526193,0.55763210816132,1.42507788,-0.6289981089946972,-0.015142144736968453,0.11825145706231972,35.28033451375459,12.86,1.2199999999999989,7286.66779105786,-0.15358548225641933
2018-09-09,-0.15358548225641933,-0.010418061203242956,-0.031726851573841586,-0.4202546973629513,0.5187616112935324,1.22689803,-0.6818185945925701,0.0023053664885782817,0.05604480702273199,51.568763768065054,14.88,1.7200000000000006,6249.24631034483,0.038941954321265015
2018-09-16,0.038941954321265015,0.0010299526629289346,0.055522089643284644,-0.23139101149481434,0.4885548284802106,1.28016559,-0.6691835692326108,-0.023555750689783425,0.036863369372384235,51.75064586664975,12.07,-0.5700000000000003,6497.40470134424,0.03117278287168901
2018-09-23,0.03117278287168901,0.001981261043829008,0.052326725305910315,-0.23047908685298246,0.4808348722237019,1.32411544,-0.6587086830162762,0.05177897383655716,0.060795567325499004,47.637172854503405,11.68,-0.3100000000000005,6703.13684950321,-0.014826635332445548
2018-09-30,-0.014826635332445548,-0.09829738039591085,-0.015092614311880581,-0.029838846321657897,0.46785387918826365,1.3069717,-0.6637315567426394,-0.016665491231881227,0.04921899613647633,25.935741540048166,12.12,-0.7400000000000002,6604.485028346,-0.006062226287175676
2018-10-07,-0.006062226287175676,0.0492258755733328,0.03360927970245342,-0.06565040361002339,0.29891122232905054,1.30175802,-0.6657639255747969,0.059055549498562114,0.03404288585926299,-0.07464124062812752,14.82,-0.0600000000000005,6564.56826008182,-0.05990266543157219
2018-10-14,-0.05990266543157219,-0.049618744179504404,-0.17962615757470424,-0.299551417343066,0.35575681115916175,1.23348719,-0.6851976796050955,0.055700795368348696,0.011192153363899164,-2.7128437066466,21.31,9.239999999999998,6182.87934424313,0.0369079995625885
2018-10-21,0.0369079995625885,-0.04388352748860491,-0.249046044472637,-0.31616862687784675,0.3259960210728317,1.28793139,-0.6733618814147234,0.04908058573188236,-0.004025388805076706,-15.773622216900234,19.89,8.21,6415.34050292227,-0.0013581764177761357
2018-10-28,-0.0013581764177761357,-0.0304150685739355,-0.09307863453357967,-0.38305633774754533,0.27786640678410035,1.28937475,-0.6738052124754881,0.05115691165773528,-0.08381737696835244,-17.760833319465846,24.16,12.040000000000001,6406.63325306838,0.002149948255897982
2018-11-04,0.002149948255897982,-0.02220289403086184,0.016604920339228002,-0.4017673301449829,0.2877462422183928,1.29459494,-0.6731031561389935,0.05339150009409376,0.03897312442270888,4.870771810173722,19.51,4.690000000000001,6420.42200029223,-0.013328652617300207
2018-11-11,-0.013328652617300207,0.02437111878341014,-0.02421767273316533,-0.3166887611329461,0.20330330748927622,1.27781403,-0.6774313420929157,0.07429300624260209,-0.06672582094447259,15.87002619635372,17.36,-3.9499999999999993,6335.41420397428,-0.1313890265737161
2018-11-18,-0.1313890265737161,-0.14392590735289446,-0.18582817379767036,-0.4266460099301863,0.4440138029590092,1.13432294,-0.7171470985240598,0.01513705864749954,-0.1268113230920705,37.84225545079385,18.14,-1.75,5555.3763383986,-0.3418481545426122
2018-11-25,-0.3418481545426122,-0.4844158854777305,-0.6131283344475769,-0.6201746191440751,0.9087601813112098,0.82453777,-0.7990454375189219,0.005701067921110728,-0.18217088060515232,94.3156791408924,21.52,-2.6400000000000006,3946.85087434249,0.03776324569759737
2018-12-02,0.03776324569759737,-0.4488025880360311,-0.42177960649356017,-0.6308192810076854,1.065892805413327,0.86368527,-0.7913116332793775,-0.14338945137671813,-0.3378913703274015,99.69772729730506,18.07,-1.4400000000000013,4098.74676388077,-0.14643036619623828
2018-12-09,-0.14643036619623828,-0.5819043016149692,-0.6071519270110635,-0.6445114258424152,1.1117943728170887,0.75773343,-0.8197379357282989,-0.10520587301943143,-0.27472333975129454,107.33230170589059,23.23,5.870000000000001,3540.43957597896,-0.10253406278358668
2018-12-16,-0.10253406278358668,-0.5530493378248398,-0.7408587726663391,-0.7024708870472267,1.0619809148947823,0.69338644,-0.8316610292554228,-0.06119276136400172,-0.2250222084642987,101.51807440059866,21.63,3.4899999999999984,3195.41455523086,0.21014056617110022
2018-12-23,0.21014056617110022,-0.001060617111127371,-0.5158915711627934,-0.4440233339802653,0.9306064547024634,0.86090691,-0.7694830639673209,-0.02125263273117279,-0.04850315800414861,65.88607000513424,30.11,8.59,3942.66699590883,-0.030192408979598184
2018-12-30,-0.030192408979598184,-0.06901627178832292,-0.5400217538552159,-0.5085838901689268,0.880210763630566,0.8415034,-0.7763389075627393,-0.05484451309106203,0.06954538556661889,47.9596626946174,28.34,10.27,3825.4074628872,0.05606221233415987
2019-01-06,0.05606221233415987,0.13347630674207522,-0.42405687608948384,-0.5051143821201123,0.8387332495355814,0.89346662,-0.729136952359934,-0.11612386465852496,0.156571180754727,21.270517371234785,21.38,-1.8500000000000014,4045.99377498539,-0.14249012107642756
2019-01-13,-0.14249012107642756,0.09352024844923434,-0.6034549967284999,-0.5928403828950302,0.8879294602516049,0.784834,-0.7418519324332827,-0.05408196639046964,0.14101684029190734,15.718355579347408,18.19,-3.4399999999999977,3508.6701081239,0.008413185103735898
2019-01-20,0.008413185103735898,-0.10820713261812998,-0.5936836352069879,-0.7377599696368797,0.7280355742232302,0.79319975,-0.6953920196416459,-0.06568121652383954,0.02164137141537765,3.495205132380359,17.8,-12.309999999999999,3538.31372296903,-0.00019773868824835006
2019-01-27,-0.00019773868824835006,-0.07821246232678014,-0.5960313221511342,-0.8442855947856494,0.5659016900263683,0.79718191,-0.6934652420841496,0.060930662082251216,0.03864824171323016,-4.263785783560804,17.42,-10.919999999999998,3537.61413062536,-0.03585452209797779
2019-02-03,-0.03585452209797779,-0.1701291967589178,-0.6185571916318118,-0.7228145305267937,0.47132647072238554,0.77343528,-0.7042612008305559,0.12002303582918501,0.004663508945702382,-6.7629848637234415,16.14,-5.239999999999998,3413.02161630625,0.06494111711083406
2019-02-10,0.06494111711083406,0.03730204142834381,-0.4222270479472616,-0.5503398067990499,0.40729080370676546,0.8284814,-0.6844182545178278,0.05822399431719648,0.0661921218774928,1.5518838954177523,15.72,-2.4700000000000006,3642.0223591467,-0.0053036639452184176
2019-02-17,-0.0053036639452184176,0.023585192379389497,-0.08568255734986785,-0.5831374111993615,0.3248050863808204,0.82849268,-0.6860875634034589,0.1145516454673047,0.06453762359931725,-5.63795971082321,14.91,-2.8900000000000006,3622.7574289889,0.03563543878977882
2019-02-24,0.03563543878977882,0.059418369857416664,-0.0878103642576864,-0.5777234469003716,0.5447401487105769,0.8599356,-0.6746994508974925,0.09172497000098094,0.018873652528598992,2.59213006080834,13.51,-3.910000000000002,3754.18378988895,0.007483040210946257
2019-03-03,0.007483040210946257,0.10275593216634071,0.06610304214949814,-0.6556924127967196,0.5276920103546031,0.86848471,-0.6722560833004609,0.08788155644109442,0.05544177914510657,12.732396236607185,13.57,-2.5700000000000003,3782.38187025132,0.031625179145988724
2019-03-10,0.031625179145988724,0.06943999420149538,0.20026228407907354,-0.4704817513943116,0.48547205392330767,0.89825462,-0.6014759562552608,0.06644748565699642,-0.06456409672808142,-6.004839957251335,16.05,0.33000000000000007,3903.9119509059,0.01606719817160851
2019-03-17,0.01606719817160851,0.09081085631832231,0.00618891607958183,-0.4933565075439681,0.4907035590432931,0.91484274,-0.5950210743979361,0.029125112473385065,0.03455199522847054,-5.798442322026834,12.88,-2.0299999999999994,3967.14349444769,0.000887774735920388
2019-03-24,0.000887774735920388,0.05606319226446388,0.0372690997951004,-0.5236415156797367,0.22706306454901154,0.91670464,-0.5946613847011176,0.03540775725631597,0.09688692182638067,-6.970791077352935,16.48,2.9700000000000006,3970.6669880187,0.030666025972351463
2019-03-31,0.030666025972351463,0.07924617802586909,0.011872913433291998,-0.4781488543749397,0.2511059818318269,0.94641855,-0.5820387056826457,0.07846213401312287,0.01698684799151594,-7.890328384211816,13.71,0.14000000000000057,4094.31781472823,0.2369624620955335
2019-04-07,0.2369624620955335,0.28458346097541387,0.39132549660525306,-0.23512416599223052,0.6394156936597583,1.19121228,-0.4702785549498246,0.15333461237064397,0.08693331743135352,13.465941828410168,12.82,-3.2300000000000004,5189.11195558153,-0.006245560082534851
2019-04-14,-0.006245560082534851,0.2622707027212705,0.3766667514189823,-0.18146706064319318,0.6753856171377992,1.18135304,-0.4735766521091712,0.06835088343357308,0.00867483164199802,7.62143158212544,12.01,-0.870000000000001,5156.80404061952,0.026584542710008208
2019-04-21,0.026584542710008208,0.28796747069535833,0.4034490328172389,-0.19179051749577347,0.6837615286388927,1.20835451,-0.4593942470171122,0.08166378119088047,-0.024849123991438026,12.400297972937516,12.09,-4.390000000000001,5295.73382817066,-0.02816320413806217
2019-04-28,-0.02816320413806217,0.2291382405849447,0.4111403507771545,-0.2185955452160595,0.7284233558583485,1.17650667,-0.4744070407196227,-0.014254830471011734,0.0008566064213943377,3.350664172968973,12.73,-0.9800000000000004,5148.66961542957,0.1066894740984079
2019-05-05,0.1066894740984079,0.09886525258781909,0.45288870776472834,-0.11405601937354959,0.43232652358527673,1.30956777,-0.3866539912034569,-0.026184864611378828,0.06195649374614245,-11.397988375953046,12.87,0.049999999999998934,5728.35170222092,0.1922518538389788
2019-05-12,0.1922518538389788,0.29736266650933274,0.6504442255489256,0.09152448708272942,0.6713918956886444,1.56569495,-0.19933528019708036,0.08733541800833836,0.04722398565203447,-10.830898080519775,16.04,4.029999999999999,6942.62317451783,0.16885923531545366
2019-05-19,0.16885923531545366,0.4396373591147782,0.7836680220746004,0.3917727489718992,0.9348104326706217,1.80201739,-0.021298769675990648,0.1535951791810953,0.1043464604189359,3.2318414361405727,15.96,3.870000000000001,8219.74278696669,0.06040111708122886
2019-05-26,0.06040111708122886,0.5282016803340692,0.836586098944883,0.7940220205957402,0.9485050547055166,1.89396436,0.0,0.13309032127374076,0.13947034681116205,16.88041092865027,15.85,3.119999999999999,8731.52495587376,0.001468171314344957
2019-06-02,0.001468171314344957,0.4229803775500063,0.8064290911132392,0.7577269462124878,0.9761522854737967,1.8504971,-0.008215347074069346,0.11050489278308052,0.07937556729740701,32.197185366995804,18.71,5.840000000000002,8744.35374547049,-0.13578763868425447
2019-06-09,-0.13578763868425447,0.094940885026773,0.6545742542573763,0.7683696737244716,0.9172980417048594,1.61842434,-0.13414421792760212,-0.03343704598292048,0.13292764632219584,34.45599024912869,16.3,0.26000000000000156,7634.06575073057,0.1667702185475921
2019-06-16,0.1667702185475921,0.09285186825891145,0.820456698069048,1.0376739550556504,0.6609630167691926,1.88896018,0.0,-0.01943322705306275,0.05283382908807288,23.069759226312428,15.28,-0.6800000000000015,9019.51700672121,0.17963926122671658
2019-06-23,0.17963926122671658,0.21209001240439918,0.9694299333234131,1.0071726501112668,0.6495287964082973,2.2136737,0.0,0.06930455644761876,0.07689751205680573,54.07433050887081,15.4,-0.4499999999999993,10794.4276963764,0.004454313942344967
2019-06-30,0.004454313942344967,0.21507615503239919,0.7369217851702246,1.04181937303321,1.062650759805477,2.13021037,-0.15709955691406696,0.07551662641106639,0.1459748719751399,73.11412808831955,15.08,-3.630000000000001,10842.6167109877,0.05504527608477616
2019-07-07,0.05504527608477616,0.4059090698014298,0.7982126213375356,1.0408024367838262,1.070996578786547,2.22256119,-0.10940112583443107,0.026908187100456768,0.19133284856472893,81.87858166264559,13.28,-3.0200000000000014,11456.1836039158,-0.10803022041558386
2019-07-14,-0.10803022041558386,0.13110863083825386,0.6635978582119435,1.07526233744467,1.2121259507646351,1.95875859,-0.20059803182384528,-0.09865645764382996,0.18137605062910356,89.54191210359707,12.39,-2.889999999999999,10283.0757891292,0.02938302697952544
2019-07-21,0.02938302697952544,-0.019147603408937286,0.7211440893295311,1.0962321793204595,1.3522661980987134,1.99813946,-0.17676069060240795,-0.1861279759405076,0.1380348026831009,58.73909016525614,14.45,-0.9500000000000011,10589.7064907656,-0.10545988855269428
2019-07-28,-0.10545988855269428,-0.12906180590397653,0.5089947266784289,0.9909700294560135,1.059012702778254,1.79184692,-0.259158244790039,-0.28618369205884847,0.12596969605719252,13.051534051426792,12.16,-2.92,9529.78879193454,0.14224550410995818
2019-08-04,0.14224550410995818,-0.04186157787879452,0.4589883769494083,1.1690700556639495,0.97685163494481,2.0166431,-0.14591343665903167,-0.1042341661866681,0.10307405060822038,16.41160440809456,17.61,4.33,10986.5089291058,0.04830120846176378
2019-08-11,0.04830120846176378,0.11446985099855311,0.3384303500957184,1.1524301470148792,0.8680071818533169,2.07768124,-0.10364749233309634,-0.0336556566635196,0.1344557946529537,-15.53797584165696,17.97,5.579999999999998,11530.195242256,-0.10979017967753357
2019-08-18,-0.10979017967753357,-0.0247033556585059,0.168239053336956,1.047943631282564,0.6381916328565508,1.85527013,-0.19684832650818918,-0.04910431716123753,0.0913045458992252,-14.327083454001205,18.47,4.02,10331.3099760374,-0.022608340058503984
2019-08-25,-0.022608340058503984,0.0581481928356844,0.14416254196410705,0.9896998524342813,0.6776452583264557,1.8021966,-0.21480253053758236,0.05799053014723703,0.10041649865291019,-7.542273095186714,19.87,7.710000000000001,10100.3567783752,-0.033977515913040435
2019-09-01,-0.033977515913040435,-0.11807482718731421,0.2459726647353211,0.9482392963102946,0.668041449403075,1.7403943,-0.2410334360257651,-0.03147481998382223,0.06038067090671075,-21.282298008331498,18.98,1.370000000000001,9762.93655689655,0.06391095122666712
2019-09-08,0.06391095122666712,-0.10246508442241087,0.1431133974143961,0.980525068390973,0.6087116625892854,1.83013043,-0.19094356392399658,-0.04097044529317753,0.1222758936799646,11.388572861560885,15.0,-2.969999999999999,10407.2656573933,-0.0097614703805462
2019-09-15,-0.0097614703805462,-0.0024363751254234955,-0.04628733419286668,0.9546963998388183,0.5079472567365902,1.80307986,-0.19880272347858274,0.06094950643371706,0.22071248314004768,16.456776098303926,13.74,-4.729999999999999,10306.1696674459,-0.025467289085431943
2019-09-22,-0.025467289085431943,-0.005295324152351455,-0.07620893722064359,0.9283413360174659,0.3889199602660361,1.7535283,-0.21894941641946553,0.013260830927127097,0.20551912480556198,26.79126417823776,15.32,-4.550000000000001,10047.0134748685,-0.21980271055317857
2019-09-29,-0.21980271055317857,-0.1911205187924896,-0.3510569238585983,0.6778725994919359,0.5651975087996579,1.42120643,-0.3730685497583077,0.033620679293354855,0.1493912705968479,53.349598800719114,17.22,-1.7600000000000016,8064.50806236119,-0.026372116349794084
2019-10-06,-0.026372116349794084,-0.2814035863689508,-0.26939881979280855,0.4145380210466083,0.5107086707511315,1.38789488,-0.389385951002548,-0.03045056661010901,0.09671207568916944,31.037119418334267,17.04,2.039999999999999,7854.60981297487,0.05410022366663192
2019-10-13,0.05410022366663192,-0.21754189232177268,-0.24468162310570207,0.4748838047957751,0.5787756380806902,1.46532541,-0.3554416766622144,-0.0668892121833449,0.0803000455101931,24.88223333079059,15.58,1.8399999999999999,8291.25065143191,-0.009396228056958833
2019-10-20,-0.009396228056958833,-0.20147083129329957,-0.14861796260996663,0.43890303402880804,0.6002943309783689,1.4480022,-0.3614697288369433,-0.07858708750552346,0.0086604446048624,29.198812746224732,14.25,-1.0700000000000003,8213.70903927528,0.15159023366403446
2019-10-27,0.15159023366403446,0.16992211292391346,-0.13927323305589034,0.6186564718309047,0.7632215479008144,1.68313273,-0.256952986596345,0.017377177471578856,0.08250020635322643,35.28676853653647,12.65,-4.5699999999999985,9558.15604400935,-0.037144206059561924
2019-11-03,-0.037144206059561924,0.15915002321414562,-0.22471864757721605,0.47482279167293484,0.7589808237786569,1.61294847,-0.2840465780069482,0.02427634602394352,-0.01849762164056962,39.742404152314506,12.3,-4.739999999999998,9209.63869608416,-0.0182717264194725
2019-11-10,-0.0182717264194725,0.0867780731280412,-0.13320019431915497,0.26429921141448354,0.74641531036568,1.58742033,-0.2970094949827864,0.0897140433392382,-0.037826866535224324,35.62167139212361,12.07,-3.51,9042.89072320281,-0.06130571159437004
2019-11-17,-0.06130571159437004,0.034868589590629995,-0.17189756585502103,0.03413426450465984,0.7469139648108658,1.4912036,-0.33881235916609764,0.03923503701964561,-0.002192920417125347,33.01980706844896,12.05,-2.1999999999999993,8505.16122326125,-0.20288439981679396
2019-11-24,-0.20288439981679396,-0.3196060438901984,-0.34080444975877455,-0.22915125239336298,0.4334054777549746,1.22636138,-0.4602245207499419,-0.0061596847534536965,-0.06030847074729405,6.963156513050225,12.34,-0.3100000000000005,6943.38065604909,0.06608392164845434
2019-12-01,0.06608392164845434,-0.21637791618218216,-0.33863147933698734,-0.1645355020592536,0.5217747548732806,1.31531292,-0.42334902032378763,0.009635103113516737,-0.03796982543827101,1.4364205831699064,12.62,0.3199999999999985,7417.72720601987,0.014881593645181823
2019-12-08,0.014881593645181823,-0.18322459611752784,-0.3139884153112593,-0.013866269729817304,0.49671904186196464,1.33937263,-0.41470336375151917,-0.0462122184596255,0.05582937077823648,8.154053645598804,13.62,1.549999999999999,7528.94026943308,-0.05707110375503177
2019-12-15,-0.05707110375503177,-0.17898998827818957,-0.34559222998085914,-0.23770759203244118,0.48994773025301286,1.26826677,-0.447171578153704,0.04088147333820709,-0.04860820617626395,3.6782989308873533,12.63,0.5800000000000001,7111.28666995909,0.05046970311984289
2019-12-22,0.05046970311984289,0.07436411465844728,-0.07531981630783768,-0.3668771501393149,0.5632985296807401,1.33772206,-0.4185544161825967,-0.0031659781577232492,0.08966505794324538,15.340000528349618,12.51,0.16999999999999993,7479.40240789012,-0.011811582297859502
2019-12-29,-0.011811582297859502,-0.00353138928786656,-0.0607592822559031,-0.38314304637951935,0.5008373100500298,1.32663778,-0.4253818080213785,-0.10739954806505579,0.06132056770887073,24.039166979152334,13.43,0.8100000000000005,7391.578521391,-0.006249255368420137
2020-01-05,-0.006249255368420137,-0.02466223830146852,-0.12110876129095516,-0.44443757783271565,0.5386436800553348,1.31891454,-0.4289615468413618,-0.09472632380415316,0.09696090034817703,28.637348258761104,14.02,0.40000000000000036,7345.53069181765,0.10570955164240203
2020-01-12,0.10570955164240203,0.13811841709596528,-0.006002981591594292,-0.23069780577472976,0.6095494416669699,1.46084233,-0.3652913323165413,-0.017025093450479555,0.15168099347925856,31.38502803199372,12.56,-0.07000000000000028,8164.54999316189,0.062066890522725515
2020-01-19,0.062066890522725515,0.1497156044988479,-0.09552632473290323,-0.19801394223152968,0.5322792723602037,1.54314165,-0.32464870462197204,0.008931120183238349,0.06892790030467313,30.880263476716348,12.1,-0.41000000000000014,8687.35483664524,-0.01314873439927311
2020-01-26,-0.01314873439927311,0.1483784523974343,-0.07153085307261442,-0.10570278807810851,0.5489100817425627,1.52095733,-0.3334705939905701,0.10552803520751902,0.19614806572347745,24.132957378171852,14.56,1.1300000000000008,8573.87480958504,0.08552085825270161
2020-02-02,0.08552085825270161,0.24014856601855605,0.032261731599559695,-0.16242743393536507,0.5300448306637298,1.64356756,-0.27395999476047195,0.15655049002494273,0.03797768851543105,25.252402991067434,18.84,4.82,9339.38706312098,0.08333979411655079
2020-02-09,0.08333979411655079,0.2177788084927048,0.17690723731048053,-0.12738884828057806,0.4715524031848694,1.76640757,-0.21085907973879914,0.08766957641622153,0.04859908116115604,31.21439774948809,15.47,2.91,10151.0832026885,-0.01980219964583796
2020-02-16,-0.01980219964583796,0.13590971832414134,0.3599894374814365,-0.037400868248882446,0.4322657534320962,1.71695434,-0.2263321002571992,0.0531668318244953,0.0012783437818726315,35.47453776813837,13.68,1.58,9952.04661157218,0.0020874213180039902
2020-02-23,0.0020874213180039902,0.15114587404141844,0.2959929371509862,-0.012705106872374472,0.5076382678806383,1.71384131,-0.22471544265447396,0.03506093576322323,-0.0073725433682705005,30.06030965675883,17.08,2.519999999999998,9972.84242308591,-0.1548969387961403
2020-03-01,-0.1548969387961403,-0.08927192300742348,0.12621440470966405,-0.13362452975547434,0.5418752290570856,1.46928146,-0.33596610561450146,-0.018252993611643464,0.026273133334467572,10.762593740359955,40.11,21.27,8541.77389392169,-0.05191836398393512
2020-03-08,-0.05191836398393512,-0.2245300811079094,0.1313671444807607,-0.2494538449660766,0.6293046930430077,1.39731984,-0.3695619911510264,-0.00746875275995779,0.0934840792157002,-13.660697316947632,41.94,26.47,8109.61454114553,-0.4143456012770681
2020-03-15,-0.4143456012770681,-0.6190734827391395,-0.3334481599161503,-0.6540379758625985,1.8766906214977548,0.9586443,-0.5834238705598143,0.015488253509043134,0.008612722048539426,29.307090899350225,57.83,44.15,5358.61066335476,0.08440848176426563
2020-03-22,0.08440848176426563,-0.5367524222928779,-0.23722809585402516,-0.5441622050129009,1.979164196427488,1.05120625,-0.5467346523310914,-0.0768819077185963,-0.1670848602658758,14.861908457766193,66.04,48.96000000000001,5830.56097960257,0.01266211331532574
2020-03-29,0.01266211331532574,-0.36919337018141185,-0.21831672717027928,-0.3116973811443966,2.0427811978098385,1.06488351,-0.5409588654718418,-0.05583142614990472,-0.1465790334626928,6.727668509364426,65.54,25.430000000000007,5904.85758679135,0.13979525968548678
2020-04-05,0.13979525968548678,-0.17747974651198994,-0.18423101912719453,-0.14553000510911573,2.044374444855888,1.22896481,-0.4720851068812979,-0.04656047769629838,-0.13108217693892546,11.230781217220908,46.8,4.859999999999999,6790.81247264758,0.027287230450333766
2020-04-12,0.027287230450333766,0.2641530852154119,-0.21901067919958628,-0.1723429983254139,0.974153483754379,1.26554137,-0.4574814307346614,-0.04629283602382537,0.014499494361646307,-62.91104117559455,41.67,-16.159999999999997,6978.66628661601,0.02428869003002454
2020-04-19,0.02428869003002454,0.20403329348117083,-0.18157325477028863,-0.13865808023843051,0.7858982431342381,1.29699559,-0.4441430350226009,0.19666554054860275,0.18867620504869087,-45.29676358637567,38.15,-27.890000000000008,7150.2442154588,0.07200265018537699
2020-04-26,0.07200265018537699,0.2633738303512221,-0.19509146283761325,-0.21824566371708798,0.6478218610573035,1.39182404,-0.4026437589492686,0.16538245433728885,0.1193492563222425,-34.619596292876665,35.93,-29.610000000000007,7684.06852168322,0.14654200896232084
2020-05-03,0.14654200896232084,0.27012057962805613,-0.1318892479918432,-0.03455944869520522,0.7081194444893665,1.58639791,-0.30836686516348777,0.22001854444956,0.09545990802519409,-18.729275221571285,37.19,-9.61,8896.7956383986,-0.020641672093498542
2020-05-10,-0.020641672093498542,0.22219167708422383,-0.1327287204395038,-0.03692939436923126,0.7749462582316603,1.53444392,-0.3224969930994718,0.23543933667981293,0.09815600481572873,3.6413875105902034,27.98,-13.690000000000001,8715.03329322034,0.10527398784359043
2020-05-17,0.10527398784359043,0.3031769748977897,-0.029542153913917346,0.1296503050687292,0.7790419494208173,1.69855053,-0.24728401490846308,0.06741955620929105,-0.12182281857126627,-8.38870833760446,31.89,-6.259999999999998,9682.5324811806,-0.09486398685622888
2020-05-24,-0.09486398685622888,0.13631033785618385,0.03049079802599408,0.2376707180292943,0.7914456918790579,1.54008682,-0.31540734854948604,0.05377640130239619,-0.19900925795215055,-6.155591377970399,28.16,-7.77,8806.23065715956,0.06885473243954188
2020-05-31,0.06885473243954188,0.05862306133340489,0.15126389444947108,0.24044152882038183,0.7014144301038809,1.64704955,-0.26660919035145136,-0.07670362203455855,-0.13453003564853158,-9.763039154726556,27.51,-9.679999999999996,9433.94384663939,0.03270482785379869
2020-06-07,0.03270482785379869,0.11196956128070212,0.5983143235803379,0.2582647630289987,0.6491472993687973,1.69210512,-0.24222723963946213,-0.0942655603763258,-0.08872860358191055,-24.96446267607309,24.52,-3.460000000000001,9747.58011104617,-0.04239640910877007
2020-06-14,-0.04239640910877007,-0.03570083567165838,0.47150943270730217,0.2729394576752604,0.5972210993976493,1.61687359,-0.2736825754665966,0.004979648065805792,0.1084373894383352,-13.478083288994572,36.09,4.200000000000003,9342.955635301,-0.006247295651380824
2020-06-21,-0.006247295651380824,0.05291585553318967,0.4526000237405956,0.21622245890403669,0.5456040799181605,1.6005863,-0.27820595101044254,-0.01046140837674839,0.1450431608123903,-18.186944471166,35.12,6.959999999999997,9284.76937182934,-0.019214996882718438
2020-06-28,-0.019214996882718438,-0.035153873789070644,0.2935897671723904,0.20881904431917775,0.5269089253484054,1.56486434,-0.27593705749196984,0.01043455474146701,0.12454133413829668,-23.111995599344638,34.73,7.219999999999995,9108.06567457627,-0.0031286761342546043
2020-07-05,-0.0031286761342546043,-0.07098737777712394,0.263173860587802,0.21193962355334328,0.35108038809336395,1.55815127,-0.2781988758463345,0.07203384409081015,0.10812118280263544,-15.663644032133789,27.68,3.16,9079.61401808884,0.022809769288883786
2020-07-12,0.022809769288883786,-0.005781199379470081,0.26169493984666126,0.12903984119982503,0.2942229778220242,1.58969582,-0.22379162303194355,0.056021688211641225,0.08351405178278981,-0.17821208018544116,27.29,-8.800000000000004,9289.09797691408,-0.007591985111279342
2020-07-19,-0.007591985111279342,-0.007125888839368599,0.18210030455000492,0.059380965565820176,0.2860772537652506,1.57544863,-0.22966227233429037,0.06538573860541039,0.08857756884551989,1.644066692630995,25.68,-9.439999999999998,9218.84231081239,0.07470434311446894
2020-07-26,0.07470434311446894,0.08679345115781878,0.11026263870215303,0.14723404307956223,0.23284759856927734,1.69125357,-0.16991063044224075,0.12900557991448974,0.06882348504552276,16.473776810577945,25.84,-8.889999999999997,9933.90655423729,0.11045247609374798
2020-08-02,0.11045247609374798,0.20037460338582136,0.24135678688939954,0.1721656609206086,0.5146597194433278,1.8599879,-0.07297007624620133,0.09255073984098823,-0.01916733902769139,35.373545123321236,24.46,-3.219999999999999,11094.0206841321,0.05151598539260327
2020-08-09,0.05151598539260327,0.22908081948954084,0.18759878443841238,0.14034185219666107,0.5194042745768243,1.92470744,-0.009922775626270641,0.06574541053461282,0.011936651420725648,15.227363584126852,22.21,-5.079999999999998,11680.5173661601,0.018586107493462123
2020-08-16,0.018586107493462123,0.2552589120942823,0.3010488787881034,0.17873015933596115,0.5440160618440532,1.94366153,0.0,0.08243670384654468,0.10802619885506126,-2.2355536601621053,22.05,-3.629999999999999,11899.6427535944,-0.019863243944595155
2020-08-23,-0.019863243944595155,0.1606913250352182,0.21233090240396635,0.156779494073362,0.5821624409666392,1.89095764,-0.05279032845366338,-0.013884221203073336,-0.033200937899999707,-24.449707574112356,22.54,-3.3000000000000007,11665.6092735243,0.002856167312165425
2020-08-30,0.002856167312165425,0.05309501625363566,0.18248224186233308,0.31453260018166773,0.3844966712687124,1.88762446,-0.05008107194886324,-0.04496210282787417,0.011613498803671544,-55.17107208607383,22.96,-1.5,11698.9758329632,-0.1319017072860742
2020-09-06,-0.1319017072860742,-0.1303226764250418,0.09297694368502896,0.23454925687952866,0.56586849349413,1.65140122,-0.16746527327082472,-0.010663264664813077,0.0031569206308591385,-59.243539879706944,30.75,8.54,10253.2998980129,0.006728671439486078
2020-09-13,0.006728671439486078,-0.14218011247901785,0.10595291077589586,0.6556235295960828,0.547742372924213,1.66341746,-0.16184453177790858,-0.03344206989256518,0.05861577538522849,-47.87416837352734,26.87,4.82,10322.5236148451,0.056379245217298646
2020-09-20,0.056379245217298646,-0.06593762331712405,0.18154715287591294,0.6275942930491158,0.5341920767460174,1.75066035,-0.11323247961864691,0.0033535929626131483,0.15402454789761144,-58.189723760746034,25.83,3.289999999999999,10921.2180998247,-0.014981229668700635
2020-09-27,-0.014981229668700635,-0.08377502029799011,0.1696945993414669,0.5999509500650895,0.5668881285269052,1.72167524,-0.1264183307566702,0.0004326766988714995,0.1368975262862189,-57.635168049499505,26.38,3.419999999999998,10758.8242899474,-0.008700926871687997
2020-10-04,-0.008700926871687997,0.03942576011639609,0.13818390318089513,0.4514547635079147,0.3410159629563194,1.70216949,-0.13398632893259643,-0.02221402691950377,0.08722787998397195,-52.25831550527019,27.63,-3.120000000000001,10665.618622443,0.06467938424391129
2020-10-11,0.06467938424391129,0.0973764729208213,0.21045527253608576,0.4888469173014922,0.3436993342173112,1.80770338,-0.07612195302875002,-0.006127490644335649,0.012108952976269193,-45.711352618406096,25.0,-1.870000000000001,11378.2625284629,0.009739502924015042
2020-10-18,0.009739502924015042,0.050736730627537696,0.14549043234563186,0.4742977301954827,0.3252095060169889,1.81665683,-0.06707987891109835,-0.04383639714748413,0.030883555474817772,-51.26686084950611,27.41,1.5800000000000018,11489.6225650497,0.1267031526854403
2020-10-25,0.1267031526854403,0.19242111298167863,0.16174110893732419,0.528998232695546,0.3302536491368934,2.01568826,-0.005507596356146505,0.026591442697814358,-0.05512147160670362,-42.62991307573452,27.55,1.1700000000000017,13041.6410374635,0.05193820483816758
2020-11-01,0.05193820483816758,0.2530602446915342,0.1621633283828885,0.43439442857139277,0.3660606674735614,2.09316771,-0.005094010990726705,-0.12639874423109282,-0.22670672362916144,-39.55590698206888,38.02,10.390000000000004,13736.89941128,0.12075446970035486
2020-11-08,0.12075446970035486,0.3091353301479778,0.26433169058978123,0.5757905703652462,0.549068140388498,2.26976446,-0.0076171313056050405,0.05389648562969372,-0.1431394759846401,-51.8915122017997,24.86,-0.14000000000000057,15500.000707188785,0.03092049677492703
2020-11-15,0.03092049677492703,0.33031632399888977,0.3151154313093034,0.5014370792965828,0.5627049356316438,2.29883051,-0.021023053141900783,0.07233888604130655,-0.12373189778307732,-37.62059217972757,23.1,-4.309999999999999,15986.7549905903,0.14507419445486924
2020-11-22,0.14507419445486924,0.3486873657683187,0.45733345845200724,0.7413752606076809,0.5681272841952844,2.55377715,-0.011968868277775546,0.07790639394040072,0.05974299574422897,-23.65522388666243,23.7,-3.8500000000000014,18482.692631735823,-0.015915112408100285
2020-11-29,-0.015915112408100285,0.28083404852205085,0.5733200533299811,0.6566054157600387,0.6836639316420366,2.45853128,-0.050097733218150364,0.1941092300200987,0.18865368011373992,0.2535554641437912,20.84,-17.180000000000003,18190.866880420806,0.06209900608996577
2020-12-06,0.06209900608996577,0.22217858491166176,0.6286903879804608,0.6859995939962058,0.6490805468017672,2.54722977,-0.015667592740560177,0.028707775957893457,0.10457295863438755,19.319690040739612,20.79,-4.07,19356.3136767972,-0.01039836495638724
2020-12-13,-0.01039836495638724,0.1808597231803475,0.561912777806775,0.7179976381485886,0.6787749236961298,2.46411643,-0.025850008364260768,0.009104152827368773,0.05307409081076068,32.69628092105801,23.31,0.2099999999999973,19156.0825055523,0.20559431395272298
2020-12-20,0.20559431395272298,0.24137984267820123,0.7824883214281986,0.9298392477526924,0.739819380125477,2.850832494921,-0.01375805933709584,0.01644018046269629,-0.039535785328809414,55.35828671922908,21.57,-2.129999999999999,23528.5506135593,0.1163175346665728
2020-12-27,0.1163175346665728,0.3736124897528743,0.9075067829664594,1.0653717793019837,0.6800041636237762,3.033869719213,-0.0017830420187537888,0.0043927979503741565,-0.0028405349495893104,41.955156580357155,21.53,0.6900000000000013,26430.8565971946,0.23035943079331567
2021-01-03,0.23035943079331567,0.5418729144562242,1.0731868295158637,1.298859886229554,0.6475270396995993,3.43360474,0.0,0.09458646689075342,0.09628865590319657,15.875409863981977,22.75,1.9600000000000009,33277.8353050848,0.1413240957831885
2021-01-10,0.1413240957831885,0.6935953751958,1.2047714223750372,1.4173742127238587,0.7419808492054097,3.47615243,-0.05998872170697456,0.1959311445689898,0.11665819544999585,24.703203273565748,21.56,-1.75,38329.3401665693,-0.06075584800181666
2021-01-17,-0.06075584800181666,0.4272452132412603,1.0173124216877802,1.3642103498333213,0.9147779818833993,3.14208979,-0.11539959313689552,0.057933522588506293,0.11135179481958891,5.507834405348057,24.34,2.7699999999999996,36069.939466803,-0.1129933559296088
2021-01-24,-0.1129933559296088,0.1979343226450787,0.8523808609200039,1.1765126507892436,1.0499977843045758,2.763770318383,-0.2099133132971992,0.030883157333052094,0.11329439050079888,20.606361477713495,21.91,0.379999999999999,32216.1042904734,0.028812504710684195
2021-01-31,0.028812504710684195,-0.003612603437552764,0.7604388959303332,1.0948726794061798,1.0828599983467326,2.77012967,-0.18681781506419348,-0.021959724131636976,0.030189989231276356,48.011907811237926,33.09,10.340000000000003,33157.8325745178,0.1623599130964024
2021-02-07,0.1623599130964024,0.017423213875661148,0.8918783122518086,1.205716607109979,1.0011932868311142,3.141200247585,-0.043467193045054975,-0.05562179666304264,0.050367688082441124,31.01895431579115,20.87,-0.6899999999999977,39003.0121817651,0.22470246702345698
2021-02-14,0.22470246702345698,0.3028815289009348,0.9715065848203963,1.4118329666399738,1.0381421644875912,3.65475277,0.0,0.01141769430897174,0.02769518036900102,28.67831157287481,19.97,-4.370000000000001,48829.8275096435,0.16345605621721582
2021-02-21,0.16345605621721582,0.5793309410477594,1.1508777534457124,1.5951522668017848,0.8909461725345514,3.95810037,0.0,0.03856963057668889,0.028927821599643244,32.81676254246134,22.05,0.14000000000000057,57500.7161102864,-0.2371785554258281
2021-02-28,-0.2371785554258281,0.3133398809112471,0.8516001919299185,1.3551175440637913,0.9637352702352131,3.00886446,-0.21114957808122026,0.009875082793540185,0.024535573148602854,45.49139553675565,27.95,-5.140000000000004,45359.4641642314,0.11890080517055956
2021-03-07,0.11890080517055956,0.26988077298540425,0.9808993620568653,1.605920056520425,1.0147593780632413,3.30549961,-0.1115507486647066,-0.051810538658658783,-0.0336625147478899,54.11266901496833,24.66,3.789999999999999,51086.4681794272,0.15925064666419608
2021-03-14,0.15925064666419608,0.20442895262614336,0.9345556947683384,1.758442031745135,0.8430669829267985,3.68484058,-0.02256816563039077,-0.026770293282351972,0.002598651939128235,56.96874280493073,20.69,0.7200000000000024,59905.6184704851,-0.04189127334548637
2021-03-21,-0.04189127334548637,-0.000918376936558829,0.7763468867562793,1.66017151318235,0.8135767082914608,3.440164039174,-0.06266824404758287,0.02120255080007225,0.057043313953167835,19.47410358003456,20.95,-1.1000000000000014,57447.9330198714,-0.030664827428104502
2021-03-28,-0.030664827428104502,0.20559535106116478,0.5153226285348591,1.6444879154229461,0.7177676464903309,3.24472988,-0.09097512958645926,0.012792575612801699,0.074016918151078,-5.0246616306378415,18.86,-9.09,55713.0381396844,0.04370894681076187
2021-04-04,0.04370894681076187,0.13040349270136709,0.4177074795624325,1.696897789105396,0.5997615340533151,3.298301283114,-0.05036148580804711,0.005107216697127206,0.04946461205524618,-6.901329614320277,17.33,-7.330000000000002,58202.199391993,0.029302970178544996
2021-04-11,0.029302970178544996,0.0004558162157159984,0.5077662977427941,1.6615213750400297,0.5285455071520668,3.28353702,-0.02212253479536208,0.028387850280121696,0.09415685702769172,-26.0565171111863,16.69,-4.0,59932.9306469901,-0.06094211525482507
2021-04-18,-0.06094211525482507,-0.018595025693622702,0.5598175384175779,1.5908397568611896,0.5626298950953211,2.959841879616,-0.11121458496750614,-0.05292111690979576,-0.05842677113426938,-24.411495385094273,16.25,-4.699999999999999,56389.5579812975,-0.14154712975668282
2021-04-25,-0.14154712975668282,-0.12947732802220102,0.38945790395021085,1.3225894744190665,0.5068633461297969,2.54988868,-0.22852158094367636,-0.096261358432162,-0.11048966348044556,5.925948300293876,17.33,-1.5300000000000011,48946.9407428404,0.14478784378541043
2021-05-02,0.14478784378541043,-0.028398431047552464,0.37188583463921887,1.4154391133663093,0.6726550102544571,2.88247785,-0.10832961344552439,-0.03385867298142904,-0.002842699112477417,16.614887386206888,18.61,1.2800000000000011,56572.5968410286,0.029878829219159186
2021-05-09,0.029878829219159186,-0.027822572006938273,0.17706219683492108,1.3245634728851137,0.7358078501267885,2.90472472,-0.08128553547661233,0.0494133874177514,0.034172125067584214,28.73027357594512,16.69,0.0,58288.4256303916,-0.23627305450579072
2021-05-16,-0.23627305450579072,-0.20315351125790393,-0.22266691388808546,1.057369921604396,0.8043967019093564,2.2838578,-0.2746151676981561,0.04582042076022959,0.13495927298931173,70.88608630012347,18.81,2.5599999999999987,46022.5037090006,-0.28025454773677083
2021-05-23,-0.28025454773677083,-0.34186092923799194,-0.2657429061990282,0.6320411794127558,1.0499990334944376,1.75890282,-0.4519054714277386,-0.10023259947357532,-0.04261606803961518,81.11911742378821,20.15,2.8200000000000003,34774.207221917,0.024934039888895754
2021-05-30,0.024934039888895754,-0.4617147331345066,-0.359709671480692,0.6728903317097519,1.0480990545044875,1.80573948,-0.4380674587334439,-0.13877579381776195,-0.07003753621290254,80.5770626157775,16.76,-1.8499999999999979,35652.1687703098,0.00191769500646366
2021-06-06,0.00191769500646366,-0.48967586734720214,-0.5170426231384244,0.6127090206262498,1.0452885636604599,1.81038933,-0.43698880957560216,-0.29369998054800694,-0.1648801688576668,73.74862803846042,16.42,-0.2699999999999996,35720.6043546464,0.085919817885026
2021-06-13,0.085919817885026,-0.1674829949563854,-0.38923153190791204,0.709027203467663,1.1348841872203859,1.976225,-0.3864760373900744,-0.22883600363703274,-0.2565531202293328,49.84800720011566,15.65,-3.1599999999999984,38925.4194289889,-0.08930348774483399
2021-06-20,-0.08930348774483399,0.023468065035551433,-0.44787019222464153,0.41412940177010604,0.9216306118425979,1.807459745287,-0.4388906341835397,-0.11041846203059752,-0.17031002185655048,22.623541138488715,20.7,0.5500000000000007,35599.9418784337,-0.031196548235698174
2021-06-27,-0.031196548235698174,-0.032662523089042494,-0.5227756872711016,0.26661531886783507,0.997286380734975,1.776255857109,-0.45612508417786823,-0.19247739816713794,-0.4759972786237682,17.74414451195056,15.62,-1.1400000000000023,34506.4911975453,0.024309561760121667
2021-07-04,0.024309561760121667,-0.010270656335384487,-0.5277690956895249,0.06056544983464107,0.9685122821865847,1.8265447061,-0.44274171042070176,-0.08965859806794267,-0.5195455604718691,8.182586500290707,15.07,-1.3500000000000014,35355.6078883694,-0.031524020475163894
2021-07-11,-0.031524020475163894,-0.1277144946955744,-0.49835100090986373,-0.11228266642371132,0.8062184415158125,1.771750243299,-0.4600347273669787,-0.12691465623354958,-0.3175671382176408,-4.902847390544742,16.18,0.5299999999999994,34258.4413898305,-0.07737332317485901
2021-07-18,-0.07737332317485901,-0.11578433012559941,-0.4341771943280399,-0.12890014159675367,0.7600604019818057,1.639258220118,-0.5002382402463253,-0.10172982043909536,-0.17672590190723192,15.371656949533175,18.45,-2.25,31707.7038527177,0.10220931222752938
2021-07-25,0.10220931222752938,0.017621530337628144,-0.47675572588592097,0.08630252656038451,0.558382808864596,1.81848487747,-0.4464562360938318,0.0005489056113367801,0.07155765353541793,12.408346023321094,17.2,1.58,35119.9374360023,0.12933438957390742
2021-08-01,0.12933438957390742,0.12264635815141389,-0.37730016553117274,0.18682441142360773,0.6039713847725493,2.006838470091,-0.370028105693779,0.0020081091890896893,0.20421023776893385,1.1359760437583715,18.24,3.169999999999998,39968.9689544126,0.09545653646616792
2021-08-08,0.09545653646616792,0.2496269150927457,-0.045570574559214094,0.11992103479337324,0.6119137595115222,2.195821362505,-0.3069294881991449,0.030529571600569412,0.14539730617332852,16.122219278686313,16.15,-0.030000000000001137,43972.3010181181,0.06816879326851932
2021-08-15,0.06816879326851932,0.39516903153612404,0.30285276644607606,-0.036612638961564414,0.6448680457688658,2.323985756424,-0.2580361399027803,0.10020136767093143,0.14779793026700971,-5.765368772471825,15.45,-3.0,47074.370710111,0.047478852534402094
2021-08-22,0.047478852534402094,0.34043857184299675,0.3253975790915824,-0.15258984264437814,0.6111020706672798,2.414996575605,-0.22195887051176377,0.13176907495782095,0.20731122735986052,-6.625688607243322,18.56,1.3599999999999994,49363.3160952659,-0.008441940349177557
2021-08-29,-0.008441940349177557,0.20266224191991178,0.3150379437359412,0.07614677243227241,0.5779641866383078,2.367277866365,-0.22849940108834998,0.002379191428242561,0.17697777110542004,22.308872344921326,16.39,-1.8499999999999979,48948.3479579193,0.055613282942179154
2021-09-05,0.055613282942179154,0.16281898839592301,0.28473140879309433,0.012859250203892003,0.5497174346266015,2.480946695916,-0.18437822943705207,0.09303461168198333,0.13833717898717116,-1.385513936403245,16.41,0.26000000000000156,51747.6438565167,-0.11381883555459105
2021-09-12,-0.11381883555459105,-0.019168640427187356,0.26021606098333727,-0.2602102320148951,0.640433823825095,2.208217016174,-0.2721231327592748,0.045498180363636676,0.131870724771496,-39.79677175300608,20.95,5.5,46180.6124563998,0.022225148034269893
2021-09-19,0.022225148034269893,-0.04442234492731956,0.31363775725330534,-0.19609381063513887,0.6245591932477131,2.242941684172,-0.25576485238466706,0.024241635587457917,0.12382173365053427,-55.74989453624831,20.81,2.25,47218.4739964933,-0.09053639760513299
2021-09-26,-0.09053639760513299,-0.126516802183275,0.19879179788805068,-0.25596538081216735,0.7770768415980398,2.040529522117,-0.3201850383532545,0.024496309417997873,0.03762813541427364,-56.332041280092135,17.75,1.3599999999999994,43131.2941773816,0.11116462031497498
2021-10-03,0.11116462031497498,-0.07096546481047916,0.34148043867818956,-0.18850970730795424,0.8553790636879474,2.266397740964,-0.24025316478309922,0.01886697660898271,0.12656469040872687,-42.72625918807928,21.15,4.739999999999998,48202.6229177089,0.1264736671202158
2021-10-10,0.1264736671202158,0.16932703786432768,0.5453274289732644,-0.09133901036628345,0.790749717283232,2.520123658863,-0.13782442488604407,0.10696014406735073,0.07059659444514259,-4.404473184178401,18.77,-2.1799999999999997,54701.2797022209,0.11653561162592574
2021-10-17,0.11653561162592574,0.2636375014559835,0.5596537283716607,0.08613871651446736,0.807741278024574,2.775039217832,-0.03126165950619508,0.056866991138353314,0.032147765411372625,13.924959711404249,16.3,-4.509999999999998,61462.2223722969,-0.009757073885733547
2021-10-24,-0.009757073885733547,0.34441682517538297,0.42056226491201976,0.21792877238541664,0.6560230017243512,2.679080716831,-0.07865891910243639,0.10854948795110982,0.09919534858525829,-1.1120833250363715,15.43,-2.3200000000000003,60865.4470523086,0.009281020926444228
2021-10-31,0.009281020926444228,0.2425332257868522,0.33438674937229607,0.08242194952645043,0.6029149031505122,2.660031269082,-0.0700681292656763,0.06443153555801973,0.07631449461833942,-15.09108509697257,16.26,-4.889999999999997,61432.9700628287,0.025883521111913055
2021-11-07,0.025883521111913055,0.14194307977854947,0.2921014772156898,0.0784266414192043,0.5404561053097467,2.682304638596,-0.0456840059147382,-0.005884256415289755,0.14040069232656946,-22.062801910191315,16.48,-2.289999999999999,63043.8290590298,0.031052742488032692
2021-11-14,0.031052742488032692,0.05646021064065643,0.2756753671693204,0.3457524384130277,0.5307824679919859,2.684880108371,-0.037155235816408116,0.026148202206098318,0.11582099634512909,-25.635601531379024,16.29,-0.010000000000001563,65032.2256548217,-0.09679268438074118
2021-11-21,-0.09679268438074118,-0.030575399854351204,0.18732462313775677,0.5292143017690574,0.5563965786111084,2.424879879847,-0.1259832727533733,0.006764995068820091,0.0759667557367081,-12.727324683589945,17.91,2.4800000000000004,59032.6241017534,-0.03068758330904231
2021-11-28,-0.03068758330904231,-0.07054400408983774,0.10102375688653531,0.4735926785711193,0.6522170994979783,2.336711996385,-0.15239736862567954,-0.05977008314725848,-0.009644803300116885,16.097995775107595,28.62,12.36,57248.5696963764,-0.14892916263851497
2021-12-05,-0.14892916263851497,-0.24535668784026576,0.06591342980261139,0.3227458209261407,0.7175039297674405,2.016818310956,-0.2696800189926092,0.04536429000528769,0.017601750787508367,18.40540460381243,30.67,14.190000000000001,49327.0935999416,0.016277230933917863
2021-12-12,0.016277230933917863,-0.2601321993943806,0.05996551270225936,0.25310323397503254,0.703798468558703,2.049751176277,-0.25769515643114327,-0.04625114484249903,0.09684613904288103,16.90258909512888,18.69,2.400000000000002,50136.5722568673,-0.06723580207521529
2021-12-19,-0.06723580207521529,-0.2305753170888547,0.08326610823217706,0.27517091964465124,0.7012481094286074,1.918249189772,-0.30596374685075933,-0.04205005549391008,0.027535450477658888,7.465729950932524,21.57,3.66,46876.426924021,0.08034809423283917
2021-12-26,0.08034809423283917,-0.11953963954697322,0.05244958215004125,0.3867155621131886,0.602125483533558,2.071542317446,-0.24789774556924704,0.020022550818967737,0.12970699478357597,11.80723278636,17.96,-10.66,50798.3065859147,-0.070242182842426
2022-01-02,-0.070242182842426,-0.04085265975088426,-0.14426626781260055,0.2921638175106409,0.5465833478667269,1.933497096507,-0.2989143175166873,-0.06866557796070806,0.05146490498449587,6.799240362326466,17.22,-13.450000000000003,47352.5577565751,-0.12265729140622206
2022-01-09,-0.12265729140622206,-0.17978718209102418,-0.38345917084474834,0.20103054657958275,0.5297058293619159,1.72082066082,-0.37984290988839,-0.026640139191808545,-0.024534312172063595,15.888203689127822,18.76,0.07000000000000028,41886.4985569842,0.030155849423906034
2022-01-16,0.030155849423906034,-0.08239553059190285,-0.34354624753510876,0.3085597191783478,0.47319529077401185,1.774015355513,-0.36085671237958894,-0.01320702935313337,0.14824211258007847,17.548547071772404,19.19,-2.379999999999999,43168.8596671537,-0.17409948455280144
2022-01-23,-0.17409948455280144,-0.33684310937754347,-0.5269267530143544,0.03225092239801697,0.5890704442612532,1.508378975549,-0.46298330577659297,-0.016144845413074024,0.05172929378427151,3.9620869087939288,28.85,10.89,36271.0502650497,0.046132113263031016
2022-01-30,0.046132113263031016,-0.22046881327208645,-0.5066781608632365,-0.05095135391285943,0.5561950862628129,1.589486377439,-0.4376292694973133,-0.08223051995695999,0.08043226388235875,1.9414919587172517,27.66,10.440000000000001,37983.5063845704,0.10901059821653547
2022-02-06,0.10901059821653547,0.011199076350671078,-0.4287203051347337,-0.03739729216249188,0.6721293550547904,1.760874145144,-0.37285868786518317,0.04050959692210425,0.08692420445537055,-3.310827488373732,23.22,4.459999999999997,42358.2251732905,-0.0038467955396281894
2022-02-13,-0.0038467955396281894,-0.022803568612863145,-0.3357744162936207,-0.10941288097063939,0.6738095179533934,1.746704565079,-0.37526653804450816,0.0674625847114362,0.04137286876559322,-10.095324530040376,27.36,8.169999999999998,42195.5947451782,-0.09031763843085017
2022-02-20,-0.09031763843085017,0.06097827750908813,-0.39540447141542856,-0.24720937193589165,0.6074706653426871,1.597672365828,-0.42921793775237105,-0.03528786502235403,0.09775793651016298,-18.71212258301618,27.75,-1.1000000000000014,38551.6224967855,-0.023272765982893517
2022-02-27,-0.023272765982893517,-0.008426601736836403,-0.2697480747598071,-0.2620401975696076,0.6616128680474774,1.564733720961,-0.4423482333337846,-0.007260206672156054,-0.012621520041373882,-7.23360611126324,27.59,-0.07000000000000028,37664.7792828755,0.019314919099558736
2022-03-06,0.019314919099558736,-0.09812228085381314,-0.26671038659416624,-0.29833856141222803,0.7928088531684798,1.588284555745,-0.4314725411279178,0.0008363077076916784,0.032165500465903364,-11.344451348423286,31.98,8.760000000000002,38399.3426268264,-0.015511224885285557
2022-03-13,-0.015511224885285557,-0.1097867101994705,-0.2149858094042365,-0.20003095074292254,0.8675076086721594,1.563583025151,-0.4402230573377859,-0.08692579263471625,-0.00661291818333505,-19.722437445407362,30.75,3.3900000000000006,37808.3174004091,0.08820561635837443
2022-03-20,0.08820561635837443,0.06873654458975409,-0.20712828727870125,-0.134050482418818,0.8274836741686173,1.705071792374,-0.3886045276404799,0.04178104823938276,-0.0019778342681478706,-14.423828226968043,23.87,-3.879999999999999,41294.7235129164,0.12466129318244512
2022-03-27,0.12466129318244512,0.21667060375509273,-0.012224811253830126,0.0811472083687601,0.8050830999063804,1.912928867709,-0.3074327832526156,0.061982462971159856,0.06792013205759467,-25.62521744449874,20.81,-6.780000000000001,46777.2056265342,-0.007223157355163323
2022-04-03,-0.007223157355163323,0.19013252730037067,0.10320932279722861,-0.0372405693013782,0.543045965605111,1.886983002157,-0.3124172816582991,0.007744330451612384,0.014572991175905358,-29.126560142396603,19.63,-12.350000000000001,46440.5438538866,-0.09422624365135057
2022-04-10,-0.09422624365135057,0.11141750853430565,-0.021172770278027997,-0.25794048007294457,0.45711083634707483,1.720498052487,-0.3742468925629385,-0.0034978344164821934,0.031066321466592044,-11.87882455455917,21.16,-9.59,42264.4633909994,-0.06247494029945955
2022-04-17,-0.06247494029945955,-0.03926304812352832,0.0904517739753139,-0.43695103199832985,0.4858832941569287,1.615563193564,-0.4121446254824346,-0.04731247348234307,0.00011978894977269804,-22.76219788183337,22.7,-1.1700000000000017,39704.7839798364,-0.0048762275821196965
2022-04-24,-0.0048762275821196965,-0.16880056888809314,0.039443433130163186,-0.432070185694716,0.4343270394549225,1.60550883035,-0.4150041645262976,-0.015551104993833808,0.04496858992647636,-11.322838713232876,28.21,7.400000000000002,39511.6456928697,-0.02699681550935118
2022-05-01,-0.02699681550935118,-0.188574227042281,-0.09656398059572346,-0.4683480221305114,0.509026880836773,1.567381909459,-0.43058591400580604,0.008310882441255532,0.11068672168147034,2.4814440304414433,33.4,13.77,38459.226979135,-0.12150706553616075
2022-05-08,-0.12150706553616075,-0.21585504892709118,-0.21422425059225603,-0.6157386087785852,0.5945705905741943,1.397053307677,-0.49573554270406384,0.07043179450291141,0.07516650970543007,21.67314436485114,30.19,9.030000000000001,34058.9066861484,-0.08823064679342174
2022-05-15,-0.08823064679342174,-0.24161075542105337,-0.2121372589548276,-0.7350219980600396,0.728754005215367,1.301371234936,-0.5383208355862581,0.14492579366356867,0.06018816878104814,62.27728911117614,28.87,6.170000000000002,31182.6212460549,-0.027661783840020604
2022-05-22,-0.027661783840020604,-0.2643963116789543,-0.2165262768119547,-0.6658910975193191,0.7970178328866331,1.273331088604,-0.5509166897793258,-0.00387473448667385,-0.001864803430322511,68.10005159665872,29.43,1.2199999999999989,30331.87514173,-0.030182238332738365
2022-05-29,-0.030182238332738365,-0.26758173450234146,-0.2660234342442518,-0.6653857525430151,0.7622180532761296,1.241234457517,-0.5642685216192467,-0.09441157576915003,-0.028670029115898978,57.78823290054686,25.72,-7.68,29430.0689800117,0.016356802771056778
2022-06-05,0.016356802771056778,-0.12971786619512393,-0.23415540658790945,-0.5000997871334434,0.7732713103896744,1.26746929363,-0.5570827397672617,-0.06924687345338928,-0.05925304818025013,33.329136430617815,24.79,-5.400000000000002,29915.4093009936,-0.10884246135937481
2022-06-12,-0.10884246135937481,-0.150329680761077,-0.4312034843056587,-0.6252194794267361,0.6540393005324048,1.144614146671,-0.602760044600922,-0.15542355597409355,0.036963978487918554,1.8245056319089905,27.75,-1.120000000000001,26830.2839456458,-0.26948227747243436
2022-06-19,-0.26948227747243436,-0.39215017439349076,-0.8253470549605382,-0.8274659548239551,0.9943970007925695,0.905122908176,-0.6965981263865721,0.033109101870946685,-0.02309017803097561,-1.7438911222646052,31.13,1.6999999999999993,20492.2951683226,0.0276408720067991
2022-06-26,0.0276408720067991,-0.3343270640539533,-0.7904830255985758,-0.8801731770499952,1.013419251917256,0.93595363596,-0.6880948565148908,-0.05549998820635119,-0.03710345192029241,-15.157955416206631,27.23,1.5100000000000016,21066.6209430158,-0.0888023439071457
2022-07-03,-0.0888023439071457,-0.43948621073215577,-0.7850591258543709,-0.8987333381147149,0.931323914401191,0.864908319377,-0.7145985543475557,-0.00425399141605537,0.030584344075802957,-17.18209793875044,26.7,1.9100000000000001,19276.5146639392,0.07756788783286517
2022-07-10,0.07756788783286517,-0.2530758615399158,-0.6450162977220462,-0.6985081588756277,0.955562064795534,0.938937826789,-0.6915793314098819,-0.008405444355114427,-0.11003174294155009,-24.272644982839395,24.64,-3.1099999999999994,20831.2733915839,-0.000162498851985049
2022-07-17,-0.000162498851985049,0.01624391708053352,-0.6403025689919115,-0.7288265071515188,0.5109036303484714,0.947388315858,-0.6916294453426179,-0.0913203678684196,-0.07843332975943038,-15.222364905876287,24.23,-6.899999999999999,20827.8886085915,0.0840151668857505
2022-07-24,0.0840151668857505,0.07261821195948492,-0.5292905865968098,-0.4707118557129668,0.5460412251182709,1.035693112787,-0.6646021878530557,0.04291487953013305,-0.05246322125433417,-5.139822551284066,23.03,-4.199999999999999,22653.3570260082,0.030553230137426723
2022-07-31,0.030553230137426723,0.19197378600405735,-0.37723029092322236,-0.4862907388385711,0.6317686885660801,1.06930792552,-0.65419654781288,0.007373562667849549,-0.06172974233718104,-0.4347346420667193,21.33,-5.370000000000001,23356.1722215079,-0.008708482786335736
2022-08-07,-0.008708482786335736,0.10569741538485644,-0.29770812691613635,-0.6040098198414423,0.580451887150175,1.061585802404,-0.6571948967397385,0.0254188061654211,0.009467001023533655,-2.820515472728878,21.15,-3.490000000000002,23153.6584713618,0.04890782811179939
2022-08-14,0.04890782811179939,0.15476774234864088,-0.22113851496431636,-0.5512551961900147,0.5403340874144174,1.1152866103,-0.6400122864950328,0.07544714726644734,0.04808192682079939,-17.239536593453998,19.53,-4.699999999999999,24314.2021315021,-0.12049939291741651
2022-08-21,-0.12049939291741651,-0.04974681745452614,-0.3114556695489945,-0.5814369506765811,0.6056379803731705,0.99226378976,-0.6808789465192191,0.056612253598791414,0.055642765124232746,-16.041348065088943,20.6,-2.4299999999999997,21553.9961717125,-0.09128658890056052
2022-08-28,-0.09128658890056052,-0.17158663649251338,-0.4190990612206118,-0.6494507735942481,0.5216005390145916,0.908751979889,-0.7087203157386924,-0.01571242409833043,0.08805815161896476,-13.9186404369554,25.56,4.23,19673.5412188778,0.014551404743418317
2022-09-04,0.014551404743418317,-0.14832674896275932,-0.2957051951178187,-0.6542142879503885,0.5309024018759702,0.924996509034,-0.704450798761236,0.026260534929439323,0.08285807476957552,9.248254249408442,25.47,4.32,19961.9118907072,0.08499523344609372
2022-09-11,0.08499523344609372,-0.112239343628465,0.05877231580070941,-0.5537078296190092,0.6555691776483261,1.00926214108,-0.6782320742900965,0.0067383768501382306,0.1473646363406025,14.35484752767961,22.79,3.259999999999998,21732.7705686733,-0.11215227381128301
2022-09-18,-0.11215227381128301,-0.10389222452233149,-0.0810208300173727,-0.7540657197886667,0.673473203555665,0.907953496893,-0.7123690357692896,0.007906300832287513,0.09419822405935169,48.622055925836044,26.3,5.699999999999999,19427.1002626534,-0.03317624288736454
2022-09-25,-0.03317624288736454,-0.04578187850913551,-0.025394728997591542,-0.9119032558584763,0.6725471823611812,0.881057004179,-0.7217549941998459,0.0013565964634515398,0.002305099577141993,60.228025118341904,29.92,4.360000000000003,18793.1561531268,0.011750770747633865
2022-10-02,0.011750770747633865,-0.04858251250491996,-0.09121184608282285,-0.8929293277556791,0.6669826320647596,0.894190083633,-0.718466115338369,-0.017379236052306898,0.0771094458005397,21.654333973664034,31.62,6.150000000000002,19015.2928050847,0.021490681481461493
2022-10-09,0.021490681481461493,-0.11208706446955219,-0.0695586657493763,-0.7772124026228671,0.5459594030890934,0.915262738221,-0.7123502789318967,-0.04376033486212188,0.10286358862232399,-11.919158439389113,31.36,8.57,19428.3671323787,-0.008612968262422527
2022-10-16,-0.008612968262422527,-0.008547758920691706,-0.16218680089754933,-0.72335043058583,0.3535777391064757,0.909910910294,-0.7148171580244176,-0.04535637694309036,0.14600242659476692,-31.798995722245447,32.02,5.720000000000002,19261.7497878434,0.01564207691343178
2022-10-23,0.01564207691343178,0.04027056088010461,-0.17709795412154428,-0.7028321260902786,0.27479710552430064,0.926261633178,-0.7103212349581077,-0.013587463962057436,0.1613540803066319,-62.375908424212824,29.69,-0.23000000000000043,19565.4123243717,0.05233826073643577
2022-10-30,0.05233826073643577,0.08085805086890652,-0.11605121059877277,-0.6234970498444916,0.3309460673175521,0.975832100659,-0.6947561812457973,-0.004251777227166255,0.06397652996471573,-42.66109276998666,25.75,-5.870000000000001,20616.7033766803,0.015884444239659956
2022-11-06,0.015884444239659956,0.07525181362710498,-0.1490745944709122,-0.4861055400686709,0.32796699854676137,0.991409279364,-0.6898688392337347,0.03531346671427479,0.03661861773366275,8.719035034861426,24.55,-6.809999999999999,20946.8030359439,-0.24956415055020642
2022-11-13,-0.24956415055020642,-0.16569936866067891,-0.2781393521037021,-0.6474390438254556,0.882076683812174,0.785273663056,-0.744006250185948,0.106497903104026,0.016683281609783506,-87.83325622440809,22.52,-9.500000000000004,16320.4983375219,-0.0045231668861323016
2022-11-20,-0.0045231668861323016,-0.185864612460243,-0.1913759300892739,-0.6243004268715673,0.8841386783468065,0.799184425512,-0.724670142585925,0.11741757159135516,-0.0017415854635390875,-70.34928033608902,23.12,-6.57,16246.8446992987,0.0115796391629992
2022-11-27,0.0115796391629992,-0.22662323403367957,-0.194347695669693,-0.5825385493758297,0.8661490537515449,0.812332752733,-0.7162315420217986,0.05444080857124222,-0.0949430533182777,-83.88764311522036,20.5,-5.25,16436.0707688486,0.040869183171976076
2022-12-04,0.040869183171976076,-0.20163849510136345,-0.23847374594381066,-0.5580261689749104,0.8692524904096651,0.84968361727,-0.6629471308554626,0.020481043700047483,-0.06064250612078566,-108.35833849346223,19.06,-5.490000000000002,17121.7149824664,-0.001598916796707428
2022-12-11,-0.001598916796707428,0.046326738652135546,-0.12792038892923507,-0.45078262441224304,0.30901390862740885,0.853211507586,-0.6634856197351369,-0.08478016394754347,-0.02183311094791836,-30.57376787158845,22.83,0.3099999999999987,17094.3606592636,-0.018792419335497357
2022-12-18,-0.018792419335497357,0.03205748620277049,-0.11353656537736789,-0.20009276627530603,0.35863003306989794,0.839875774864,-0.6697504886878678,-0.07850622850526523,-0.06405202491336805,-63.20374346352766,22.62,-0.5,16776.1159254822,0.0029001010544327244
2022-12-25,0.0029001010544327244,0.023377948094204015,-0.12238723507056903,-0.2248335372276724,0.3439754732191649,0.845706555551,-0.6687787644659242,-0.08803601066644003,-0.021464844559618692,-36.33196792356272,20.87,0.370000000000001,16824.8389736996,-0.013046942572552567
2023-01-01,-0.013046942572552567,-0.030538177650324627,-0.1569248591245831,-0.14907813589307928,0.291046175606991,0.839542831106,-0.6501168544087561,-0.07871435559451928,0.02183057798865199,-29.113825648870066,21.67,2.610000000000003,16606.7520432496,0.026882626909015883
2023-01-08,0.026882626909015883,-0.002056633944601316,-0.12142926395314468,-0.19976339681692856,0.27778851143583955,0.864443193289,-0.6405835097901893,-0.028109369702049077,0.012165445463920361,-21.28530803735491,21.13,-1.6999999999999993,17059.2399444769,0.20190859447018994
2023-01-15,0.20190859447018994,0.21864437986108598,0.06483725360361348,0.002307696505246426,0.36699385512437843,1.056945343653,-0.5601690491928765,0.0903362873241375,0.09635908724662919,12.038725238211933,18.35,-4.27,20876.0085561075,0.0844811410118318
2023-01-22,0.0844811410118318,0.30022541981848505,0.0969801338790095,0.002773670631327718,0.42682054867015046,1.147415859687,-0.5213969293337035,0.06470539416221487,0.1607643908851705,1.1552123957744762,19.85,-1.0199999999999996,22716.2771966686,0.045552731015600756
2023-01-29,0.045552731015600756,0.3588250934066384,0.1266484206549503,0.01777317150950175,0.4296775477688432,1.200618353218,-0.4990910628422788,0.023759567948497075,0.139741047189672,-5.365697594334007,18.51,-3.16,23774.9963679135,-0.03500174558528002
2023-02-05,-0.03500174558528002,0.29694072091234247,0.3412108256198767,-0.008520091289442533,0.4915539375716281,1.156408398602,-0.516320461533303,0.08070855305623453,0.0002451837614212782,-5.051038685062347,18.33,-2.8000000000000007,22957.2251905319,-0.05300166210035151
2023-02-12,-0.05300166210035151,0.04203046434180102,0.2927323304056575,-0.11042958150159343,0.44576396645543914,1.097210551986,-0.5412887556962757,-0.06037553718677504,0.08009045913600046,2.141890479345704,20.53,2.1799999999999997,21772.1373252484,0.11259833073384584
2023-02-19,0.11259833073384584,0.07014765406381507,0.39375102197650413,0.12266814214966892,0.5011855628572943,1.225347760367,-0.48661849386736455,0.07114860151290031,0.16900385625133593,9.997673053784315,20.02,0.16999999999999815,24366.9907606663,-0.034439222725200835
2023-02-26,-0.034439222725200835,-0.009844299676986523,0.3184426160793272,0.1795155083250286,0.5055558356770493,1.183865293006,-0.5039979683788622,0.05320420486292872,0.0007757728823273722,15.253202531280431,21.67,3.16,23542.0964281122,-0.048844894525318594
2023-03-05,-0.048844894525318594,-0.023687448617025098,0.27119663835071606,0.1161192090562917,0.5060987405450575,1.130220819242,-0.5276429657178296,0.0411621467410244,0.19884229210465604,22.45022554477771,18.49,0.16000000000000014,22419.8171390999,-0.015908203865150128
2023-03-12,-0.015908203865150128,0.013406009618176284,0.2740808538210633,0.015215771745047846,0.584646254456624,1.118453254664,-0.535097863482106,0.017078046643920923,0.07509917668126741,5.699559730106609,24.8,4.27,22065.9800359439,0.24476011358315297
2023-03-19,0.24476011358315297,0.14556779246748341,0.5159408663497835,0.3721281591394838,0.6826934740204117,1.41718434858,-0.4061735898074036,-0.03047218213496361,0.009417316692656785,39.639245444655636,25.51,5.490000000000002,28185.2043319696,-0.004830226035663188
2023-03-26,-0.004830226035663188,0.17517678915702106,0.5241575828866729,0.4004741759911852,0.6998810932445014,1.403671575252,-0.40903498942781413,-0.01735348123358344,0.16586385243837723,33.25686907678112,21.74,0.06999999999999673,28049.3916911163,0.004006536621806944
2023-04-02,0.004006536621806944,0.2280282203041466,0.501281492599464,0.39272994186535826,0.6943178687051526,1.425206305097,-0.3964812481991231,0.023428908489545243,0.0343481850729261,13.823262636996411,18.7,0.21000000000000085,28161.9980362361,0.006928899220561391
2023-04-09,0.006928899220561391,0.2508653233898581,0.3063017973498354,0.37816815960445815,0.5913827824504556,1.432780320048,-0.3165091092034622,0.02975685990130283,0.09105962209376957,27.90812169646835,18.4,-6.400000000000002,28357.8072703098,0.06667200132917728
2023-04-16,0.06667200132917728,0.07277721113588242,0.2884926576671809,0.45345312919605796,0.37621091900060555,1.523487449103,-0.2693859608366316,0.03817881969834259,0.05572849078344497,-2.3991872435596133,17.07,-8.440000000000001,30312.9308533022,-0.09358885681750095
2023-04-23,-0.09358885681750095,-0.01598141964595534,0.1493510698340792,0.3442221954651252,0.4200635565035213,1.385375480736,-0.31796073450930495,0.05273150817695117,0.016947154930892952,9.437584068468146,16.77,-4.969999999999999,27604.6855742256,0.061718751932826166
2023-04-30,0.061718751932826166,0.04173079566506388,0.24607156735218538,0.3536026866615156,0.4027118100413669,1.470402257877,-0.2593159707383912,-0.1387754434461844,-0.017686794543980547,21.44379958107877,15.78,-2.92,29362.0867974868,-0.02065830014971226
2023-05-07,-0.02065830014971226,0.014143596294790228,0.27841492930282463,0.3170599422721434,0.4529369910498129,1.429877064919,-0.09643528629980824,-0.17540090280234022,0.00017418993161275192,13.232093215990874,17.19,-1.2099999999999973,28761.738434249,-0.06624105118930679
2023-05-14,-0.06624105118930679,-0.11876945622369384,0.099575547379672,0.500383041633043,0.43292074566684546,1.338338944895,-0.15434905335739157,-0.24243684113695815,0.06818040529814742,10.73927265276617,17.03,-0.03999999999999915,26918.261597896,-0.005257964247766367
2023-05-21,-0.005257964247766367,-0.03043856365395925,0.12875680585710647,0.49964824427140897,0.3455425543505863,1.329584607553,-0.15878378674916438,-0.18471383381631437,0.00982625941354475,0.033298277644503355,16.81,0.03999999999999915,26777.0977831677,0.04813439444763823
2023-05-28,0.04813439444763823,-0.044022921139147186,0.2257360948300633,0.536202999556048,0.3677605151763698,1.391560954233,-0.11730201253682548,-0.007310081934962045,0.10683361441005595,1.6079336418868695,17.95,2.17,28097.5211259497,-0.03400032040873313
2023-06-04,-0.03400032040873313,-0.05736494139816806,0.2076439782864803,0.4613334959753388,0.31541558546126863,1.343716524322,-0.13325670164954084,0.1143834674801986,0.06908516209368168,13.069306367595496,14.6,-2.5900000000000016,27158.25456955,-0.04717446672203174
2023-06-11,-0.04717446672203174,-0.03829835693089301,-0.08429060201870442,0.4157579460500145,0.41378636365121363,1.282204028842,-0.14945160271765012,0.19308686461644803,0.0604054421748419,-8.52441091126522,13.83,-3.200000000000001,25906.8281516657,0.017112080970283827
2023-06-18,0.017112080970283827,-0.015928311712842813,-0.062348295012757404,0.45166244635579567,0.4341728119315353,1.304485514887,-0.13477170610068834,0.11388193082221278,0.046968110491166074,-5.410721029537112,13.54,-3.2699999999999996,26353.962682934,0.1450399344343989
2023-06-25,0.1450399344343989,0.08097722827391785,0.07868510279983454,0.5938022797357618,0.49208343645475283,1.501725462895,-0.005578413097374946,0.08294042050960762,-0.03272151742074341,-12.206014767788854,13.44,-4.51,30467.4403705435,0.004152402403370559
2023-07-02,0.004152402403370559,0.11912995108602153,0.0759086059826437,0.611001624711685,0.48471327769435035,1.500295120753,-0.002375831998351341,0.0459890918266422,-0.013714463573861788,-25.816724177199113,13.59,-1.0099999999999998,30594.2164736996,-0.014187650577939692
2023-07-09,-0.014187650577939692,0.15211676723011358,-0.004951045924473263,0.5699313472247294,0.38162689801011607,1.478660537861,-0.031222912402887326,0.024413234341052067,0.017173317358713577,-6.603625355898217,14.83,1.0,30163.2210563998,0.002865342796788184
2023-07-16,0.002865342796788184,0.13787002905661794,0.09150315368981587,0.3708880955513276,0.39120257831964633,1.480253300626,-0.037695959165560344,0.022575758542083116,-0.015133560182176481,-2.546888901549006,13.34,-0.1999999999999993,30249.7729658095,-0.006074674439991767
2023-07-23,-0.006074674439991767,-0.013244579817772717,0.02370972731699794,0.28033228009950406,0.25089615541122673,1.470319604139,-0.04352392351110457,-0.02955882612921524,0.036642626708628105,2.444368060660426,13.6,0.16000000000000014,30066.5724482759,-0.027095664647017514
2023-07-30,-0.027095664647017514,-0.04449264686816079,0.017272362819692688,0.2076838844368858,0.25608368535660364,1.437384415792,-0.06909231791509585,-0.010374977033460795,0.03877681764917391,13.316450400786866,13.33,-0.2599999999999998,29262.8367337814,-0.007367214402393074
2023-08-06,-0.007367214402393074,-0.03767221069261417,0.0761461996066064,0.23531841561977274,0.23743057798238973,1.427044043698,-0.0759253134208756,-0.0006905249723433397,-0.03436460318221978,9.932515932529677,17.1,2.2700000000000014,29048.0433275862,0.008162476375977334
2023-08-13,0.008162476375977334,-0.03237507711342502,0.0895666402303501,0.2964825540961016,0.16759345193044284,1.437480909277,-0.06835170798419132,0.008258753135822259,0.018794621864945616,3.7927863179805574,14.84,1.5,29286.1176110462,-0.11225260375614532
2023-08-20,-0.11225260375614532,-0.13855300642957857,-0.07082035797343345,0.07163161960611042,0.32230710369855403,1.287026193244,-0.16727557040175256,0.05986666689156699,0.10208398228572618,-3.7438892094199065,17.3,3.700000000000001,26176.4721642315,-0.0034483776758982287
2023-08-27,-0.0034483776758982287,-0.11490571945845929,-0.04026841524059854,0.10262246465541303,0.3174522144320832,1.284719699038,-0.17014217332954584,-0.03509790506857893,0.001908616414663683,-13.958707043601192,15.68,2.3499999999999996,26086.3612594974,-0.00475759922194996
2023-09-03,-0.00475759922194996,-0.11229610427801617,0.0021484522594832356,0.14670975995878166,0.42570810275042154,1.280178738226,-0.17408092734413438,-0.034125604639408356,0.04429033509608122,-8.889167119633607,13.09,-4.010000000000002,25962.5475689655,-0.005061707430868978
2023-09-10,-0.005061707430868978,-0.12552028808486249,-0.02002533614166957,0.1575562563930628,0.4231194339838839,1.274805713565,-0.1782509254929362,0.06541984412785298,0.013154740389097013,-9.497285210351894,13.84,-1.0,25831.4647802455,0.025643192865992148
2023-09-17,0.025643192865992148,0.012375508537274982,-0.1394220777100763,-0.06156066432409801,0.35215128246688826,1.30778359727,-0.15690615103727745,0.10525881767292801,0.03211451440403,-6.775179254801512,13.79,-3.5100000000000016,26502.4321189363,-0.008175641630367991
2023-09-24,-0.008175641630367991,0.007648244582805219,-0.15175012174381486,-0.06490607991880282,0.35986815595523497,1.296058458113,-0.16377088417101138,0.14070278909501455,0.06380152495380258,-1.7763696512406957,17.2,1.5199999999999996,26286.6410488019,0.06136153505954667
2023-10-01,0.06136153505954667,0.07376737886430185,-0.0762009361063285,-0.007551081481063093,0.26508219761940904,1.377331393995,-0.11085158054910227,0.08489027808717016,0.02955796874274709,-2.2349095476611507,17.52,4.43,27950.1453594389,-0.0004945470212724956
2023-10-08,-0.0004945470212724956,0.07833453927389833,-0.07956082592438918,-0.01497452772289698,0.2749328284115141,1.375035048808,-0.11129119753681549,-0.07504527692882618,0.13312350866685219,-1.0623387253481744,17.45,3.6099999999999994,27936.3261157218,-0.02927642148588383
2023-10-15,-0.02927642148588383,0.02341492492202235,-0.10276257297028124,-0.11092295053795809,0.2502484017103565,1.334644980263,-0.1369322406193697,-0.22182081158187814,0.05053715622363356,8.311592279597381,19.32,5.530000000000001,27130.3067092344,0.10001778775637682
2023-10-22,0.10001778775637682,0.13160835430876716,0.024350879433113093,0.08268369403591969,0.3073544805133614,1.471860430263,-0.04614564522583564,-0.14850964487555818,0.08849498714998419,1.126341202601516,21.71,4.510000000000002,29984.1593196961,0.14244250297263328
2023-10-29,0.14244250297263328,0.21268932222185377,0.17416059680813945,0.1634074450757268,0.4407756148243362,1.679987904494,0.0,0.003036330106406473,0.0838894936944375,3.8429740380468957,21.27,3.75,34574.3377206312,0.015233045131852307
2023-11-05,0.015233045131852307,0.22841691437497857,0.18123116556401442,0.19929879035729137,0.4372072143038167,1.69531363252,-0.009227184924357035,0.1430923036964975,0.0852056394000576,3.5110696209436467,14.91,-2.539999999999999,35105.0420265926,0.05401375686640364
2023-11-12,0.05401375686640364,0.31170709272726604,0.3474975261865634,0.3195535984130018,0.4198243062366121,1.776498366314,-0.008407128338203562,0.1526915636812117,0.024811376497267022,11.483283647451678,14.17,-5.15,37053.3410514319,0.01045400137339314
2023-11-19,0.01045400137339314,0.22214330634428237,0.36139990523585475,0.3352655640341613,0.49645964924792546,1.78814575059,-0.010513191293808566,0.03786369046122089,0.06052232865715785,23.409853432529665,13.8,-7.91,37442.7285119813,0.001067114747716147
2023-11-26,0.001067114747716147,0.08076791811936523,0.36722461920552085,0.2881982843342392,0.4125387606139947,1.781247130023,-0.009456731746037672,-0.012385549893374127,0.11436972370586586,-2.5688658629531025,12.46,-8.809999999999999,37482.7055260082,0.06445523049278101
2023-12-03,0.06445523049278101,0.12999010348029394,0.43674155712917084,0.38665383523575336,0.41635919636588736,1.88957149278,0.0,-0.10500224312208166,0.02413009378007886,-8.72786922781645,12.63,-2.2799999999999994,39978.2226104617,0.08976151136489996
2023-12-10,0.08976151136489996,0.16573785797879026,0.5008598756280787,0.5235898133226851,0.47396038963603215,2.039126541822,-0.010685206675101533,-0.11689894278493654,0.03011551463717117,-2.2553222979847476,12.35,-1.8200000000000003,43732.7120900059,-0.05412333097819122
2023-12-17,-0.05412333097819122,0.1011605256272059,0.4549121862802554,0.45235440137421,0.4596345700722489,1.918432937883,-0.06280699342494789,-0.1652741094793646,0.07625519658766318,-0.19310209526245342,12.28,-1.5200000000000014,41428.6657855056,0.03949911660725647
2023-12-24,0.03949911660725647,0.13959252748674622,0.4330497678279652,0.3468135835470676,0.43908450631487317,1.978993772604,-0.025047880904554565,-0.15654200058357956,0.08670675205094627,13.11540881213903,13.03,0.5699999999999985,43097.8093258329,-0.020645423280967634
2023-12-31,-0.020645423280967634,0.054491873712997574,0.4128988915682701,0.3220157578627294,0.45383831186231743,1.923147103068,-0.04496982399649507,-0.19591002459799037,0.029693825231499927,14.825190568164615,12.45,-0.1800000000000015,42217.1587913501,0.03781560376205029
2024-01-07,0.03781560376205029,0.0025459661101479014,0.4799909168162042,0.3740190122027194,0.4608587044325522,1.968589392178,-0.024408905595371233,-0.06262395836867618,0.09745994625249411,-4.533164529214256,13.35,1.0,43844.195949737,-0.0456393466949212
2024-01-14,-0.0456393466949212,0.01102995039341792,0.3343337823649062,0.32551432271101,0.5492733047073849,1.868072683047,-0.10840845950238553,0.06462905595516863,0.059128321523349736,11.738704896499947,12.7,0.41999999999999993,41888.1513068381,-0.008415700641029034
2024-01-21,-0.008415700641029034,-0.03688486685486758,0.18347557875124387,0.32317329650997273,0.544293607299147,1.836787376079,-0.11588034233769329,-0.07944065850065925,-0.14183638241040028,23.579883816459446,13.3,0.27000000000000135,41537.1123562244,0.010677956103407382
2024-01-28,0.010677956103407382,-0.005561487470492565,0.17892048972279895,0.3609469172603976,0.5791688762495888,1.847823938144,-0.10638916845477786,0.16761195887694066,0.11728804474519083,36.33812389272792,13.26,0.8100000000000005,41983.0202744009,0.01403229885452717
2024-02-04,0.01403229885452717,-0.029344792378015683,0.13893903171092248,0.38234643051731787,0.5214457520311553,1.862423695961,-0.09376136284203351,0.040317499554213466,0.06338236699974024,27.83940962059073,13.85,0.5,42576.2913050847,0.12407803328996536
2024-02-11,0.12407803328996536,0.14037258760687088,0.2525630636274947,0.4982619874313059,0.37288990466143346,2.091679256465,0.0,0.028826677172556214,0.07166577961253792,5.399253118350941,12.93,0.23000000000000043,48200.7986057861,0.0787114778604785
2024-02-18,0.0787114778604785,0.2274997661083784,0.33020742674025705,0.6892260690479297,0.38212203439295916,2.229209056718,-0.00017730708825214325,0.05518414510327502,0.17764813089952455,-3.28294056631011,14.24,0.9399999999999995,52148.0645365283,-0.007730676819289073
2024-02-25,-0.007730676819289073,0.20909113318568195,0.25802151942818696,0.6849437699045389,0.30756966153066917,2.188723304731,-0.01073590336899044,-0.08098315834312612,0.03947713254331846,-13.204988904191362,13.75,0.4900000000000002,51746.4789669784,0.19664248997440303
2024-03-03,0.19664248997440303,0.3917013243055578,0.36490249803769004,0.8863438591008919,0.4625648373661958,2.564912446775,0.0,0.06083414937109941,0.0158668250917016,-0.7725822456209056,13.11,-0.7400000000000002,62991.4422913501,0.08939966401874244
2024-03-10,0.08939966401874244,0.3570229550343349,0.5084254930346237,0.9808052305505033,0.5838648732477046,2.673324643842,0.0,0.08423278389187071,0.04693835787664827,8.90999951998999,14.74,1.8100000000000005,68882.2513395675,-0.008707115570116386
2024-03-17,-0.008707115570116386,0.26960436160374,0.46021926085725084,0.9464549221143947,0.6700438646115348,2.541969044316,-0.06563195547853717,0.15647559776846579,0.055718207961891995,7.602822959120014,14.41,0.16999999999999993,68285.0891691993,-0.01468624399436358
2024-03-24,-0.01468624399436358,0.2626487944286655,0.4661784401438549,0.9399443197503992,0.8491247895038831,2.459089042138,-0.07925403909912254,0.05243014488719497,0.04741177777867331,8.004097286205054,13.06,-0.6899999999999995,67289.5658310929,0.05687311803948525
2024-03-31,0.05687311803948525,0.12287942249374773,0.48523595442128986,0.9354559027303377,0.7734531413587655,2.54947270434,-0.02537060932758939,-0.10756604426662239,0.044744639246295764,-6.458078442219748,13.01,-0.09999999999999964,71227.4517939801,-0.026096873179866975
2024-04-07,-0.026096873179866975,0.007382885295138308,0.5047784279363441,0.9098535765717433,0.7272873371559688,2.449775072637,-0.05047637313247433,-0.026834899935035756,0.02297723560114335,-20.93519109115019,16.03,1.290000000000001,69392.6830108124,-0.055461956282435665
2024-04-14,-0.055461956282435665,-0.03937195541718097,0.45773217229493746,0.8836680417751914,0.6995117546374279,2.303797513539,-0.10170505839516775,-0.16750042348529004,0.0544603053666827,-14.29624347260028,17.31,2.8999999999999986,65648.8099602572,-0.01042166773403963
2024-04-21,-0.01042166773403963,-0.03510737915685702,0.43663254845749044,0.773228586284775,0.5187511642548552,2.270178573833,-0.11101817640080547,-0.18136520973129608,0.007089257867702161,-6.319447803171604,18.71,5.65,64968.192619813,-0.03110318479500407
2024-04-28,-0.03110318479500407,-0.12308368199134634,0.3914970648079592,0.5996828985171376,0.5046392424570485,2.182739504636,-0.13824276194371798,-0.11983396603733135,0.08660649863504807,9.26005170722275,15.03,2.0199999999999996,62978.5770049678,0.017144092336302208
2024-05-05,0.017144092336302208,-0.07984271647517716,0.28456312385429605,0.6015939457215875,0.5487653042729456,2.216655067084,-0.12334134563790666,-0.24583311523714352,-0.0344990165268585,23.868138424401774,13.49,-2.540000000000001,64067.5959918177,-0.042019648147093136
2024-05-12,-0.042019648147093136,-0.06640040833983463,0.16383199784672442,0.5055605407080908,0.502977910332016,2.119745795365,-0.15941502455434675,-0.26702456738040486,-0.0883621042446321,20.83564655838445,12.55,-4.759999999999998,61431.2746879018,0.07565933926612622
2024-05-19,0.07565933926612622,0.019680598660331228,0.24722201393213972,0.5707658786008238,0.54500524947232,2.267741433359,-0.09334918404182113,-0.090400532089329,-0.04419305587278525,6.899767944773116,11.99,-6.720000000000001,66259.4704260666,0.0324522001588452
2024-05-26,0.0324522001588452,0.0832359836141805,0.08303172411658188,0.6021509640119529,0.590675085931511,2.321857258415,-0.06344374617867776,-0.11839039632165581,0.02633000402579502,11.768424513988919,11.93,-3.0999999999999996,68445.0069532437,-0.00938750478836603
2024-06-02,-0.00938750478836603,0.05670438648951226,-0.015755444690526588,0.5283082287308059,0.48874622411025476,2.252890611825,-0.0721945342000887,-0.19069436958055874,-0.055777580562052724,3.0626370254340807,12.92,-0.5700000000000003,67805.4855742256,0.026753725756449853
2024-06-09,0.026753725756449853,0.12547776039305525,0.01970539663603965,0.46530044312235574,0.45890948183885866,2.291783692164,-0.04703725628947375,-0.005697490582905398,0.04717791830689447,6.1212329014356275,12.22,-0.33000000000000007,69644.0190894214,-0.04435296727690741
2024-06-16,-0.04435296727690741,0.005465453850021618,-0.009961326646504176,0.47507080682363956,0.37505043461679194,2.181700780897,-0.08838035977798264,-0.048806717721188955,-0.01842960000426066,11.100012705435745,12.66,0.6699999999999999,66622.5999336645,-0.05044753592503959
2024-06-23,-0.05044753592503959,-0.07743428223386317,-0.11728198061102901,0.3851241542913435,0.24953706692007885,2.064629768046,-0.1332285724357789,-0.015483840222663494,-0.13523812465544754,0.43782952502345857,13.2,1.2699999999999996,63345.0218760959,-0.009226138316114074
2024-06-30,-0.009226138316114074,-0.07727291576161122,-0.10041124574727611,0.39654343925619706,0.3418867609665645,2.04224535277,-0.14118874820841254,0.14826738973169926,-0.014767042926583327,13.774012333854033,12.44,-0.4800000000000004,62763.2796861485,-0.11201028688504344
2024-07-07,-0.11201028688504344,-0.2160369284031045,-0.1569595763498839,0.24671754860910333,0.3928592103783832,1.82212870475,-0.2321926304458083,0.13354165035612847,-0.03785999501406293,16.275902794988934,12.48,0.2599999999999998,56112.5725587376,0.08376039465977314
2024-07-14,0.08376039465977314,-0.08792356646642396,-0.06277751395607112,0.3761172899637977,0.4232133649418468,1.978252221421,-0.16511058792285782,0.05830514477014392,0.02877315820589977,27.02406006215138,12.46,-0.1999999999999993,61015.0339412624,0.10921971570192746
2024-07-21,0.10921971570192746,0.07174368516054308,0.0775453865408604,0.49375270630675416,0.4970291372580291,2.186185421436,-0.06875817497781289,0.09372420924102512,0.06555950276300318,47.54124459698934,16.52,3.3200000000000003,68056.6201215663,0.001674393385096451
2024-07-28,0.001674393385096451,0.0826442168617536,0.06207568758965465,0.48474914358844323,0.45214283311000103,2.173689504641,-0.06719760368554828,-0.02276532921557636,0.14929222382137086,36.278793301820485,16.39,3.950000000000001,68170.6691309176,-0.1563048608998976
2024-08-04,-0.1563048608998976,0.03834964284689946,-0.052209525163149806,0.31441198383401847,0.4640281771299745,1.85658107668,-0.20217559957646902,-0.009045169168972338,0.07624186498219498,26.159569595906657,23.39,10.91,58306.2644786675,0.009046146360368823
2024-08-11,0.009046146360368823,-0.03636460545250486,-0.11882271806890721,0.19938009690442193,0.6869799180564252,1.872742222889,-0.19492562053502316,-0.00018026038926451592,0.03966569196830796,19.92698548468725,20.37,7.91,58836.1043722969,-0.000729379917107309
2024-08-18,-0.000729379917107309,-0.14631370107153963,-0.15200429814485972,0.11993923912683613,0.6450840967661631,1.871999609436,-0.19551261152343968,-0.07452074963130541,0.04837423880091237,3.114641136817395,14.8,-1.7199999999999989,58793.2061458212,0.09260819344799565
2024-08-25,0.09260819344799565,-0.05537990100864043,-0.05000859990849804,0.22027810939412085,0.6840645238614673,2.046583028581,-0.11745173058553238,-0.03053604628975001,-0.013598554732200598,2.557599871843984,15.86,-0.5300000000000011,64498.0183413209,-0.11747768582113416
2024-09-01,-0.11747768582113416,-0.016552725929877,-0.19424001148608205,-0.09384206640141635,0.6687869660471846,1.820019010688,-0.2152730697501608,-0.02835898417721413,-2.7849599615141776e-05,7.592093688814194,15.0,-8.39,57349.0807180012,-0.04438584659587619
2024-09-08,-0.04438584659587619,-0.06998471888612201,-0.19427289080505084,-0.22762757701603498,0.4725507861090844,1.743469313486,-0.2493421532218434,-0.02760207732561839,0.10830167381937779,7.9573031386598325,22.38,2.009999999999998,54859.2584082408,0.074966085192127
2024-09-15,0.074966085192127,0.005710746223112295,-0.06885926968788425,-0.1439543762537916,0.49611427085529614,1.873189573393,-0.19090524497912986,0.0686347955409284,-0.0340523229577159,-6.4853503181467405,16.56,1.759999999999998,59129.9197536528,0.07243531679169735
2024-09-22,0.07243531679169735,-0.014462130433186005,0.01280218541992717,-0.05683281546773067,0.45998809602852925,2.00309504051,-0.13012340818485468,0.07609757338518869,-0.021941061572821295,-1.5090484402439466,16.15,0.28999999999999915,63571.9521729983,0.03167403780074629
2024-09-29,0.03167403780074629,0.13468959318869445,0.1564865101057169,-0.08203189570646963,0.40618159867678627,2.054377793402,-0.10212991090973211,0.019684497331658245,0.003986790796364526,-1.5207372413675426,16.96,1.9600000000000009,65617.7610689655,-0.044052470133310706
2024-10-06,-0.044052470133310706,0.13502296965125993,0.028673645312633056,-0.09998749265991336,0.3833553390409231,1.964736190677,-0.1408247471711681,0.05443576063961719,-0.023976400198239104,-2.497086599599786,19.21,-3.169999999999998,62789.8814555815,-0.0004850738275106181
2024-10-13,-0.0004850738275106181,0.05957181063162231,-0.08103114421680502,-0.04501061020498831,0.3633621505756861,1.939547429605,-0.14124140953538622,-0.04255349224811688,0.060889555665221376,8.124254602613906,20.46,3.900000000000002,62759.431113384,0.09497665724047444
2024-10-20,0.09497665724047444,0.0821131510803994,0.01227111963857297,0.06038771476952576,0.3766673129275597,2.110307256847,-0.055680554858974496,-0.008128595407857543,0.115827577407284,-0.85266021475945,18.03,1.8800000000000026,69012.3532089421,-0.01477564628230077
2024-10-27,-0.01477564628230077,0.035663466997352344,0.1538003342561698,0.07671525328222906,0.3889458736761357,2.0672450714484363,-0.06953090900810754,-0.013275268110465343,0.12904723174311825,-5.458521912428544,20.33,3.3699999999999974,68000.1475008767,0.01086146938308552
2024-11-03,0.01086146938308552,0.09057740651374857,0.1556156572788865,0.07043263032901237,0.3836077232334801,2.072996077959187,-0.05936956378998315,0.05035595188903108,0.07808404475333787,-7.023996660263885,21.88,2.669999999999998,68742.7546227352,0.15675833038745068
2024-11-10,0.15675833038745068,0.24782081072870987,0.3131033675834445,0.2692106088635562,0.47935648233547545,2.386299165227104,0.0,0.14234548035534184,0.10783190070588324,-8.446306037492329,14.94,-5.520000000000001,80409.2865666277,0.10970859076924455
2024-11-17,0.10970859076924455,0.26255274425748,0.3302037649046934,0.3032598603666745,0.6098755319521034,2.570045957525609,-0.015428221844012269,0.19372791877178722,0.03084834455568539,-4.865499558961985,16.14,-1.8900000000000006,89732.9704292811,0.08792723712444328
2024-11-24,0.08792723712444328,0.36525562766422404,0.5356086878502708,0.3587348973322726,0.5933105365831778,2.684190145202477,-0.009684225251486378,0.15839360604524094,0.0471362599895944,-6.230204822970726,15.24,-5.089999999999998,97980.2082819988,-0.005224921769096724
2024-12-01,-0.005224921769096724,0.3491692365120418,0.5747696126770503,0.3628974803515419,0.6162996033789628,2.627590012401485,-0.014845053498525607,0.060054689371869974,0.017433370666201285,-24.77770343151475,13.51,-8.37,97469.6044529515,0.033587691699407785
2024-12-08,0.033587691699407785,0.2259985978239989,0.5333912191843311,0.36973144629449983,0.5577592338093841,2.635830347444721,0.0,0.11210969718944519,0.011204063949359395,-30.946345616318,12.77,-2.17,100798.98356429,0.036550230324044364
2024-12-15,0.036550230324044364,0.1528402373787987,0.4975061327166781,0.4506346438954516,0.44141598729282017,2.671579602981782,0.0,0.014711982198025766,0.09230074646813968,-39.42584499532606,13.81,-2.33,104551.367141146,-0.0942333060524767
2024-12-22,-0.0942333060524767,-0.029320305798121282,0.3715987888634551,0.4068488737680145,0.4722144446207227,2.3683246829858304,-0.1033474122541368,0.011605431124607825,0.047110969175795256,-33.58729933467582,18.36,3.119999999999999,95149.1058252484,-0.01793757063676793
2024-12-29,-0.01793757063676793,-0.04203295466579249,0.3977136883599979,0.39813744144736063,0.45116802683429147,2.2939806186069815,-0.11928778816642638,-0.0637230776002166,0.04559704975015549,-13.076818732458603,15.95,2.4399999999999995,93457.5783202806,0.051683696631474874
2025-01-05,0.051683696631474874,-0.0239369497337254,0.44988245881898337,0.561831424963879,0.4286206857791039,2.3909658600988406,-0.07257251475530857,-0.17836430756958624,0.0872366085284334,-29.460303508835743,16.13,3.3599999999999994,98414.8120964348,-0.04214003781114428
2025-01-12,-0.04214003781114428,-0.10262721786891404,0.31276576376736465,0.4359309924929615,0.44702316171237627,2.278657758123868,-0.11084233513853958,-0.16460668499362455,-0.02307524713627179,-23.726383273056204,19.54,5.729999999999999,94353.7752586207,0.06761935192006341
2025-01-19,0.06761935192006341,0.05922544010362607,0.3951607619697288,0.3943306287110975,0.4570123870868038,2.410672870086662,-0.04863868455387166,-0.07995376847327201,-0.02715314825314738,-22.13506766527743,15.97,-2.389999999999999,100954.572281999,0.018439267899832856
2025-01-26,0.018439267899832856,0.09560227864022686,0.40273856048647616,0.4110955032258339,0.43215049147392887,2.418361700134125,-0.03093354513687896,0.029611206162788173,-0.018783414420377075,-26.817802576566983,14.85,-1.0999999999999996,102833.369273232,-0.05402930186042809
2025-02-02,-0.05402930186042809,-0.010110719851676109,0.19195092823859738,0.5133710622653034,0.4649402290472316,2.2785882985362735,-0.08190222969567207,0.02112459066422817,0.024586115173609473,-1.699444212555467,16.43,0.3000000000000007,97424.7809000584,-0.011511008881797125
2025-02-09,-0.011511008881797125,0.02051830907767105,0.07073132858755571,0.49281390702313743,0.423561908169613,2.232532160927027,-0.09240986849771338,0.0033730921163280313,0.041234416831470916,-14.405779173800019,16.54,-3.0,96309.7532405026,-0.0013245960936192347
2025-02-16,-0.0013245960936192347,-0.048425638936011595,-0.018520504630506807,0.4922186908466255,0.3613286228733536,2.221961475316798,-0.09361126298362787,-0.08465593643009073,0.07116521333725746,-13.156150097092093,14.77,-1.200000000000001,96182.2661706604,-0.0009427509430679493
2025-02-23,-0.0009427509430679493,-0.0678076577789124,-0.014238333804478032,0.3986677464555619,0.3398282950514447,2.213616967746432,-0.09446535915699117,-0.14514000444621306,-0.01604127933098194,-12.318235606327233,18.21,3.360000000000001,96091.6329774985,-0.018524075996785072
2025-03-02,-0.018524075996785072,-0.03230243191526938,-0.06635010150067089,0.497621356279911,0.5362861835358032,2.1723352788786894,-0.11108514334705644,0.0644525716629397,-0.04864040585828383,-3.044974865582808,19.63,3.1999999999999993,94328.0094444769,-0.15668668906604388
2025-03-09,-0.15668668906604388,-0.17747811209951614,-0.25958702089075913,0.3853205138097433,0.6616285973386629,1.8553174468191107,-0.2400027859366366,0.01724528273625672,0.007758877255295188,14.916030451502477,23.37,6.830000000000002,80647.7964108709,0.022611084138938864
2025-03-16,0.022611084138938864,-0.15354243186695804,-0.14274263069934356,0.33296551275655517,0.7058487347986043,1.894746119450727,-0.22262267387095547,0.038565084650456244,-0.011949450996679151,18.043630297374733,21.77,7.0,82492.1028287551,0.03886040990745521
2025-03-23,0.03886040990745521,-0.11373927101643488,-0.08594465015512043,0.29939060587231303,0.7399693636222751,1.966380986053732,-0.1918188235915751,0.07926542005582944,0.08349819637649832,17.216629904384764,19.28,1.0700000000000003,85760.8814506137,-0.04220736884696308
2025-03-30,-0.04220736884696308,-0.1374225638666129,-0.17983571563355838,0.22550919922460366,0.6011776873414504,1.8812161854306808,-0.22522017457312038,-0.09048270976181301,0.05288557294497058,-0.8312287798652225,21.65,2.0199999999999996,82216.4666765049,-0.05329970458305233
2025-04-06,-0.05329970458305233,-0.03403557938362134,-0.19099538240546643,0.21626196477486204,0.5002020305293935,1.780124063587888,-0.26543448513565515,0.004140270749464006,0.09474508826061948,-4.402020467580558,45.31,21.94,77949.0884926943,0.06961619075052461
2025-04-13,0.06961619075052461,0.012969527227964406,-0.18899854357500523,0.28636322935289726,0.5934201929715925,1.9039218772421993,-0.21247479311178308,-0.0371560693471297,0.09373800370344083,-6.634966281070438,37.56,15.790000000000003,83568.9544360023,0.01817546152512506
2025-04-20,0.01817546152512506,-0.0077154211543657425,-0.18926234994971303,0.20956203363754788,0.5468630352272494,1.9426378432392224,-0.19803028888838647,-0.06128290237812926,0.04733392690224333,-10.467146952407917,29.65,10.369999999999997,85101.7461545879,0.0974545688566213
2025-04-27,0.0974545688566213,0.13194651654921863,-0.03777847923266364,0.32179224877646995,0.5809516181174915,2.1163030783471615,-0.1159395794714021,-0.02952793648316061,-0.007783134266038421,-14.392273490835207,24.84,3.1900000000000013,93812.876534775,0.006003646113860839
2025-05-04,0.006003646113860839,0.1912498672461318,-0.02026382423700568,0.31693442550724527,0.5039245006181337,2.1136160468529854,-0.11061602919737623,0.0016925050397113908,-0.014006810749077106,-20.815743157048605,22.68,-22.630000000000003,94377.7899196376,0.09685565937950713
2025-05-11,0.09685565937950713,0.21848933587511432,0.07791643123612069,0.2570317544993017,0.36131096319771955,2.30314847924649,-0.020164485912510854,0.06909202331478322,0.003943554716926428,-33.13829130912525,21.9,-15.660000000000004,103976.137798948,0.01942567202706691
2025-05-18,0.01942567202706691,0.21973954637705617,0.09828485420625555,0.16674883575712407,0.3708070908793595,2.324070467635384,-0.0009444458754808149,0.09614311545065407,-0.0043610274527163834,-35.000718929307816,17.24,-12.41,106015.689848919,0.02697952752332533
2025-05-25,0.02697952752332533,0.1492645050437602,0.14378845772636595,0.10580112615600612,0.33474173177860994,2.357588378582445,-0.022983556155267704,0.03347659752980412,0.07008897907872333,-26.80296284690353,22.29,-2.5500000000000007,108914.876558445,-0.02948729980277598
2025-06-01,-0.02948729980277598,0.11377355912712339,0.27098784698963385,0.08153874812232687,0.33737343859116964,2.266824485425617,-0.05137251902835782,-0.021881537180644253,0.05287684952422121,-23.69685046827418,18.57,-4.109999999999999,105750.15972443,-0.00021203248380174955
2025-06-08,-0.00021203248380174955,0.01670586726381451,0.24816473036689324,0.04773902393911733,0.296241809791043,2.2465926766265145,-0.0515736375467688,-0.03879987595932469,-0.02976307646791062,-26.62786382420625,16.77,-5.129999999999999,105727.739632379,-0.0020350475508603694
2025-06-15,-0.0020350475508603694,-0.004754852314112767,0.20726927290857766,0.009153746064212598,0.3289064151485477,2.227219971359887,-0.05350176770913517,-0.025807045030514005,0.08166624524741664,-23.645623981830227,20.82,3.580000000000002,105512.797437756,-0.04470991112522782
2025-06-22,-0.04470991112522782,-0.07644429096266592,0.20476673063031292,0.058677140991461485,0.2968033946019557,2.119915228385861,-0.09488754839745273,-0.052569657124942555,-0.06380506826804605,-17.366012984567252,20.62,-1.6699999999999982,100899.234151958,0.07134500132325705
2025-06-29,0.07134500132325705,0.024388010163367113,0.3294114365366223,0.14795971295148647,0.3286617303923741,2.2551487868683586,-0.027952964989217066,-0.0712213052468243,-0.09753052746145664,-23.303552340161236,16.32,-2.25,108360.901696376,0.007530608661562965
2025-07-06,0.007530608661562965,0.03213065130873183,0.26732585444766066,0.10380662498157456,0.32463587486403495,2.2363339967768048,-0.02060522742403481,-0.03257199595502892,0.008653532874802182,-16.51023122145039,17.48,0.7100000000000009,109180.005545587,0.08528264551171816
2025-07-13,0.08528264551171816,0.11944834437131036,0.33443303843425376,0.231229308304437,0.31511010004509543,2.4017092198498973,0.0,0.022429646211175974,-0.02969923568962825,-14.274944337185712,16.4,-4.420000000000002,118899.737107832,-0.013497407192781807
2025-07-20,-0.013497407192781807,0.15066084830375637,0.22348106238485066,0.15011254919159178,0.29317817659724704,2.3233701383205516,-0.02140144976880809,0.039922469981613785,0.08240108033358587,-7.510526554642949,16.41,-4.210000000000001,117305.680953828,0.018015597884437184
2025-07-27,0.018015597884437184,0.0973314448649365,0.235493014155427,0.1496888791761961,0.27081542010125903,2.338853962335245,-0.005245706789644755,0.013207259787563853,0.09790616123059004,14.999780793023199,14.93,-1.3900000000000006,119438.164235535,-0.044289901259922715
2025-08-03,-0.044289901259922715,0.04551093494345082,0.09434745351599716,0.1594282797767015,0.26558480983357213,2.2240971442941064,-0.04834186928400108,0.01289344379368697,0.028912936622256004,11.634316058788984,20.38,2.8999999999999986,114263.693947691,0.0422032489741504
2025-08-10,0.0422032489741504,0.0024315384058830602,0.11712503046308065,0.213142537632649,0.2312037612003912,2.307419605120224,-0.007319248976212722,0.053730813367420034,0.01221082728099637,15.331798229017666,15.15,-1.2499999999999982,119189.198160275,-0.013406495126247364
2025-08-17,-0.013406495126247364,0.0025224504724175034,0.07673900781350795,0.20106063860002088,0.2823644330818619,2.2553050008051305,-0.0473153013104729,-0.02967787449419559,0.05302900815177399,5.099542381080303,15.09,-1.3200000000000003,117601.952231888,-0.035360760871860464
2025-08-24,-0.035360760871860464,-0.050853908283880145,0.07086554674442347,0.16664262867122837,0.3354551160790916,2.167328504514984,-0.08041430534514193,-0.02030662691752554,0.02535188026075133,-3.096227988024863,14.22,-0.7099999999999991,113516.122474401,-0.04688786837142267
2025-08-31,-0.04688786837142267,-0.0534518753953801,0.02418971085680255,0.13827883629659077,0.3645649893145901,2.054653984489101,-0.12253649182941317,-0.05592340492404295,0.07070108234217418,4.988856626320441,15.36,-5.02,108316.44689481,0.02724219003127004
2025-09-07,0.02724219003127004,-0.06841293433826046,0.05346694843893296,0.3222077153939047,0.35240942625762284,2.1007955085878978,-0.09830388823895042,-0.10295424606021605,0.06683678529324004,-2.734446991884529,15.18,0.02999999999999936,111307.784421087,0.036069917762056036
2025-09-14,0.036069917762056036,-0.018936521449957056,0.13424677732621682,0.33566654901702186,0.31800726066138735,2.1673601179200923,-0.06518609617354243,-0.01322035364250912,0.06975852678553715,-5.905453070348117,14.76,-0.33000000000000007,115395.933423437,-0.0006507943900118107
2025-09-21,-0.0006507943900118107,0.015773445031891598,0.06225098161294795,0.29615534471955485,0.2446361247227717,2.151199242305393,-0.06579426989836834,0.04811267744678123,0.12092612356876106,-24.146232399720642,15.45,1.2299999999999986,115320.858829047,-0.02770267302763152
2025-09-28,-0.02770267302763152,0.03495864037568275,0.02701769992375347,0.3106600405388864,0.24148966858386703,2.0843982136269275,-0.09131908066474215,0.011380951173237983,0.07869920280446098,-36.40379050020543,15.29,-0.07000000000000028,112170.00778609,0.09641794646293178
2025-10-05,0.09641794646293178,0.10413439680734449,0.03815300087496709,0.4603776915848705,0.28003229161433396,2.266766621760195,0.0,0.0736627283006594,0.058802037971226045,-40.78328323852107,16.65,1.4699999999999989,123523.768313852,-0.07017263502128834
2025-10-12,-0.07017263502128834,-0.0021081559759998925,-0.018522226953539445,0.32058886581305757,0.4207237074857042,2.0951257451651712,-0.07748110516605955,0.0504396385970427,-0.004083987490865417,-42.43074240850485,21.66,6.9,115152.917045003,-0.05760786208839619
2025-10-19,-0.05760786208839619,-0.05906522367438427,-0.09414568692637282,0.24480554219953632,0.4426585266658852,1.965929731213064,-0.12912365669948067,-0.05678428296396666,0.05534294837889039,-39.20120427803689,20.78,5.330000000000002,108706.663763881,0.052420296242694064
2025-10-26,0.052420296242694064,0.021057745595941313,0.0025645105762439613,0.1997712695856091,0.4344938524546616,2.061141989497095,-0.08225434123440367,-0.03310096000927935,0.06800258350156153,-26.367425719192134,16.37,1.0800000000000018,114557.100460549,-0.03706137389810671
2025-11-02,-0.03706137389810671,-0.11242157476509718,-0.07670011229601315,0.15670624957364154,0.4099239147844076,1.97277646963442,-0.11564468832579677,-0.12112221931587545,0.07301310875943078,-18.872096519679065,17.44,0.7900000000000027,110389.168627119,-0.053050967337789245
2025-11-09,-0.053050967337789245,-0.09529990708159808,-0.11634458450755503,0.006799622856345167,0.3854857327751814,1.8641651761462623,-0.16133784394233297,-0.030782171198538523,0.0345156145060291,-13.07837284356192,19.08,-2.580000000000002,104685.54544097,-0.10572864650416847
2025-11-16,-0.10572864650416847,-0.14342069149737036,-0.18671247013986303,-0.11835469567489021,0.43169012069578605,1.6785525812642024,-0.24548187207765626,0.03334358276136834,-0.014871138105669243,6.15084392729741,19.83,-0.9500000000000028,94182.3130996493,-0.0807914003130179
2025-11-23,-0.0807914003130179,-0.2766323880530823,-0.22061600208145826,-0.22612562351123344,0.44039592453526855,1.5408129016405956,-0.30404298107394145,0.060951835675891346,-0.0795765255321271,2.927976479487934,23.43,7.059999999999999,86872.4546630625,0.04209821753058485
2025-11-30,0.04209821753058485,-0.19747279662439077,-0.20575997458214346,-0.15454010617787262,0.4651605606506772,1.605936798624271,-0.2741189767736314,-0.02191547237113119,-0.020632028798885566,5.92319518626473,16.35,-1.0899999999999999,90607.7021513735,-0.005975975829173308
2025-12-07,-0.005975975829173308,-0.15039780511577483,-0.2478058681733728,-0.16030404952324417,0.488706166182964,1.5985004613781386,-0.27844388856808067,-0.052034876861523076,-0.031217176052422017,-3.074364125870213,15.41,-3.669999999999998,90067.847399474,-0.022131774212592603
2025-12-14,-0.022131774212592603,-0.06680093282419897,-0.2692868479959536,-0.1804007761849764,0.45261631276300024,1.5625992937931457,-0.2942377873379072,-0.07421875180617717,-0.05463813182760882,-17.939839028443096,15.74,-4.089999999999998,88096.3826142607,0.004948759802658742
2025-12-21,0.004948759802658742,0.018939227291477678,-0.23663541516566333,-0.13074210525708985,0.4168493130376188,1.5740329131051052,-0.29073648325884816,-0.06686640850741157,0.00562280579343826,-8.25014482740698,14.91,-8.52,88533.4309830508,-0.008915160175433812
2025-12-28,-0.008915160175433812,-0.03207415041454098,-0.3419685218040289,-0.2110022667557807,0.39186082277194373,1.5623713813655935,-0.29703157853134765,-0.0777721418982392,-0.006535176318881374,-7.021420873502814,13.6,-2.7500000000000018,87747.6491548802,0.040340087510720934
2026-01-04,0.040340087510720934,0.014241912925353262,-0.23145579927201965,-0.17819278790662274,0.26128210845688465,1.6278233718322608,-0.26809402325784715,-0.021580012444314765,0.028582088055086944,-8.168269836886372,14.51,-0.9000000000000004,91359.7636823495,-0.007058114319072217
2026-01-11,-0.007058114319072217,0.029315572818873648,-0.18090605150269568,-0.2705335477374131,0.2505954139708142,1.61585640170226,-0.27324171145644083,-0.029787621691723,-0.05086599668320794,-4.096166169705805,14.49,-1.25,90717.2063153127,0.03832398035087792
2026-01-18,0.03832398035087792,0.06269079336709282,-0.19500236739451182,-0.2187121601937534,0.26322534713459417,1.6743922801666509,-0.24484885243001342,-0.016882817382365863,-0.0465324511640655,-21.57236878454338,15.86,0.9499999999999993,94261.3294313267,-0.0865548942967056
2026-01-25,-0.0865548942967056,-0.014948940754178963,-0.2444958877931107,-0.3232826523748962,0.3462957598614009,1.5441681672754624,-0.3074620552848779,0.007186670967588313,-0.12909583548782017,-11.576692605891058,16.09,2.49,86445.6705926359,-0.11686654076921599
2026-02-01,-0.11686654076921599,-0.17215556903411589,-0.30831146122453745,-0.39585929188418945,0.4538977802681658,1.3779375282101733,-0.38384627276214933,-0.008527470906185573,-0.18343523050678542,9.903661197672392,17.44,2.9300000000000015,76911.0523772648,-0.08671651696723437
2026-02-08,-0.08671651696723437,-0.25181397168227804,-0.28929933168760336,-0.5247790578255742,0.8044432567982756,1.278752679408799,-0.43502585296669016,0.13219131192293215,-0.032831632924683114,13.092569871731786,17.76,3.2700000000000014,70522.5892393337,-0.02720389950298241
2026-02-15,-0.02720389950298241,-0.31734185153613836,-0.23571183087756786,-0.5385764622023093,0.7981851451997334,1.2503520156434709,-0.45018818060120525,-0.03936002049964937,0.0343330170492524,21.407768866960264,20.6,4.740000000000002,68629.9599760374,-0.015860752899442332
2026-02-22,-0.015860752899442332,-0.2466477101388751,-0.29367080130759504,-0.5190764542298911,0.7860703237954606,1.234286313377275,-0.4588398179002877,-0.0440855946295681,0.0678143818229271,11.098303609792945,19.09,3.0,67550.0240768556,-0.02725940841819252
2026-03-01,-0.02725940841819252,-0.15704057778785163,-0.31495423389661426,-0.499447994276661,0.7839744032070425,1.2052481747995247,-0.47339227748416046,0.003061874631081286,0.1971969055355359,-3.7891796692893327,19.86,2.419999999999998,65733.5212597896,0.007112203065680944
2026-03-08,0.007112203065680944,-0.06321185775493632,-0.2857102566183407,-0.5195779812422501,0.5113763580487413,1.2160004257646573,-0.46963358598100224,-0.12271449605450184,0.02629151725865702,-28.322750530014183,29.49,11.729999999999997,66202.6978731736,0.09378722794504668
2026-03-15,0.09378722794504668,0.05777926969309277,-0.19687178847595277,-0.46186067105925943,0.49656845900431,1.3372863065162932,-0.41748476312301397,-0.023949798148077184,-0.08784038446133526,-38.96427364821969,27.19,6.59,72712.1461957919,-0.06673381091642483
2026-03-22,-0.06673381091642483,0.006906211676110274,-0.2546904392169438,-0.5279436875856724,0.5309972943458808,1.2516621596693465,-0.45508951584822765,0.05369707247614783,-0.05599212260162198,-44.55159469581489,26.78,7.690000000000001,68018.1534815897,-0.030623769018680136
2026-03-29,-0.030623769018680136,0.0035418510756226596,-0.32565429574634486,-0.5308647835767211,0.49977673871587186,1.2173465160210977,-0.4715238043822908,-0.09499245571951954,-0.04696470551325752,-36.927609749782455,31.05,11.190000000000001,65966.7523939217,0.04382175344040107
2026-04-05,0.04382175344040107,0.04025140145034278,-0.27477442798687157,-0.5834609765992518,0.39445920147918956,1.2731860065048008,-0.4478501281878833,-0.04794528454108261,-0.052010748960838175,-15.529454897827506,23.87,-5.619999999999997,68921.8060911748,0.025265999645363024
2026-04-12,0.025265999645363024,-0.028269826849340873,-0.28783240869238647,-0.4880223419326004,0.4241316692868188,1.3049673347970956,-0.43372177786110666,-0.013927106589662994,0.002988097803230605,-7.842323058342166,19.23,-7.960000000000001,70685.3697019287,0.044544629757156784
2026-04-19,0.044544629757156784,0.08300861382424074,-0.15673288463852408,-0.38586985008704744,0.4400574168936272,1.3634656752952106,-0.40792687706098407,-0.018275039017071816,0.05709591901768949,-14.926458882706353,17.48,-9.3,73905.2041016949,0.060809184629050606
2026-04-26,0.060809184629050606,0.17444156747197148,0.02094284075974251,-0.3774809617006909,0.38284118651586535,1.4512399107371685,-0.370806191813967,0.01659766499390403,-0.10312574228496475,-28.475572669369175,18.71,-12.34,78538.7733573933,0.001404687222134271
2026-05-03,0.001404687222134271,0.13202450125370468,0.10906404494911115,-0.3390149005804499,0.38327719997347565,1.4532128991393036,-0.369921750274925,0.05259654205480493,-0.007314714171899668,-24.11429981532127,16.99,-6.880000000000003,78649.1732893045,0.04484871350519626
2026-05-10,0.04484871350519626,0.15160721511353792,0.18111665795728982,-0.24111521973746441,0.3270158480492835,1.5165762999799848,-0.34102029913575393,0.15148578282499228,0.04070684497709457,-29.912039892255475,17.19,-2.039999999999999,82256.781137931,-0.05959761044121237
2026-05-17,-0.05959761044121237,0.04746497491516877,0.13737980041551978,-0.19498418367450832,0.28210487699657866,1.4288785719516937,-0.3791465146707991,-0.0018675089438234594,-0.04486750150647312,-17.786534465534018,18.43,0.9499999999999993,77497.697113384,
